"","","","Year","Flow",""
"","","","2025","",""
"Reporter","Partner","Commodity","","Export","Import"
"ASEAN","  European Union [EU-27]","[847330] Machinery; parts and accessories (other than covers, carrying cases and the like) of the machines of heading no. 8471","3 384 040 932","3 222 056 496","161 984 437"
"","","[852351] Semiconductor media; solid-state non-volatile storage devices, whether or not recorded, excluding products of Chapter 37","1 909 746 445","1 798 740 013","111 006 432"
"","","[852352] Semiconductor media; smart cards,  whether or not recorded, excluding products of Chapter 37","107 869 201","59 566 183","48 303 018"
"","","[854231] Electronic integrated circuits; processors and controllers, whether or not combined with memories, converters, logic circuits, amplifiers, clock and timing circuits, or other circuits","17 582 978 712","9 239 416 157","8 343 562 555"
"","","[854232] Electronic integrated circuits; memories","1 173 565 085","1 012 647 753","160 917 333"
"","","[854233] Electronic integrated circuits; amplifiers","490 580 813","350 351 730","140 229 083"
"","","[854239] Electronic integrated circuits; n.e.c. in heading no. 8542","11 297 132 155","7 173 000 283","4 124 131 872"
"","","[854290] Parts of electronic integrated circuits","3 494 195 243","1 647 544 986","1 846 650 257"
""," ASEAN [00]","[847330] Machinery; parts and accessories (other than covers, carrying cases and the like) of the machines of heading no. 8471","12 251 621 813","6 107 538 258","6 144 083 555"
"","","[852351] Semiconductor media; solid-state non-volatile storage devices, whether or not recorded, excluding products of Chapter 37","4 651 866 228","1 857 241 160","2 794 625 068"
"","","[852352] Semiconductor media; smart cards,  whether or not recorded, excluding products of Chapter 37","181 414 649","99 213 891","82 200 758"
"","","[854231] Electronic integrated circuits; processors and controllers, whether or not combined with memories, converters, logic circuits, amplifiers, clock and timing circuits, or other circuits","56 156 100 446","38 216 496 568","17 939 603 878"
"","","[854232] Electronic integrated circuits; memories","16 051 322 099","8 537 951 637","7 513 370 462"
"","","[854233] Electronic integrated circuits; amplifiers","2 379 567 008","1 310 771 646","1 068 795 362"
"","","[854239] Electronic integrated circuits; n.e.c. in heading no. 8542","48 069 361 637","31 315 835 255","16 753 526 382"
"","","[854290] Parts of electronic integrated circuits","9 000 340 809","4 194 725 710","4 805 615 099"
""," Extra-ASEAN [88]","[847330] Machinery; parts and accessories (other than covers, carrying cases and the like) of the machines of heading no. 8471","64 967 603 507","40 617 379 888","24 350 223 619"
"","","[852351] Semiconductor media; solid-state non-volatile storage devices, whether or not recorded, excluding products of Chapter 37","18 075 513 825","14 702 443 653","3 373 070 172"
"","","[852352] Semiconductor media; smart cards,  whether or not recorded, excluding products of Chapter 37","716 064 630","340 644 958","375 419 672"
"","","[854231] Electronic integrated circuits; processors and controllers, whether or not combined with memories, converters, logic circuits, amplifiers, clock and timing circuits, or other circuits","251 009 894 564","123 745 810 578","127 264 083 986"
"","","[854232] Electronic integrated circuits; memories","52 145 758 416","21 891 885 420","30 253 872 996"
"","","[854233] Electronic integrated circuits; amplifiers","12 457 692 459","8 313 393 350","4 144 299 109"
"","","[854239] Electronic integrated circuits; n.e.c. in heading no. 8542","165 583 384 354","60 205 612 094","105 377 772 261"
"","","[854290] Parts of electronic integrated circuits","33 889 574 820","11 883 574 565","22 006 000 254"
""," WORLD [99]","[847330] Machinery; parts and accessories (other than covers, carrying cases and the like) of the machines of heading no. 8471","77 219 225 320","46 724 918 146","30 494 307 174"
"","","[852351] Semiconductor media; solid-state non-volatile storage devices, whether or not recorded, excluding products of Chapter 37","22 727 380 053","16 559 684 813","6 167 695 240"
"","","[852352] Semiconductor media; smart cards,  whether or not recorded, excluding products of Chapter 37","897 479 279","439 858 850","457 620 429"
"","","[854231] Electronic integrated circuits; processors and controllers, whether or not combined with memories, converters, logic circuits, amplifiers, clock and timing circuits, or other circuits","307 165 995 009","161 962 307 145","145 203 687 864"
"","","[854232] Electronic integrated circuits; memories","68 197 080 515","30 429 837 057","37 767 243 458"
"","","[854233] Electronic integrated circuits; amplifiers","14 837 259 467","9 624 164 996","5 213 094 471"
"","","[854239] Electronic integrated circuits; n.e.c. in heading no. 8542","213 652 745 991","91 521 447 349","122 131 298 642"
"","","[854290] Parts of electronic integrated circuits","42 889 915 629","16 078 300 275","26 811 615 353"
"","Afghanistan [AF]","[847330] Machinery; parts and accessories (other than covers, carrying cases and the like) of the machines of heading no. 8471","762","","762"
"","","[854231] Electronic integrated circuits; processors and controllers, whether or not combined with memories, converters, logic circuits, amplifiers, clock and timing circuits, or other circuits","738 073","738 073",""
"","","[854239] Electronic integrated circuits; n.e.c. in heading no. 8542","5 162","1 025","4 137"
"","Albania [AL]","[847330] Machinery; parts and accessories (other than covers, carrying cases and the like) of the machines of heading no. 8471","896","48","848"
"","","[852352] Semiconductor media; smart cards,  whether or not recorded, excluding products of Chapter 37","26 285","26 285",""
"","","[854231] Electronic integrated circuits; processors and controllers, whether or not combined with memories, converters, logic circuits, amplifiers, clock and timing circuits, or other circuits","24 280","","24 280"
"","","[854239] Electronic integrated circuits; n.e.c. in heading no. 8542","1 630","1 617","13"
"","","[854290] Parts of electronic integrated circuits","10","","10"
"","Algeria [DZ]","[847330] Machinery; parts and accessories (other than covers, carrying cases and the like) of the machines of heading no. 8471","20 530","20 530",""
"","","[852352] Semiconductor media; smart cards,  whether or not recorded, excluding products of Chapter 37","5","5",""
"","","[854231] Electronic integrated circuits; processors and controllers, whether or not combined with memories, converters, logic circuits, amplifiers, clock and timing circuits, or other circuits","1 907 468","1 890 715","16 753"
"","","[854232] Electronic integrated circuits; memories","114 255","109 189","5 066"
"","","[854233] Electronic integrated circuits; amplifiers","12 933","11 890","1 043"
"","","[854239] Electronic integrated circuits; n.e.c. in heading no. 8542","58 579","56 368","2 211"
"","American Samoa [AS]","[847330] Machinery; parts and accessories (other than covers, carrying cases and the like) of the machines of heading no. 8471","564","","564"
"","","[854231] Electronic integrated circuits; processors and controllers, whether or not combined with memories, converters, logic circuits, amplifiers, clock and timing circuits, or other circuits","4 641","","4 641"
"","Andorra [AD]","[847330] Machinery; parts and accessories (other than covers, carrying cases and the like) of the machines of heading no. 8471","895","","895"
"","","[852351] Semiconductor media; solid-state non-volatile storage devices, whether or not recorded, excluding products of Chapter 37","5 364","122","5 243"
"","","[854231] Electronic integrated circuits; processors and controllers, whether or not combined with memories, converters, logic circuits, amplifiers, clock and timing circuits, or other circuits","2 463 026","2 463 013","13"
"","","[854232] Electronic integrated circuits; memories","466","","466"
"","","[854239] Electronic integrated circuits; n.e.c. in heading no. 8542","2 158 978","2 099 272","59 706"
"","","[854290] Parts of electronic integrated circuits","123 681","","123 681"
"","Angola [AO]","[847330] Machinery; parts and accessories (other than covers, carrying cases and the like) of the machines of heading no. 8471","30 591","29 057","1 534"
"","","[852351] Semiconductor media; solid-state non-volatile storage devices, whether or not recorded, excluding products of Chapter 37","185 774","185 774",""
"","","[854231] Electronic integrated circuits; processors and controllers, whether or not combined with memories, converters, logic circuits, amplifiers, clock and timing circuits, or other circuits","15 973","15 973",""
"","","[854233] Electronic integrated circuits; amplifiers","7 665","7 665",""
"","","[854239] Electronic integrated circuits; n.e.c. in heading no. 8542","5 502","5 502",""
"","Anguilla [AI]","[852352] Semiconductor media; smart cards,  whether or not recorded, excluding products of Chapter 37","281","","281"
"","","[854231] Electronic integrated circuits; processors and controllers, whether or not combined with memories, converters, logic circuits, amplifiers, clock and timing circuits, or other circuits","1 142","","1 142"
"","Argentina [AR]","[847330] Machinery; parts and accessories (other than covers, carrying cases and the like) of the machines of heading no. 8471","5 272 630","5 215 102","57 528"
"","","[852351] Semiconductor media; solid-state non-volatile storage devices, whether or not recorded, excluding products of Chapter 37","20 315","19 567","748"
"","","[852352] Semiconductor media; smart cards,  whether or not recorded, excluding products of Chapter 37","295 019","294 850","169"
"","","[854231] Electronic integrated circuits; processors and controllers, whether or not combined with memories, converters, logic circuits, amplifiers, clock and timing circuits, or other circuits","12 649 925","12 649 925",""
"","","[854232] Electronic integrated circuits; memories","946 665","946 665",""
"","","[854233] Electronic integrated circuits; amplifiers","379 932","379 932",""
"","","[854239] Electronic integrated circuits; n.e.c. in heading no. 8542","2 250 501","2 250 501",""
"","","[854290] Parts of electronic integrated circuits","1 203","1 022","181"
"","Armenia [AM]","[847330] Machinery; parts and accessories (other than covers, carrying cases and the like) of the machines of heading no. 8471","690","690",""
"","","[852351] Semiconductor media; solid-state non-volatile storage devices, whether or not recorded, excluding products of Chapter 37","744","744",""
"","","[852352] Semiconductor media; smart cards,  whether or not recorded, excluding products of Chapter 37","88 000","88 000",""
"","","[854231] Electronic integrated circuits; processors and controllers, whether or not combined with memories, converters, logic circuits, amplifiers, clock and timing circuits, or other circuits","162","","162"
"","","[854239] Electronic integrated circuits; n.e.c. in heading no. 8542","48 556","48 556",""
"","","[854290] Parts of electronic integrated circuits","41 491","41 491",""
"","Aruba [AW]","[847330] Machinery; parts and accessories (other than covers, carrying cases and the like) of the machines of heading no. 8471","9 156","9 156",""
"","","[852351] Semiconductor media; solid-state non-volatile storage devices, whether or not recorded, excluding products of Chapter 37","211 067","211 067",""
"","Australia [AU]","[847330] Machinery; parts and accessories (other than covers, carrying cases and the like) of the machines of heading no. 8471","126 656 118","123 149 590","3 506 528"
"","","[852351] Semiconductor media; solid-state non-volatile storage devices, whether or not recorded, excluding products of Chapter 37","47 577 289","46 467 996","1 109 293"
"","","[852352] Semiconductor media; smart cards,  whether or not recorded, excluding products of Chapter 37","3 232 095","1 849 076","1 383 019"
"","","[854231] Electronic integrated circuits; processors and controllers, whether or not combined with memories, converters, logic circuits, amplifiers, clock and timing circuits, or other circuits","134 111 115","132 608 766","1 502 349"
"","","[854232] Electronic integrated circuits; memories","31 122 176","30 460 947","661 229"
"","","[854233] Electronic integrated circuits; amplifiers","5 419 968","4 738 562","681 406"
"","","[854239] Electronic integrated circuits; n.e.c. in heading no. 8542","60 545 964","53 025 105","7 520 859"
"","","[854290] Parts of electronic integrated circuits","15 323 761","11 889 490","3 434 272"
"","Austria [AT]","[847330] Machinery; parts and accessories (other than covers, carrying cases and the like) of the machines of heading no. 8471","22 808 486","20 998 669","1 809 816"
"","","[852351] Semiconductor media; solid-state non-volatile storage devices, whether or not recorded, excluding products of Chapter 37","104 155 657","103 497 655","658 001"
"","","[852352] Semiconductor media; smart cards,  whether or not recorded, excluding products of Chapter 37","46 066","5 024","41 042"
"","","[854231] Electronic integrated circuits; processors and controllers, whether or not combined with memories, converters, logic circuits, amplifiers, clock and timing circuits, or other circuits","155 033 996","111 455 413","43 578 583"
"","","[854232] Electronic integrated circuits; memories","4 419 757","3 642 602","777 155"
"","","[854233] Electronic integrated circuits; amplifiers","1 054 872","739 426","315 446"
"","","[854239] Electronic integrated circuits; n.e.c. in heading no. 8542","589 714 797","174 986 428","414 728 369"
"","","[854290] Parts of electronic integrated circuits","50 539 619","9 858 850","40 680 769"
"","Azerbaijan [AZ]","[847330] Machinery; parts and accessories (other than covers, carrying cases and the like) of the machines of heading no. 8471","21 580","21 580",""
"","","[852351] Semiconductor media; solid-state non-volatile storage devices, whether or not recorded, excluding products of Chapter 37","216 717","216 717",""
"","","[854239] Electronic integrated circuits; n.e.c. in heading no. 8542","1 050","1 050",""
"","","[854290] Parts of electronic integrated circuits","859","859",""
"","Bahamas [BS]","[852352] Semiconductor media; smart cards,  whether or not recorded, excluding products of Chapter 37","126","","126"
"","Bahrain [BH]","[847330] Machinery; parts and accessories (other than covers, carrying cases and the like) of the machines of heading no. 8471","23 586","18 093","5 493"
"","","[852351] Semiconductor media; solid-state non-volatile storage devices, whether or not recorded, excluding products of Chapter 37","9 888","1 879","8 008"
"","","[852352] Semiconductor media; smart cards,  whether or not recorded, excluding products of Chapter 37","2 605","1 780","826"
"","","[854231] Electronic integrated circuits; processors and controllers, whether or not combined with memories, converters, logic circuits, amplifiers, clock and timing circuits, or other circuits","23 859","23 859",""
"","","[854232] Electronic integrated circuits; memories","549","549",""
"","","[854233] Electronic integrated circuits; amplifiers","678","678",""
"","","[854239] Electronic integrated circuits; n.e.c. in heading no. 8542","3 732","3 732",""
"","","[854290] Parts of electronic integrated circuits","83 023","83 023",""
"","Bangladesh [BD]","[847330] Machinery; parts and accessories (other than covers, carrying cases and the like) of the machines of heading no. 8471","8 660 291","8 429 400","230 890"
"","","[852351] Semiconductor media; solid-state non-volatile storage devices, whether or not recorded, excluding products of Chapter 37","279 649","265 962","13 687"
"","","[852352] Semiconductor media; smart cards,  whether or not recorded, excluding products of Chapter 37","4 120 090","4 047 870","72 221"
"","","[854231] Electronic integrated circuits; processors and controllers, whether or not combined with memories, converters, logic circuits, amplifiers, clock and timing circuits, or other circuits","1 067 652","1 019 341","48 311"
"","","[854232] Electronic integrated circuits; memories","19 269","7 437","11 832"
"","","[854233] Electronic integrated circuits; amplifiers","15 201","15 201",""
"","","[854239] Electronic integrated circuits; n.e.c. in heading no. 8542","868 021","867 701","319"
"","","[854290] Parts of electronic integrated circuits","631 140","192 228","438 912"
"","Belarus [BY]","[847330] Machinery; parts and accessories (other than covers, carrying cases and the like) of the machines of heading no. 8471","154","","154"
"","","[854231] Electronic integrated circuits; processors and controllers, whether or not combined with memories, converters, logic circuits, amplifiers, clock and timing circuits, or other circuits","1 284","","1 284"
"","","[854239] Electronic integrated circuits; n.e.c. in heading no. 8542","9","","9"
"","","[854290] Parts of electronic integrated circuits","82","","82"
"","Belgium [BE]","[847330] Machinery; parts and accessories (other than covers, carrying cases and the like) of the machines of heading no. 8471","6 685 195","2 577 771","4 107 424"
"","","[852351] Semiconductor media; solid-state non-volatile storage devices, whether or not recorded, excluding products of Chapter 37","9 367 552","9 291 946","75 607"
"","","[852352] Semiconductor media; smart cards,  whether or not recorded, excluding products of Chapter 37","9 822 324","9 655 623","166 700"
"","","[854231] Electronic integrated circuits; processors and controllers, whether or not combined with memories, converters, logic circuits, amplifiers, clock and timing circuits, or other circuits","193 824 148","188 059 252","5 764 896"
"","","[854232] Electronic integrated circuits; memories","3 366 835","3 040 084","326 751"
"","","[854233] Electronic integrated circuits; amplifiers","60 564","46 618","13 946"
"","","[854239] Electronic integrated circuits; n.e.c. in heading no. 8542","106 835 181","91 722 711","15 112 470"
"","","[854290] Parts of electronic integrated circuits","122 408 885","16 464 872","105 944 013"
"","Belize [BZ]","[852351] Semiconductor media; solid-state non-volatile storage devices, whether or not recorded, excluding products of Chapter 37","124","","124"
"","Benin [BJ]","[852351] Semiconductor media; solid-state non-volatile storage devices, whether or not recorded, excluding products of Chapter 37","4 050","4 050",""
"","","[852352] Semiconductor media; smart cards,  whether or not recorded, excluding products of Chapter 37","180 000","180 000",""
"","Bermuda [BM]","[847330] Machinery; parts and accessories (other than covers, carrying cases and the like) of the machines of heading no. 8471","79","79",""
"","","[852352] Semiconductor media; smart cards,  whether or not recorded, excluding products of Chapter 37","90","","90"
"","Bhutan [BT]","[847330] Machinery; parts and accessories (other than covers, carrying cases and the like) of the machines of heading no. 8471","267 112","266 645","467"
"","","[852351] Semiconductor media; solid-state non-volatile storage devices, whether or not recorded, excluding products of Chapter 37","7 824","7 824",""
"","","[854231] Electronic integrated circuits; processors and controllers, whether or not combined with memories, converters, logic circuits, amplifiers, clock and timing circuits, or other circuits","4 566","4 566",""
"","","[854239] Electronic integrated circuits; n.e.c. in heading no. 8542","123","","123"
"","Bolivia [BO]","[852351] Semiconductor media; solid-state non-volatile storage devices, whether or not recorded, excluding products of Chapter 37","818","818",""
"","","[852352] Semiconductor media; smart cards,  whether or not recorded, excluding products of Chapter 37","92 500","92 500",""
"","","[854231] Electronic integrated circuits; processors and controllers, whether or not combined with memories, converters, logic circuits, amplifiers, clock and timing circuits, or other circuits","659","659",""
"","","[854232] Electronic integrated circuits; memories","1 294","1 294",""
"","","[854239] Electronic integrated circuits; n.e.c. in heading no. 8542","4 540","4 540",""
"","","[854290] Parts of electronic integrated circuits","17 532","17 532",""
"","Bosnia and Herzegovina [BA]","[847330] Machinery; parts and accessories (other than covers, carrying cases and the like) of the machines of heading no. 8471","6 171","6 171",""
"","","[852351] Semiconductor media; solid-state non-volatile storage devices, whether or not recorded, excluding products of Chapter 37","119","","119"
"","","[852352] Semiconductor media; smart cards,  whether or not recorded, excluding products of Chapter 37","38","3","35"
"","","[854239] Electronic integrated circuits; n.e.c. in heading no. 8542","68 500","66 173","2 327"
"","","[854290] Parts of electronic integrated circuits","9 327","9 267","60"
"","Botswana [BW]","[854239] Electronic integrated circuits; n.e.c. in heading no. 8542","93 879","93 879",""
"","Brazil [BR]","[847330] Machinery; parts and accessories (other than covers, carrying cases and the like) of the machines of heading no. 8471","79 657 488","79 471 687","185 801"
"","","[852351] Semiconductor media; solid-state non-volatile storage devices, whether or not recorded, excluding products of Chapter 37","15 195 807","15 155 737","40 069"
"","","[852352] Semiconductor media; smart cards,  whether or not recorded, excluding products of Chapter 37","1 236 630","1 232 778","3 852"
"","","[854231] Electronic integrated circuits; processors and controllers, whether or not combined with memories, converters, logic circuits, amplifiers, clock and timing circuits, or other circuits","240 083 047","239 532 339","550 708"
"","","[854232] Electronic integrated circuits; memories","12 731 302","12 241 856","489 445"
"","","[854233] Electronic integrated circuits; amplifiers","3 254 637","3 238 353","16 284"
"","","[854239] Electronic integrated circuits; n.e.c. in heading no. 8542","114 051 319","113 267 160","784 159"
"","","[854290] Parts of electronic integrated circuits","18 421 957","18 407 461","14 496"
"","British Indian Ocean Territory [IO]","[847330] Machinery; parts and accessories (other than covers, carrying cases and the like) of the machines of heading no. 8471","398","398",""
"","Brunei Darussalam [BN]","[847330] Machinery; parts and accessories (other than covers, carrying cases and the like) of the machines of heading no. 8471","2 918 984","2 892 052","26 932"
"","","[852351] Semiconductor media; solid-state non-volatile storage devices, whether or not recorded, excluding products of Chapter 37","137 869","134 990","2 879"
"","","[852352] Semiconductor media; smart cards,  whether or not recorded, excluding products of Chapter 37","805 729","805 367","362"
"","","[854231] Electronic integrated circuits; processors and controllers, whether or not combined with memories, converters, logic circuits, amplifiers, clock and timing circuits, or other circuits","399 219","398 766","453"
"","","[854232] Electronic integrated circuits; memories","3 683","3 683",""
"","","[854233] Electronic integrated circuits; amplifiers","1 388","1 388",""
"","","[854239] Electronic integrated circuits; n.e.c. in heading no. 8542","132 957","123 689","9 268"
"","","[854290] Parts of electronic integrated circuits","299 058","299 058",""
"","Bulgaria [BG]","[847330] Machinery; parts and accessories (other than covers, carrying cases and the like) of the machines of heading no. 8471","321 885","189 711","132 174"
"","","[852351] Semiconductor media; solid-state non-volatile storage devices, whether or not recorded, excluding products of Chapter 37","43 298","43 028","270"
"","","[852352] Semiconductor media; smart cards,  whether or not recorded, excluding products of Chapter 37","76 937","67 464","9 473"
"","","[854231] Electronic integrated circuits; processors and controllers, whether or not combined with memories, converters, logic circuits, amplifiers, clock and timing circuits, or other circuits","79 621 449","78 456 304","1 165 145"
"","","[854232] Electronic integrated circuits; memories","6 979","6 979",""
"","","[854233] Electronic integrated circuits; amplifiers","103 794","103 794",""
"","","[854239] Electronic integrated circuits; n.e.c. in heading no. 8542","75 350 335","66 912 864","8 437 471"
"","","[854290] Parts of electronic integrated circuits","1 654 264","15 160","1 639 104"
"","Burkina Faso [BF]","[847330] Machinery; parts and accessories (other than covers, carrying cases and the like) of the machines of heading no. 8471","3 898","","3 898"
"","","[852351] Semiconductor media; solid-state non-volatile storage devices, whether or not recorded, excluding products of Chapter 37","1 135","1 135",""
"","","[854231] Electronic integrated circuits; processors and controllers, whether or not combined with memories, converters, logic circuits, amplifiers, clock and timing circuits, or other circuits","1 232","","1 232"
"","","[854239] Electronic integrated circuits; n.e.c. in heading no. 8542","298 623","298 623",""
"","Burundi [BI]","[852351] Semiconductor media; solid-state non-volatile storage devices, whether or not recorded, excluding products of Chapter 37","1 742","1 742",""
"","Cambodia [KH]","[847330] Machinery; parts and accessories (other than covers, carrying cases and the like) of the machines of heading no. 8471","1 629 354","1 542 776","86 578"
"","","[852351] Semiconductor media; solid-state non-volatile storage devices, whether or not recorded, excluding products of Chapter 37","373 639","373 151","489"
"","","[852352] Semiconductor media; smart cards,  whether or not recorded, excluding products of Chapter 37","21 591 066","21 516 173","74 894"
"","","[854231] Electronic integrated circuits; processors and controllers, whether or not combined with memories, converters, logic circuits, amplifiers, clock and timing circuits, or other circuits","5 930 210","5 928 174","2 036"
"","","[854232] Electronic integrated circuits; memories","39 570","39 570",""
"","","[854233] Electronic integrated circuits; amplifiers","29 100","29 010","90"
"","","[854239] Electronic integrated circuits; n.e.c. in heading no. 8542","52 218 059","50 945 788","1 272 271"
"","","[854290] Parts of electronic integrated circuits","111 133","107 630","3 503"
"","Cameroon [CM]","[847330] Machinery; parts and accessories (other than covers, carrying cases and the like) of the machines of heading no. 8471","45 905","12 203","33 702"
"","","[852351] Semiconductor media; solid-state non-volatile storage devices, whether or not recorded, excluding products of Chapter 37","8 073","7 844","229"
"","","[854231] Electronic integrated circuits; processors and controllers, whether or not combined with memories, converters, logic circuits, amplifiers, clock and timing circuits, or other circuits","618 907","502 108","116 799"
"","","[854232] Electronic integrated circuits; memories","7 334","","7 334"
"","","[854239] Electronic integrated circuits; n.e.c. in heading no. 8542","17 144","","17 144"
"","","[854290] Parts of electronic integrated circuits","753","","753"
"","Canada [CA]","[847330] Machinery; parts and accessories (other than covers, carrying cases and the like) of the machines of heading no. 8471","67 934 313","37 695 859","30 238 454"
"","","[852351] Semiconductor media; solid-state non-volatile storage devices, whether or not recorded, excluding products of Chapter 37","68 636 620","66 888 970","1 747 650"
"","","[852352] Semiconductor media; smart cards,  whether or not recorded, excluding products of Chapter 37","1 294 600","1 153 366","141 235"
"","","[854231] Electronic integrated circuits; processors and controllers, whether or not combined with memories, converters, logic circuits, amplifiers, clock and timing circuits, or other circuits","461 001 761","69 391 548","391 610 213"
"","","[854232] Electronic integrated circuits; memories","29 109 175","29 037 013","72 162"
"","","[854233] Electronic integrated circuits; amplifiers","7 570 371","7 486 267","84 103"
"","","[854239] Electronic integrated circuits; n.e.c. in heading no. 8542","152 229 181","130 359 564","21 869 617"
"","","[854290] Parts of electronic integrated circuits","20 571 918","5 764 294","14 807 623"
"","Cape-Verde [CV]","[847330] Machinery; parts and accessories (other than covers, carrying cases and the like) of the machines of heading no. 8471","1 803","","1 803"
"","Cayman Islands [KY]","[847330] Machinery; parts and accessories (other than covers, carrying cases and the like) of the machines of heading no. 8471","1 503","1 503",""
"","","[852352] Semiconductor media; smart cards,  whether or not recorded, excluding products of Chapter 37","13","","13"
"","","[854233] Electronic integrated circuits; amplifiers","39","","39"
"","","[854239] Electronic integrated circuits; n.e.c. in heading no. 8542","119 832","1 746","118 086"
"","Chad [TD]","[847330] Machinery; parts and accessories (other than covers, carrying cases and the like) of the machines of heading no. 8471","12","","12"
"","","[854231] Electronic integrated circuits; processors and controllers, whether or not combined with memories, converters, logic circuits, amplifiers, clock and timing circuits, or other circuits","1 758 750","1 758 750",""
"","Chile [CL]","[847330] Machinery; parts and accessories (other than covers, carrying cases and the like) of the machines of heading no. 8471","1 462 694","1 450 777","11 917"
"","","[852351] Semiconductor media; solid-state non-volatile storage devices, whether or not recorded, excluding products of Chapter 37","1 872 361","1 871 615","746"
"","","[852352] Semiconductor media; smart cards,  whether or not recorded, excluding products of Chapter 37","7 506","1 638","5 868"
"","","[854231] Electronic integrated circuits; processors and controllers, whether or not combined with memories, converters, logic circuits, amplifiers, clock and timing circuits, or other circuits","494 931","449 688","45 243"
"","","[854232] Electronic integrated circuits; memories","1 545 586","1 545 586",""
"","","[854239] Electronic integrated circuits; n.e.c. in heading no. 8542","45 156","28 915","16 240"
"","","[854290] Parts of electronic integrated circuits","1 112","1 112",""
"","China (People's Republic of) [CN]","[847330] Machinery; parts and accessories (other than covers, carrying cases and the like) of the machines of heading no. 8471","15 778 498 149","8 034 363 319","7 744 134 830"
"","","[852351] Semiconductor media; solid-state non-volatile storage devices, whether or not recorded, excluding products of Chapter 37","4 335 048 354","3 392 589 156","942 459 198"
"","","[852352] Semiconductor media; smart cards,  whether or not recorded, excluding products of Chapter 37","268 506 605","24 977 962","243 528 643"
"","","[854231] Electronic integrated circuits; processors and controllers, whether or not combined with memories, converters, logic circuits, amplifiers, clock and timing circuits, or other circuits","40 052 099 699","27 786 386 547","12 265 713 152"
"","","[854232] Electronic integrated circuits; memories","11 502 809 488","2 170 479 745","9 332 329 744"
"","","[854233] Electronic integrated circuits; amplifiers","1 911 682 196","1 128 735 587","782 946 609"
"","","[854239] Electronic integrated circuits; n.e.c. in heading no. 8542","35 955 515 922","10 007 495 274","25 948 020 648"
"","","[854290] Parts of electronic integrated circuits","4 628 335 938","1 893 939 245","2 734 396 693"
"","Christmas Islands [CX]","[847330] Machinery; parts and accessories (other than covers, carrying cases and the like) of the machines of heading no. 8471","297","","297"
"","Cocos Islands (or Keeling Islands) [CC]","[854231] Electronic integrated circuits; processors and controllers, whether or not combined with memories, converters, logic circuits, amplifiers, clock and timing circuits, or other circuits","10 903","","10 903"
"","","[854232] Electronic integrated circuits; memories","4 008","","4 008"
"","","[854239] Electronic integrated circuits; n.e.c. in heading no. 8542","3 393","","3 393"
"","Colombia [CO]","[847330] Machinery; parts and accessories (other than covers, carrying cases and the like) of the machines of heading no. 8471","188 922","55 972","132 949"
"","","[852351] Semiconductor media; solid-state non-volatile storage devices, whether or not recorded, excluding products of Chapter 37","416 462","359 570","56 892"
"","","[852352] Semiconductor media; smart cards,  whether or not recorded, excluding products of Chapter 37","2 163 927","2 163 773","154"
"","","[854231] Electronic integrated circuits; processors and controllers, whether or not combined with memories, converters, logic circuits, amplifiers, clock and timing circuits, or other circuits","1 670 654","1 554 545","116 109"
"","","[854232] Electronic integrated circuits; memories","421 920","","421 920"
"","","[854239] Electronic integrated circuits; n.e.c. in heading no. 8542","508 328","506 892","1 436"
"","","[854290] Parts of electronic integrated circuits","10 556","10 248","308"
"","Congo (Dem. Rep. of) [CD]","[852351] Semiconductor media; solid-state non-volatile storage devices, whether or not recorded, excluding products of Chapter 37","352","352",""
"","","[852352] Semiconductor media; smart cards,  whether or not recorded, excluding products of Chapter 37","13","","13"
"","Congo [CG]","[847330] Machinery; parts and accessories (other than covers, carrying cases and the like) of the machines of heading no. 8471","2 221","2 221",""
"","Cook Islands [CK]","[852352] Semiconductor media; smart cards,  whether or not recorded, excluding products of Chapter 37","12","","12"
"","","[854231] Electronic integrated circuits; processors and controllers, whether or not combined with memories, converters, logic circuits, amplifiers, clock and timing circuits, or other circuits","812","","812"
"","","[854239] Electronic integrated circuits; n.e.c. in heading no. 8542","397","","397"
"","","[854290] Parts of electronic integrated circuits","106","106",""
"","Costa Rica [CR]","[847330] Machinery; parts and accessories (other than covers, carrying cases and the like) of the machines of heading no. 8471","15 264 276","8 696 924","6 567 352"
"","","[852351] Semiconductor media; solid-state non-volatile storage devices, whether or not recorded, excluding products of Chapter 37","43 222","5 021","38 201"
"","","[852352] Semiconductor media; smart cards,  whether or not recorded, excluding products of Chapter 37","5 760","4 054","1 705"
"","","[854231] Electronic integrated circuits; processors and controllers, whether or not combined with memories, converters, logic circuits, amplifiers, clock and timing circuits, or other circuits","4 094 822 588","591 627 486","3 503 195 102"
"","","[854232] Electronic integrated circuits; memories","316 899","264 544","52 356"
"","","[854233] Electronic integrated circuits; amplifiers","85 439","78 660","6 779"
"","","[854239] Electronic integrated circuits; n.e.c. in heading no. 8542","38 500 507","22 281 395","16 219 112"
"","","[854290] Parts of electronic integrated circuits","44 969 924","38 800 973","6 168 950"
"","Côte d'Ivoire [CI]","[847330] Machinery; parts and accessories (other than covers, carrying cases and the like) of the machines of heading no. 8471","10 522","10 522",""
"","","[852351] Semiconductor media; solid-state non-volatile storage devices, whether or not recorded, excluding products of Chapter 37","297","297",""
"","","[852352] Semiconductor media; smart cards,  whether or not recorded, excluding products of Chapter 37","270 171","270 000","171"
"","","[854231] Electronic integrated circuits; processors and controllers, whether or not combined with memories, converters, logic circuits, amplifiers, clock and timing circuits, or other circuits","33 419","33 419",""
"","","[854239] Electronic integrated circuits; n.e.c. in heading no. 8542","7 632","7 632",""
"","","[854290] Parts of electronic integrated circuits","4 786","4 786",""
"","Countries and territories not specified [QU]","[854290] Parts of electronic integrated circuits","41","41",""
"","Croatia [HR]","[847330] Machinery; parts and accessories (other than covers, carrying cases and the like) of the machines of heading no. 8471","117 196","25 980","91 216"
"","","[852351] Semiconductor media; solid-state non-volatile storage devices, whether or not recorded, excluding products of Chapter 37","1 229","","1 229"
"","","[852352] Semiconductor media; smart cards,  whether or not recorded, excluding products of Chapter 37","58 675","58 387","288"
"","","[854231] Electronic integrated circuits; processors and controllers, whether or not combined with memories, converters, logic circuits, amplifiers, clock and timing circuits, or other circuits","476 380","39 834","436 546"
"","","[854232] Electronic integrated circuits; memories","883","786","97"
"","","[854233] Electronic integrated circuits; amplifiers","1 697","1 697",""
"","","[854239] Electronic integrated circuits; n.e.c. in heading no. 8542","647 502","366 223","281 279"
"","","[854290] Parts of electronic integrated circuits","100 144","8 109","92 035"
"","Cuba [CU]","[854231] Electronic integrated circuits; processors and controllers, whether or not combined with memories, converters, logic circuits, amplifiers, clock and timing circuits, or other circuits","2 397","","2 397"
"","Cyprus [CY]","[847330] Machinery; parts and accessories (other than covers, carrying cases and the like) of the machines of heading no. 8471","1 154 092","58 156","1 095 935"
"","","[852351] Semiconductor media; solid-state non-volatile storage devices, whether or not recorded, excluding products of Chapter 37","172","60","112"
"","","[852352] Semiconductor media; smart cards,  whether or not recorded, excluding products of Chapter 37","132","2","130"
"","","[854231] Electronic integrated circuits; processors and controllers, whether or not combined with memories, converters, logic circuits, amplifiers, clock and timing circuits, or other circuits","462","","462"
"","","[854239] Electronic integrated circuits; n.e.c. in heading no. 8542","10 320","3 093","7 227"
"","","[854290] Parts of electronic integrated circuits","18 320","18 062","258"
"","Czech Republic [CZ]","[847330] Machinery; parts and accessories (other than covers, carrying cases and the like) of the machines of heading no. 8471","604 282 943","593 517 597","10 765 347"
"","","[852351] Semiconductor media; solid-state non-volatile storage devices, whether or not recorded, excluding products of Chapter 37","222 385 475","214 532 252","7 853 223"
"","","[852352] Semiconductor media; smart cards,  whether or not recorded, excluding products of Chapter 37","11 080 315","10 554 077","526 238"
"","","[854231] Electronic integrated circuits; processors and controllers, whether or not combined with memories, converters, logic circuits, amplifiers, clock and timing circuits, or other circuits","686 577 365","651 335 627","35 241 738"
"","","[854232] Electronic integrated circuits; memories","32 887 518","30 036 208","2 851 310"
"","","[854233] Electronic integrated circuits; amplifiers","5 626 939","5 555 780","71 160"
"","","[854239] Electronic integrated circuits; n.e.c. in heading no. 8542","68 975 817","10 593 638","58 382 179"
"","","[854290] Parts of electronic integrated circuits","152 613 871","132 786 820","19 827 051"
"","Denmark [DK]","[847330] Machinery; parts and accessories (other than covers, carrying cases and the like) of the machines of heading no. 8471","5 442 509","4 370 370","1 072 139"
"","","[852351] Semiconductor media; solid-state non-volatile storage devices, whether or not recorded, excluding products of Chapter 37","203 888","25 133","178 756"
"","","[852352] Semiconductor media; smart cards,  whether or not recorded, excluding products of Chapter 37","87 780","49 033","38 747"
"","","[854231] Electronic integrated circuits; processors and controllers, whether or not combined with memories, converters, logic circuits, amplifiers, clock and timing circuits, or other circuits","5 958 943","5 554 322","404 620"
"","","[854232] Electronic integrated circuits; memories","101 372","40 604","60 768"
"","","[854233] Electronic integrated circuits; amplifiers","2 567 494","427 266","2 140 229"
"","","[854239] Electronic integrated circuits; n.e.c. in heading no. 8542","29 663 183","7 565 185","22 097 998"
"","","[854290] Parts of electronic integrated circuits","2 643 519","1 878 555","764 964"
"","Djibouti [DJ]","[852351] Semiconductor media; solid-state non-volatile storage devices, whether or not recorded, excluding products of Chapter 37","9 082","9 082",""
"","","[852352] Semiconductor media; smart cards,  whether or not recorded, excluding products of Chapter 37","3 367","3 367",""
"","","[854239] Electronic integrated circuits; n.e.c. in heading no. 8542","296","296",""
"","","[854290] Parts of electronic integrated circuits","8","8",""
"","Dominica [DM]","[854231] Electronic integrated circuits; processors and controllers, whether or not combined with memories, converters, logic circuits, amplifiers, clock and timing circuits, or other circuits","13 824","23","13 801"
"","","[854239] Electronic integrated circuits; n.e.c. in heading no. 8542","432 960","","432 960"
"","Dominican Republic [DO]","[847330] Machinery; parts and accessories (other than covers, carrying cases and the like) of the machines of heading no. 8471","657 545","657 545",""
"","","[852351] Semiconductor media; solid-state non-volatile storage devices, whether or not recorded, excluding products of Chapter 37","5 588","5 588",""
"","","[852352] Semiconductor media; smart cards,  whether or not recorded, excluding products of Chapter 37","30 527","15 188","15 339"
"","","[854231] Electronic integrated circuits; processors and controllers, whether or not combined with memories, converters, logic circuits, amplifiers, clock and timing circuits, or other circuits","5 889 658","176 935","5 712 723"
"","","[854233] Electronic integrated circuits; amplifiers","449 146","449 146",""
"","","[854239] Electronic integrated circuits; n.e.c. in heading no. 8542","1 221 975","1 219 664","2 311"
"","","[854290] Parts of electronic integrated circuits","44 689","","44 689"
"","Ecuador [EC]","[847330] Machinery; parts and accessories (other than covers, carrying cases and the like) of the machines of heading no. 8471","112 830","112 670","160"
"","","[852352] Semiconductor media; smart cards,  whether or not recorded, excluding products of Chapter 37","259","","259"
"","","[854231] Electronic integrated circuits; processors and controllers, whether or not combined with memories, converters, logic circuits, amplifiers, clock and timing circuits, or other circuits","4 297 826","4 297 826",""
"","","[854232] Electronic integrated circuits; memories","116 368","116 368",""
"","","[854233] Electronic integrated circuits; amplifiers","17 608","17 608",""
"","","[854239] Electronic integrated circuits; n.e.c. in heading no. 8542","200 884","200 884",""
"","","[854290] Parts of electronic integrated circuits","9 788","9 788",""
"","Egypt [EG]","[847330] Machinery; parts and accessories (other than covers, carrying cases and the like) of the machines of heading no. 8471","407 846","356 443","51 403"
"","","[852351] Semiconductor media; solid-state non-volatile storage devices, whether or not recorded, excluding products of Chapter 37","65 038","64 610","428"
"","","[852352] Semiconductor media; smart cards,  whether or not recorded, excluding products of Chapter 37","72 653","50 221","22 432"
"","","[854231] Electronic integrated circuits; processors and controllers, whether or not combined with memories, converters, logic circuits, amplifiers, clock and timing circuits, or other circuits","22 178 923","22 135 818","43 106"
"","","[854232] Electronic integrated circuits; memories","3 687 428","3 103 453","583 976"
"","","[854233] Electronic integrated circuits; amplifiers","407 646","401 923","5 723"
"","","[854239] Electronic integrated circuits; n.e.c. in heading no. 8542","5 281 930","5 190 911","91 019"
"","","[854290] Parts of electronic integrated circuits","6 656","6 656",""
"","El Salvador [SV]","[847330] Machinery; parts and accessories (other than covers, carrying cases and the like) of the machines of heading no. 8471","225","","225"
"","","[852351] Semiconductor media; solid-state non-volatile storage devices, whether or not recorded, excluding products of Chapter 37","3 572","3 572",""
"","","[852352] Semiconductor media; smart cards,  whether or not recorded, excluding products of Chapter 37","200","","200"
"","","[854231] Electronic integrated circuits; processors and controllers, whether or not combined with memories, converters, logic circuits, amplifiers, clock and timing circuits, or other circuits","32 734","22 539","10 195"
"","","[854239] Electronic integrated circuits; n.e.c. in heading no. 8542","60 302","","60 302"
"","","[854290] Parts of electronic integrated circuits","1 281 047","","1 281 047"
"","Equatorial Guinea [GQ]","[852352] Semiconductor media; smart cards,  whether or not recorded, excluding products of Chapter 37","11","11",""
"","","[854231] Electronic integrated circuits; processors and controllers, whether or not combined with memories, converters, logic circuits, amplifiers, clock and timing circuits, or other circuits","6 450","6 450",""
"","Estonia [EE]","[847330] Machinery; parts and accessories (other than covers, carrying cases and the like) of the machines of heading no. 8471","1 634 045","1 572 995","61 050"
"","","[852351] Semiconductor media; solid-state non-volatile storage devices, whether or not recorded, excluding products of Chapter 37","104 586","91 568","13 018"
"","","[852352] Semiconductor media; smart cards,  whether or not recorded, excluding products of Chapter 37","2 277","2 259","18"
"","","[854231] Electronic integrated circuits; processors and controllers, whether or not combined with memories, converters, logic circuits, amplifiers, clock and timing circuits, or other circuits","560 863","517 713","43 150"
"","","[854232] Electronic integrated circuits; memories","1 126","","1 126"
"","","[854233] Electronic integrated circuits; amplifiers","62 302","48 616","13 686"
"","","[854239] Electronic integrated circuits; n.e.c. in heading no. 8542","11 264 250","11 177 725","86 525"
"","","[854290] Parts of electronic integrated circuits","11 126","11 126",""
"","Ethiopia [ET]","[847330] Machinery; parts and accessories (other than covers, carrying cases and the like) of the machines of heading no. 8471","147 909","147 892","17"
"","","[852351] Semiconductor media; solid-state non-volatile storage devices, whether or not recorded, excluding products of Chapter 37","9 768","9 768",""
"","","[852352] Semiconductor media; smart cards,  whether or not recorded, excluding products of Chapter 37","7","","7"
"","","[854231] Electronic integrated circuits; processors and controllers, whether or not combined with memories, converters, logic circuits, amplifiers, clock and timing circuits, or other circuits","120","1","119"
"","","[854239] Electronic integrated circuits; n.e.c. in heading no. 8542","19 939","19 939",""
"","","[854290] Parts of electronic integrated circuits","1 529","1 529",""
"","Eurasian Economic Union [EAEU]","[847330] Machinery; parts and accessories (other than covers, carrying cases and the like) of the machines of heading no. 8471","11 592 827","11 580 092","12 735"
"","","[852351] Semiconductor media; solid-state non-volatile storage devices, whether or not recorded, excluding products of Chapter 37","9 804 800","9 804 714","86"
"","","[852352] Semiconductor media; smart cards,  whether or not recorded, excluding products of Chapter 37","357 223","356 548","675"
"","","[854231] Electronic integrated circuits; processors and controllers, whether or not combined with memories, converters, logic circuits, amplifiers, clock and timing circuits, or other circuits","1 261 321","562 363","698 958"
"","","[854232] Electronic integrated circuits; memories","11 814","1 860","9 954"
"","","[854233] Electronic integrated circuits; amplifiers","204 777","","204 777"
"","","[854239] Electronic integrated circuits; n.e.c. in heading no. 8542","4 023 490","710 173","3 313 317"
"","","[854290] Parts of electronic integrated circuits","69 600","68 358","1 242"
"","Faroe Islands [FO]","[854231] Electronic integrated circuits; processors and controllers, whether or not combined with memories, converters, logic circuits, amplifiers, clock and timing circuits, or other circuits","810","810",""
"","","[854239] Electronic integrated circuits; n.e.c. in heading no. 8542","36 269","","36 269"
"","Fiji [FJ]","[847330] Machinery; parts and accessories (other than covers, carrying cases and the like) of the machines of heading no. 8471","151 233","143 478","7 755"
"","","[852351] Semiconductor media; solid-state non-volatile storage devices, whether or not recorded, excluding products of Chapter 37","24 342","24 342",""
"","","[852352] Semiconductor media; smart cards,  whether or not recorded, excluding products of Chapter 37","387","","387"
"","","[854231] Electronic integrated circuits; processors and controllers, whether or not combined with memories, converters, logic circuits, amplifiers, clock and timing circuits, or other circuits","1 761","1 761",""
"","","[854232] Electronic integrated circuits; memories","12 758","12 758",""
"","","[854239] Electronic integrated circuits; n.e.c. in heading no. 8542","84 692","","84 692"
"","","[854290] Parts of electronic integrated circuits","107","107",""
"","Finland [FI]","[847330] Machinery; parts and accessories (other than covers, carrying cases and the like) of the machines of heading no. 8471","1 960 307","1 847 472","112 835"
"","","[852351] Semiconductor media; solid-state non-volatile storage devices, whether or not recorded, excluding products of Chapter 37","765 946","575 385","190 561"
"","","[852352] Semiconductor media; smart cards,  whether or not recorded, excluding products of Chapter 37","1 715 869","107 019","1 608 850"
"","","[854231] Electronic integrated circuits; processors and controllers, whether or not combined with memories, converters, logic circuits, amplifiers, clock and timing circuits, or other circuits","246 390 551","243 535 355","2 855 195"
"","","[854232] Electronic integrated circuits; memories","8 153 371","8 058 873","94 498"
"","","[854233] Electronic integrated circuits; amplifiers","1 343 484","1 340 247","3 236"
"","","[854239] Electronic integrated circuits; n.e.c. in heading no. 8542","36 070 614","35 049 991","1 020 623"
"","","[854290] Parts of electronic integrated circuits","32 933 809","27 672 821","5 260 987"
"","Former Yugoslav Republic of Macedonia [MK]","[852351] Semiconductor media; solid-state non-volatile storage devices, whether or not recorded, excluding products of Chapter 37","2 224","2 224",""
"","","[854231] Electronic integrated circuits; processors and controllers, whether or not combined with memories, converters, logic circuits, amplifiers, clock and timing circuits, or other circuits","14 820 060","14 820 060",""
"","","[854232] Electronic integrated circuits; memories","78","78",""
"","","[854233] Electronic integrated circuits; amplifiers","185 099","185 099",""
"","","[854239] Electronic integrated circuits; n.e.c. in heading no. 8542","7 382 796","7 377 361","5 435"
"","","[854290] Parts of electronic integrated circuits","11 073","346","10 726"
"","France [FR]","[847330] Machinery; parts and accessories (other than covers, carrying cases and the like) of the machines of heading no. 8471","145 863 302","135 317 160","10 546 142"
"","","[852351] Semiconductor media; solid-state non-volatile storage devices, whether or not recorded, excluding products of Chapter 37","442 558 372","422 871 997","19 686 375"
"","","[852352] Semiconductor media; smart cards,  whether or not recorded, excluding products of Chapter 37","8 043 007","3 801 225","4 241 782"
"","","[854231] Electronic integrated circuits; processors and controllers, whether or not combined with memories, converters, logic circuits, amplifiers, clock and timing circuits, or other circuits","646 960 282","119 158 203","527 802 079"
"","","[854232] Electronic integrated circuits; memories","350 856 055","248 781 351","102 074 704"
"","","[854233] Electronic integrated circuits; amplifiers","21 903 483","1 031 478","20 872 004"
"","","[854239] Electronic integrated circuits; n.e.c. in heading no. 8542","665 151 838","102 965 812","562 186 025"
"","","[854290] Parts of electronic integrated circuits","267 854 407","71 623 881","196 230 525"
"","French Guyana [GF]","[854290] Parts of electronic integrated circuits","159","159",""
"","French Polynesia [PF]","[847330] Machinery; parts and accessories (other than covers, carrying cases and the like) of the machines of heading no. 8471","4 266","4 266",""
"","","[852351] Semiconductor media; solid-state non-volatile storage devices, whether or not recorded, excluding products of Chapter 37","59","59",""
"","","[854232] Electronic integrated circuits; memories","462","","462"
"","","[854233] Electronic integrated circuits; amplifiers","52","52",""
"","","[854239] Electronic integrated circuits; n.e.c. in heading no. 8542","2 650","2 650",""
"","","[854290] Parts of electronic integrated circuits","18 768","18 768",""
"","French Southern Territories [TF]","[854231] Electronic integrated circuits; processors and controllers, whether or not combined with memories, converters, logic circuits, amplifiers, clock and timing circuits, or other circuits","11 730","","11 730"
"","Gabon [GA]","[847330] Machinery; parts and accessories (other than covers, carrying cases and the like) of the machines of heading no. 8471","86 306","86 306",""
"","","[852351] Semiconductor media; solid-state non-volatile storage devices, whether or not recorded, excluding products of Chapter 37","37 448","37 448",""
"","","[854290] Parts of electronic integrated circuits","258","258",""
"","Gambia [GM]","[847330] Machinery; parts and accessories (other than covers, carrying cases and the like) of the machines of heading no. 8471","1 427","","1 427"
"","","[854290] Parts of electronic integrated circuits","637","","637"
"","Georgia [GE]","[847330] Machinery; parts and accessories (other than covers, carrying cases and the like) of the machines of heading no. 8471","25 763","21 750","4 013"
"","","[852352] Semiconductor media; smart cards,  whether or not recorded, excluding products of Chapter 37","956","","956"
"","","[854231] Electronic integrated circuits; processors and controllers, whether or not combined with memories, converters, logic circuits, amplifiers, clock and timing circuits, or other circuits","1 638","","1 638"
"","","[854239] Electronic integrated circuits; n.e.c. in heading no. 8542","6 400","","6 400"
"","","[854290] Parts of electronic integrated circuits","16 924","","16 924"
"","Germany [DE]","[847330] Machinery; parts and accessories (other than covers, carrying cases and the like) of the machines of heading no. 8471","267 310 837","200 725 798","66 585 039"
"","","[852351] Semiconductor media; solid-state non-volatile storage devices, whether or not recorded, excluding products of Chapter 37","185 184 096","149 184 982","35 999 114"
"","","[852352] Semiconductor media; smart cards,  whether or not recorded, excluding products of Chapter 37","39 133 790","8 878 424","30 255 367"
"","","[854231] Electronic integrated circuits; processors and controllers, whether or not combined with memories, converters, logic circuits, amplifiers, clock and timing circuits, or other circuits","3 025 107 135","2 598 166 749","426 940 386"
"","","[854232] Electronic integrated circuits; memories","195 338 169","167 711 389","27 626 780"
"","","[854233] Electronic integrated circuits; amplifiers","230 013 120","189 889 082","40 124 038"
"","","[854239] Electronic integrated circuits; n.e.c. in heading no. 8542","6 031 485 227","4 364 362 408","1 667 122 819"
"","","[854290] Parts of electronic integrated circuits","553 129 271","62 286 042","490 843 229"
"","Ghana [GH]","[847330] Machinery; parts and accessories (other than covers, carrying cases and the like) of the machines of heading no. 8471","205 062","204 973","89"
"","","[852351] Semiconductor media; solid-state non-volatile storage devices, whether or not recorded, excluding products of Chapter 37","2 222","2 222",""
"","","[852352] Semiconductor media; smart cards,  whether or not recorded, excluding products of Chapter 37","10 465","10 364","100"
"","","[854231] Electronic integrated circuits; processors and controllers, whether or not combined with memories, converters, logic circuits, amplifiers, clock and timing circuits, or other circuits","6 300","6 300",""
"","","[854239] Electronic integrated circuits; n.e.c. in heading no. 8542","2 780","1","2 779"
"","","[854290] Parts of electronic integrated circuits","19","19",""
"","Gibraltar [GI]","[852351] Semiconductor media; solid-state non-volatile storage devices, whether or not recorded, excluding products of Chapter 37","4","3","1"
"","Greece [GR]","[847330] Machinery; parts and accessories (other than covers, carrying cases and the like) of the machines of heading no. 8471","16 161 515","16 002 386","159 130"
"","","[852351] Semiconductor media; solid-state non-volatile storage devices, whether or not recorded, excluding products of Chapter 37","9 164","4 898","4 266"
"","","[852352] Semiconductor media; smart cards,  whether or not recorded, excluding products of Chapter 37","223 532","145 483","78 049"
"","","[854231] Electronic integrated circuits; processors and controllers, whether or not combined with memories, converters, logic circuits, amplifiers, clock and timing circuits, or other circuits","15 504 862","768 681","14 736 181"
"","","[854232] Electronic integrated circuits; memories","55 681","55 641","40"
"","","[854233] Electronic integrated circuits; amplifiers","17 970","17 970",""
"","","[854239] Electronic integrated circuits; n.e.c. in heading no. 8542","1 457 373","172 421","1 284 952"
"","","[854290] Parts of electronic integrated circuits","93 591","90 764","2 827"
"","Guadeloupe [GP]","[847330] Machinery; parts and accessories (other than covers, carrying cases and the like) of the machines of heading no. 8471","704","704",""
"","Guam [GU]","[847330] Machinery; parts and accessories (other than covers, carrying cases and the like) of the machines of heading no. 8471","205 066","204 693","373"
"","","[852351] Semiconductor media; solid-state non-volatile storage devices, whether or not recorded, excluding products of Chapter 37","919","919",""
"","","[852352] Semiconductor media; smart cards,  whether or not recorded, excluding products of Chapter 37","19 747","19 737","10"
"","","[854231] Electronic integrated circuits; processors and controllers, whether or not combined with memories, converters, logic circuits, amplifiers, clock and timing circuits, or other circuits","8 338","8 338",""
"","","[854239] Electronic integrated circuits; n.e.c. in heading no. 8542","1 641","1 641",""
"","","[854290] Parts of electronic integrated circuits","1 327","15","1 312"
"","Guatemala [GT]","[847330] Machinery; parts and accessories (other than covers, carrying cases and the like) of the machines of heading no. 8471","120 894","375","120 518"
"","","[852351] Semiconductor media; solid-state non-volatile storage devices, whether or not recorded, excluding products of Chapter 37","522","522",""
"","","[852352] Semiconductor media; smart cards,  whether or not recorded, excluding products of Chapter 37","9 740","9 589","151"
"","","[854239] Electronic integrated circuits; n.e.c. in heading no. 8542","24","","24"
"","","[854290] Parts of electronic integrated circuits","564","","564"
"","GUERNSEY  [GG]","[847330] Machinery; parts and accessories (other than covers, carrying cases and the like) of the machines of heading no. 8471","35 219","","35 219"
"","","[854239] Electronic integrated circuits; n.e.c. in heading no. 8542","8 661","8 661",""
"","Guinea [GN]","[847330] Machinery; parts and accessories (other than covers, carrying cases and the like) of the machines of heading no. 8471","767","252","515"
"","","[852352] Semiconductor media; smart cards,  whether or not recorded, excluding products of Chapter 37","148 596","148 596",""
"","","[854239] Electronic integrated circuits; n.e.c. in heading no. 8542","68","68",""
"","Guinea-Bissau [GW]","[854231] Electronic integrated circuits; processors and controllers, whether or not combined with memories, converters, logic circuits, amplifiers, clock and timing circuits, or other circuits","119 293","","119 293"
"","Guyana [GY]","[847330] Machinery; parts and accessories (other than covers, carrying cases and the like) of the machines of heading no. 8471","39 381","39 381",""
"","","[852352] Semiconductor media; smart cards,  whether or not recorded, excluding products of Chapter 37","131","","131"
"","Haiti [HT]","[847330] Machinery; parts and accessories (other than covers, carrying cases and the like) of the machines of heading no. 8471","3 177","3 177",""
"","","[854239] Electronic integrated circuits; n.e.c. in heading no. 8542","810","","810"
"","Heard Island and McDonald Islands [HM]","[847330] Machinery; parts and accessories (other than covers, carrying cases and the like) of the machines of heading no. 8471","292","","292"
"","","[854231] Electronic integrated circuits; processors and controllers, whether or not combined with memories, converters, logic circuits, amplifiers, clock and timing circuits, or other circuits","298","298",""
"","Honduras [HN]","[847330] Machinery; parts and accessories (other than covers, carrying cases and the like) of the machines of heading no. 8471","1 184","1 184",""
"","","[852352] Semiconductor media; smart cards,  whether or not recorded, excluding products of Chapter 37","1 617 432","1 614 556","2 876"
"","","[854231] Electronic integrated circuits; processors and controllers, whether or not combined with memories, converters, logic circuits, amplifiers, clock and timing circuits, or other circuits","4 055 627","3 843 901","211 725"
"","","[854239] Electronic integrated circuits; n.e.c. in heading no. 8542","1 483 233","1 482 686","546"
"","","[854290] Parts of electronic integrated circuits","53 586","2 305","51 282"
"","Hong Kong [HK]","[847330] Machinery; parts and accessories (other than covers, carrying cases and the like) of the machines of heading no. 8471","5 756 855 012","4 968 403 738","788 451 275"
"","","[852351] Semiconductor media; solid-state non-volatile storage devices, whether or not recorded, excluding products of Chapter 37","996 432 569","949 128 739","47 303 830"
"","","[852352] Semiconductor media; smart cards,  whether or not recorded, excluding products of Chapter 37","39 234 649","12 321 222","26 913 427"
"","","[854231] Electronic integrated circuits; processors and controllers, whether or not combined with memories, converters, logic circuits, amplifiers, clock and timing circuits, or other circuits","42 773 951 528","42 400 389 122","373 562 406"
"","","[854232] Electronic integrated circuits; memories","7 422 962 052","7 144 110 859","278 851 193"
"","","[854233] Electronic integrated circuits; amplifiers","4 294 316 569","4 270 765 154","23 551 415"
"","","[854239] Electronic integrated circuits; n.e.c. in heading no. 8542","21 488 054 749","20 527 316 078","960 738 671"
"","","[854290] Parts of electronic integrated circuits","1 716 767 985","1 511 453 174","205 314 811"
"","Hungary [HU]","[847330] Machinery; parts and accessories (other than covers, carrying cases and the like) of the machines of heading no. 8471","176 899 791","160 668 655","16 231 135"
"","","[852351] Semiconductor media; solid-state non-volatile storage devices, whether or not recorded, excluding products of Chapter 37","186 062 736","173 607 304","12 455 432"
"","","[852352] Semiconductor media; smart cards,  whether or not recorded, excluding products of Chapter 37","8 105 312","11 658","8 093 654"
"","","[854231] Electronic integrated circuits; processors and controllers, whether or not combined with memories, converters, logic circuits, amplifiers, clock and timing circuits, or other circuits","118 079 479","117 176 636","902 843"
"","","[854232] Electronic integrated circuits; memories","28 002 085","27 998 831","3 254"
"","","[854233] Electronic integrated circuits; amplifiers","11 274 078","11 206 305","67 773"
"","","[854239] Electronic integrated circuits; n.e.c. in heading no. 8542","72 039 084","68 505 610","3 533 474"
"","","[854290] Parts of electronic integrated circuits","40 999 924","34 022 948","6 976 977"
"","Iceland [IS]","[847330] Machinery; parts and accessories (other than covers, carrying cases and the like) of the machines of heading no. 8471","67 415","47 472","19 943"
"","","[852351] Semiconductor media; solid-state non-volatile storage devices, whether or not recorded, excluding products of Chapter 37","190","190",""
"","","[852352] Semiconductor media; smart cards,  whether or not recorded, excluding products of Chapter 37","52","52",""
"","","[854231] Electronic integrated circuits; processors and controllers, whether or not combined with memories, converters, logic circuits, amplifiers, clock and timing circuits, or other circuits","8 649","1 023","7 625"
"","","[854233] Electronic integrated circuits; amplifiers","8 120","8 120",""
"","","[854239] Electronic integrated circuits; n.e.c. in heading no. 8542","873 742","860 989","12 753"
"","","[854290] Parts of electronic integrated circuits","42 889","23 406","19 483"
"","India [IN]","[847330] Machinery; parts and accessories (other than covers, carrying cases and the like) of the machines of heading no. 8471","441 709 905","359 921 563","81 788 342"
"","","[852351] Semiconductor media; solid-state non-volatile storage devices, whether or not recorded, excluding products of Chapter 37","514 413 502","512 079 798","2 333 704"
"","","[852352] Semiconductor media; smart cards,  whether or not recorded, excluding products of Chapter 37","30 449 085","26 662 124","3 786 961"
"","","[854231] Electronic integrated circuits; processors and controllers, whether or not combined with memories, converters, logic circuits, amplifiers, clock and timing circuits, or other circuits","2 041 157 468","2 029 581 712","11 575 755"
"","","[854232] Electronic integrated circuits; memories","439 561 962","429 865 781","9 696 181"
"","","[854233] Electronic integrated circuits; amplifiers","503 098 883","502 683 712","415 172"
"","","[854239] Electronic integrated circuits; n.e.c. in heading no. 8542","1 138 493 334","1 129 441 531","9 051 803"
"","","[854290] Parts of electronic integrated circuits","136 158 482","103 925 822","32 232 660"
"","Indonesia [ID]","[847330] Machinery; parts and accessories (other than covers, carrying cases and the like) of the machines of heading no. 8471","560 227 026","345 253 198","214 973 828"
"","","[852351] Semiconductor media; solid-state non-volatile storage devices, whether or not recorded, excluding products of Chapter 37","16 946 288","16 414 612","531 676"
"","","[852352] Semiconductor media; smart cards,  whether or not recorded, excluding products of Chapter 37","13 047 712","11 231 267","1 816 446"
"","","[854231] Electronic integrated circuits; processors and controllers, whether or not combined with memories, converters, logic circuits, amplifiers, clock and timing circuits, or other circuits","1 267 724 721","1 231 917 976","35 806 745"
"","","[854232] Electronic integrated circuits; memories","36 923 999","34 917 452","2 006 546"
"","","[854233] Electronic integrated circuits; amplifiers","26 431 501","25 996 483","435 018"
"","","[854239] Electronic integrated circuits; n.e.c. in heading no. 8542","1 268 354 485","1 008 480 269","259 874 216"
"","","[854290] Parts of electronic integrated circuits","482 290 710","453 675 366","28 615 344"
"","Invalid country code [ZZ]","[847330] Machinery; parts and accessories (other than covers, carrying cases and the like) of the machines of heading no. 8471","4 270","","4 270"
"","","[852351] Semiconductor media; solid-state non-volatile storage devices, whether or not recorded, excluding products of Chapter 37","529","","529"
"","","[854231] Electronic integrated circuits; processors and controllers, whether or not combined with memories, converters, logic circuits, amplifiers, clock and timing circuits, or other circuits","31 659 303","","31 659 303"
"","","[854239] Electronic integrated circuits; n.e.c. in heading no. 8542","431 466","","431 466"
"","","[854290] Parts of electronic integrated circuits","9 388 681","","9 388 681"
"","Iran, Islamic Republic of [IR]","[847330] Machinery; parts and accessories (other than covers, carrying cases and the like) of the machines of heading no. 8471","11 063","9 994","1 069"
"","","[852351] Semiconductor media; solid-state non-volatile storage devices, whether or not recorded, excluding products of Chapter 37","6 257","2 590","3 667"
"","","[854231] Electronic integrated circuits; processors and controllers, whether or not combined with memories, converters, logic circuits, amplifiers, clock and timing circuits, or other circuits","1 543 787","119 210","1 424 577"
"","","[854239] Electronic integrated circuits; n.e.c. in heading no. 8542","74 858","9 616","65 243"
"","","[854290] Parts of electronic integrated circuits","3 660","","3 660"
"","Iraq [IQ]","[847330] Machinery; parts and accessories (other than covers, carrying cases and the like) of the machines of heading no. 8471","18 120","18 120",""
"","","[852351] Semiconductor media; solid-state non-volatile storage devices, whether or not recorded, excluding products of Chapter 37","30 902","30 902",""
"","","[852352] Semiconductor media; smart cards,  whether or not recorded, excluding products of Chapter 37","5","5",""
"","","[854231] Electronic integrated circuits; processors and controllers, whether or not combined with memories, converters, logic circuits, amplifiers, clock and timing circuits, or other circuits","42 020","42 020",""
"","","[854232] Electronic integrated circuits; memories","27 188","27 188",""
"","","[854233] Electronic integrated circuits; amplifiers","157","157",""
"","","[854239] Electronic integrated circuits; n.e.c. in heading no. 8542","2","2",""
"","","[854290] Parts of electronic integrated circuits","11 740","11 740",""
"","Ireland [IE]","[847330] Machinery; parts and accessories (other than covers, carrying cases and the like) of the machines of heading no. 8471","930 400 138","903 012 565","27 387 573"
"","","[852351] Semiconductor media; solid-state non-volatile storage devices, whether or not recorded, excluding products of Chapter 37","96 566 723","93 913 926","2 652 797"
"","","[852352] Semiconductor media; smart cards,  whether or not recorded, excluding products of Chapter 37","9 742 650","9 527 624","215 026"
"","","[854231] Electronic integrated circuits; processors and controllers, whether or not combined with memories, converters, logic circuits, amplifiers, clock and timing circuits, or other circuits","7 081 966 020","53 506 473","7 028 459 547"
"","","[854232] Electronic integrated circuits; memories","194 849 004","194 728 433","120 571"
"","","[854233] Electronic integrated circuits; amplifiers","325 630","24 782","300 847"
"","","[854239] Electronic integrated circuits; n.e.c. in heading no. 8542","168 365 461","8 344 284","160 021 177"
"","","[854290] Parts of electronic integrated circuits","956 022 397","366 700 411","589 321 986"
"","Israel [IL]","[847330] Machinery; parts and accessories (other than covers, carrying cases and the like) of the machines of heading no. 8471","9 819 022","4 564 459","5 254 562"
"","","[852351] Semiconductor media; solid-state non-volatile storage devices, whether or not recorded, excluding products of Chapter 37","2 463 686","2 165 857","297 829"
"","","[852352] Semiconductor media; smart cards,  whether or not recorded, excluding products of Chapter 37","416 160","31 657","384 502"
"","","[854231] Electronic integrated circuits; processors and controllers, whether or not combined with memories, converters, logic circuits, amplifiers, clock and timing circuits, or other circuits","2 681 993 691","76 308 367","2 605 685 323"
"","","[854232] Electronic integrated circuits; memories","8 295 714","4 572 068","3 723 646"
"","","[854233] Electronic integrated circuits; amplifiers","21 084 178","20 850 576","233 602"
"","","[854239] Electronic integrated circuits; n.e.c. in heading no. 8542","193 763 391","115 840 946","77 922 444"
"","","[854290] Parts of electronic integrated circuits","8 691 150","101 120","8 590 030"
"","Italy [IT]","[847330] Machinery; parts and accessories (other than covers, carrying cases and the like) of the machines of heading no. 8471","11 436 214","7 304 486","4 131 728"
"","","[852351] Semiconductor media; solid-state non-volatile storage devices, whether or not recorded, excluding products of Chapter 37","10 551 278","10 046 409","504 870"
"","","[852352] Semiconductor media; smart cards,  whether or not recorded, excluding products of Chapter 37","4 113 073","3 339 288","773 785"
"","","[854231] Electronic integrated circuits; processors and controllers, whether or not combined with memories, converters, logic circuits, amplifiers, clock and timing circuits, or other circuits","101 566 615","20 076 753","81 489 862"
"","","[854232] Electronic integrated circuits; memories","24 900 995","2 329 097","22 571 898"
"","","[854233] Electronic integrated circuits; amplifiers","74 693 749","1 905 528","72 788 220"
"","","[854239] Electronic integrated circuits; n.e.c. in heading no. 8542","1 013 228 795","131 715 161","881 513 633"
"","","[854290] Parts of electronic integrated circuits","133 743 761","2 875 219","130 868 541"
"","Jamaica [JM]","[847330] Machinery; parts and accessories (other than covers, carrying cases and the like) of the machines of heading no. 8471","2 900","2 900",""
"","","[852352] Semiconductor media; smart cards,  whether or not recorded, excluding products of Chapter 37","194","","194"
"","","[854231] Electronic integrated circuits; processors and controllers, whether or not combined with memories, converters, logic circuits, amplifiers, clock and timing circuits, or other circuits","61 335","61 335",""
"","","[854239] Electronic integrated circuits; n.e.c. in heading no. 8542","4 402","3 347","1 055"
"","Japan [JP]","[847330] Machinery; parts and accessories (other than covers, carrying cases and the like) of the machines of heading no. 8471","1 083 037 622","415 857 953","667 179 669"
"","","[852351] Semiconductor media; solid-state non-volatile storage devices, whether or not recorded, excluding products of Chapter 37","240 811 075","200 102 058","40 709 017"
"","","[852352] Semiconductor media; smart cards,  whether or not recorded, excluding products of Chapter 37","8 819 436","3 856 419","4 963 017"
"","","[854231] Electronic integrated circuits; processors and controllers, whether or not combined with memories, converters, logic circuits, amplifiers, clock and timing circuits, or other circuits","11 602 851 514","2 627 739 142","8 975 112 372"
"","","[854232] Electronic integrated circuits; memories","3 502 069 588","602 093 196","2 899 976 392"
"","","[854233] Electronic integrated circuits; amplifiers","330 356 163","182 707 001","147 649 162"
"","","[854239] Electronic integrated circuits; n.e.c. in heading no. 8542","7 184 525 103","3 014 680 213","4 169 844 890"
"","","[854290] Parts of electronic integrated circuits","2 652 621 222","347 822 259","2 304 798 963"
"","Jersey [JE]","[852351] Semiconductor media; solid-state non-volatile storage devices, whether or not recorded, excluding products of Chapter 37","815","815",""
"","","[854231] Electronic integrated circuits; processors and controllers, whether or not combined with memories, converters, logic circuits, amplifiers, clock and timing circuits, or other circuits","100","","100"
"","Jordan [JO]","[847330] Machinery; parts and accessories (other than covers, carrying cases and the like) of the machines of heading no. 8471","32 678","32 155","523"
"","","[852351] Semiconductor media; solid-state non-volatile storage devices, whether or not recorded, excluding products of Chapter 37","293","20","274"
"","","[852352] Semiconductor media; smart cards,  whether or not recorded, excluding products of Chapter 37","103 591","103 511","79"
"","","[854231] Electronic integrated circuits; processors and controllers, whether or not combined with memories, converters, logic circuits, amplifiers, clock and timing circuits, or other circuits","70 043","3 610","66 433"
"","","[854239] Electronic integrated circuits; n.e.c. in heading no. 8542","15 029","3 103","11 926"
"","","[854290] Parts of electronic integrated circuits","36 791","36 788","3"
"","Kazakhstan [KZ]","[847330] Machinery; parts and accessories (other than covers, carrying cases and the like) of the machines of heading no. 8471","107 103","107 103",""
"","","[852351] Semiconductor media; solid-state non-volatile storage devices, whether or not recorded, excluding products of Chapter 37","2 443","2 358","86"
"","","[852352] Semiconductor media; smart cards,  whether or not recorded, excluding products of Chapter 37","265 891","265 728","163"
"","","[854231] Electronic integrated circuits; processors and controllers, whether or not combined with memories, converters, logic circuits, amplifiers, clock and timing circuits, or other circuits","325 754","325 754",""
"","","[854233] Electronic integrated circuits; amplifiers","5 400","","5 400"
"","","[854239] Electronic integrated circuits; n.e.c. in heading no. 8542","170 930","170 930",""
"","","[854290] Parts of electronic integrated circuits","6 783","6 783",""
"","Kenya [KE]","[847330] Machinery; parts and accessories (other than covers, carrying cases and the like) of the machines of heading no. 8471","41 269","40 899","370"
"","","[852351] Semiconductor media; solid-state non-volatile storage devices, whether or not recorded, excluding products of Chapter 37","22 002","22 002",""
"","","[852352] Semiconductor media; smart cards,  whether or not recorded, excluding products of Chapter 37","14 478","14 181","297"
"","","[854231] Electronic integrated circuits; processors and controllers, whether or not combined with memories, converters, logic circuits, amplifiers, clock and timing circuits, or other circuits","436 159","435 956","203"
"","","[854233] Electronic integrated circuits; amplifiers","1 001 502","","1 001 502"
"","","[854239] Electronic integrated circuits; n.e.c. in heading no. 8542","104 367","104 253","114"
"","","[854290] Parts of electronic integrated circuits","8 214","8 214",""
"","Korea, Democratic People's Republic of [KP]","[854231] Electronic integrated circuits; processors and controllers, whether or not combined with memories, converters, logic circuits, amplifiers, clock and timing circuits, or other circuits","30","","30"
"","","[854239] Electronic integrated circuits; n.e.c. in heading no. 8542","145 568","","145 568"
"","","[854290] Parts of electronic integrated circuits","237 274","","237 274"
"","Korea, Republic of [KR]","[847330] Machinery; parts and accessories (other than covers, carrying cases and the like) of the machines of heading no. 8471","6 132 030 268","4 241 797 662","1 890 232 607"
"","","[852351] Semiconductor media; solid-state non-volatile storage devices, whether or not recorded, excluding products of Chapter 37","678 578 671","150 380 301","528 198 370"
"","","[852352] Semiconductor media; smart cards,  whether or not recorded, excluding products of Chapter 37","7 781 440","1 073 102","6 708 338"
"","","[854231] Electronic integrated circuits; processors and controllers, whether or not combined with memories, converters, logic circuits, amplifiers, clock and timing circuits, or other circuits","31 249 028 932","6 168 781 046","25 080 247 887"
"","","[854232] Electronic integrated circuits; memories","9 927 374 592","1 267 599 143","8 659 775 449"
"","","[854233] Electronic integrated circuits; amplifiers","2 555 372 912","252 781 171","2 302 591 741"
"","","[854239] Electronic integrated circuits; n.e.c. in heading no. 8542","23 922 113 572","3 551 804 007","20 370 309 566"
"","","[854290] Parts of electronic integrated circuits","2 493 783 137","264 905 853","2 228 877 285"
"","Kuwait [KW]","[847330] Machinery; parts and accessories (other than covers, carrying cases and the like) of the machines of heading no. 8471","35 903","31 510","4 393"
"","","[852351] Semiconductor media; solid-state non-volatile storage devices, whether or not recorded, excluding products of Chapter 37","56 409","49 392","7 017"
"","","[852352] Semiconductor media; smart cards,  whether or not recorded, excluding products of Chapter 37","98","","98"
"","","[854232] Electronic integrated circuits; memories","5 003","5 003",""
"","","[854233] Electronic integrated circuits; amplifiers","1 429","598","831"
"","","[854239] Electronic integrated circuits; n.e.c. in heading no. 8542","4 718","4 718",""
"","","[854290] Parts of electronic integrated circuits","27 833","27 833",""
"","Kyrgyzstan [KG]","[847330] Machinery; parts and accessories (other than covers, carrying cases and the like) of the machines of heading no. 8471","24 181","24 181",""
"","","[852352] Semiconductor media; smart cards,  whether or not recorded, excluding products of Chapter 37","3 332","2 820","512"
"","","[854231] Electronic integrated circuits; processors and controllers, whether or not combined with memories, converters, logic circuits, amplifiers, clock and timing circuits, or other circuits","202","","202"
"","","[854239] Electronic integrated circuits; n.e.c. in heading no. 8542","478","","478"
"","","[854290] Parts of electronic integrated circuits","18 823","18 823",""
"","Lao PDR [LA]","[847330] Machinery; parts and accessories (other than covers, carrying cases and the like) of the machines of heading no. 8471","800 469","781 640","18 829"
"","","[852351] Semiconductor media; solid-state non-volatile storage devices, whether or not recorded, excluding products of Chapter 37","162 654","162 614","41"
"","","[852352] Semiconductor media; smart cards,  whether or not recorded, excluding products of Chapter 37","103 531","103 510","20"
"","","[854231] Electronic integrated circuits; processors and controllers, whether or not combined with memories, converters, logic circuits, amplifiers, clock and timing circuits, or other circuits","25 174 126","23 178 195","1 995 931"
"","","[854232] Electronic integrated circuits; memories","103","","103"
"","","[854233] Electronic integrated circuits; amplifiers","11 693","11 693",""
"","","[854239] Electronic integrated circuits; n.e.c. in heading no. 8542","33 763","33 763",""
"","","[854290] Parts of electronic integrated circuits","27 380","27 380",""
"","Latvia [LV]","[847330] Machinery; parts and accessories (other than covers, carrying cases and the like) of the machines of heading no. 8471","487 773","218 829","268 944"
"","","[852351] Semiconductor media; solid-state non-volatile storage devices, whether or not recorded, excluding products of Chapter 37","811 259","778 922","32 337"
"","","[852352] Semiconductor media; smart cards,  whether or not recorded, excluding products of Chapter 37","222 759","220 778","1 981"
"","","[854231] Electronic integrated circuits; processors and controllers, whether or not combined with memories, converters, logic circuits, amplifiers, clock and timing circuits, or other circuits","16 931 128","15 943 810","987 317"
"","","[854232] Electronic integrated circuits; memories","308 459","101 729","206 729"
"","","[854233] Electronic integrated circuits; amplifiers","731 418","728 821","2 597"
"","","[854239] Electronic integrated circuits; n.e.c. in heading no. 8542","10 893 844","9 811 622","1 082 223"
"","","[854290] Parts of electronic integrated circuits","9 908","5 755","4 153"
"","Lebanon [LB]","[847330] Machinery; parts and accessories (other than covers, carrying cases and the like) of the machines of heading no. 8471","168 555","5 484","163 072"
"","","[852351] Semiconductor media; solid-state non-volatile storage devices, whether or not recorded, excluding products of Chapter 37","2 333","2 333",""
"","","[852352] Semiconductor media; smart cards,  whether or not recorded, excluding products of Chapter 37","5","5",""
"","","[854231] Electronic integrated circuits; processors and controllers, whether or not combined with memories, converters, logic circuits, amplifiers, clock and timing circuits, or other circuits","142 034","46 856","95 177"
"","","[854239] Electronic integrated circuits; n.e.c. in heading no. 8542","3 252","3 252",""
"","","[854290] Parts of electronic integrated circuits","13 885","13 885",""
"","Lesotho [LS]","[847330] Machinery; parts and accessories (other than covers, carrying cases and the like) of the machines of heading no. 8471","13 383","6 653","6 730"
"","","[852352] Semiconductor media; smart cards,  whether or not recorded, excluding products of Chapter 37","36 919","36 919",""
"","Liberia [LR]","[847330] Machinery; parts and accessories (other than covers, carrying cases and the like) of the machines of heading no. 8471","18 136","18 136",""
"","","[852352] Semiconductor media; smart cards,  whether or not recorded, excluding products of Chapter 37","18","","18"
"","","[854232] Electronic integrated circuits; memories","36","","36"
"","","[854290] Parts of electronic integrated circuits","3 102","3 102",""
"","Libyan Arab Jamahiriya [LY]","[847330] Machinery; parts and accessories (other than covers, carrying cases and the like) of the machines of heading no. 8471","1 216","1 216",""
"","","[852351] Semiconductor media; solid-state non-volatile storage devices, whether or not recorded, excluding products of Chapter 37","516","516",""
"","","[852352] Semiconductor media; smart cards,  whether or not recorded, excluding products of Chapter 37","50","46","4"
"","Liechtenstein [LI]","[847330] Machinery; parts and accessories (other than covers, carrying cases and the like) of the machines of heading no. 8471","432 734","","432 734"
"","","[854231] Electronic integrated circuits; processors and controllers, whether or not combined with memories, converters, logic circuits, amplifiers, clock and timing circuits, or other circuits","4 886","","4 886"
"","","[854239] Electronic integrated circuits; n.e.c. in heading no. 8542","167 193","","167 193"
"","","[854290] Parts of electronic integrated circuits","5 972","","5 972"
"","Lithuania [LT]","[847330] Machinery; parts and accessories (other than covers, carrying cases and the like) of the machines of heading no. 8471","203 479","136 083","67 396"
"","","[852351] Semiconductor media; solid-state non-volatile storage devices, whether or not recorded, excluding products of Chapter 37","10 471","10 446","25"
"","","[852352] Semiconductor media; smart cards,  whether or not recorded, excluding products of Chapter 37","246 420","181 467","64 954"
"","","[854231] Electronic integrated circuits; processors and controllers, whether or not combined with memories, converters, logic circuits, amplifiers, clock and timing circuits, or other circuits","3 098 679","3 057 174","41 505"
"","","[854232] Electronic integrated circuits; memories","392 954","392 954",""
"","","[854233] Electronic integrated circuits; amplifiers","50 158","41 306","8 852"
"","","[854239] Electronic integrated circuits; n.e.c. in heading no. 8542","880 238","555 858","324 381"
"","","[854290] Parts of electronic integrated circuits","30 731","27 388","3 342"
"","Luxembourg [LU]","[847330] Machinery; parts and accessories (other than covers, carrying cases and the like) of the machines of heading no. 8471","35 699","30 289","5 410"
"","","[852351] Semiconductor media; solid-state non-volatile storage devices, whether or not recorded, excluding products of Chapter 37","5 850","","5 850"
"","","[852352] Semiconductor media; smart cards,  whether or not recorded, excluding products of Chapter 37","12 776","26","12 749"
"","","[854231] Electronic integrated circuits; processors and controllers, whether or not combined with memories, converters, logic circuits, amplifiers, clock and timing circuits, or other circuits","2 145 945","2 144 549","1 396"
"","","[854233] Electronic integrated circuits; amplifiers","19 695","19 695",""
"","","[854239] Electronic integrated circuits; n.e.c. in heading no. 8542","104 445","103 162","1 283"
"","","[854290] Parts of electronic integrated circuits","27 176","26 204","972"
"","Macao [MO]","[847330] Machinery; parts and accessories (other than covers, carrying cases and the like) of the machines of heading no. 8471","463 144","290 737","172 407"
"","","[852351] Semiconductor media; solid-state non-volatile storage devices, whether or not recorded, excluding products of Chapter 37","79 217","75 336","3 881"
"","","[852352] Semiconductor media; smart cards,  whether or not recorded, excluding products of Chapter 37","23 784","12 848","10 936"
"","","[854231] Electronic integrated circuits; processors and controllers, whether or not combined with memories, converters, logic circuits, amplifiers, clock and timing circuits, or other circuits","2 914 531","2 859 354","55 178"
"","","[854232] Electronic integrated circuits; memories","61 588","61 543","45"
"","","[854233] Electronic integrated circuits; amplifiers","5 370 658","5 345 461","25 197"
"","","[854239] Electronic integrated circuits; n.e.c. in heading no. 8542","18 214 471","18 110 269","104 202"
"","","[854290] Parts of electronic integrated circuits","344 243","291 242","53 001"
"","Madagascar [MG]","[852351] Semiconductor media; solid-state non-volatile storage devices, whether or not recorded, excluding products of Chapter 37","15 540","15 540",""
"","","[852352] Semiconductor media; smart cards,  whether or not recorded, excluding products of Chapter 37","16","4","12"
"","","[854239] Electronic integrated circuits; n.e.c. in heading no. 8542","48","","48"
"","Malawi [MW]","[852352] Semiconductor media; smart cards,  whether or not recorded, excluding products of Chapter 37","6","","6"
"","","[854231] Electronic integrated circuits; processors and controllers, whether or not combined with memories, converters, logic circuits, amplifiers, clock and timing circuits, or other circuits","3 462","3 216","246"
"","","[854239] Electronic integrated circuits; n.e.c. in heading no. 8542","161 790","143 154","18 636"
"","Malaysia [MY]","[847330] Machinery; parts and accessories (other than covers, carrying cases and the like) of the machines of heading no. 8471","4 116 736 314","2 361 255 306","1 755 481 008"
"","","[852351] Semiconductor media; solid-state non-volatile storage devices, whether or not recorded, excluding products of Chapter 37","1 532 560 394","796 174 848","736 385 546"
"","","[852352] Semiconductor media; smart cards,  whether or not recorded, excluding products of Chapter 37","51 366 051","4 943 498","46 422 553"
"","","[854231] Electronic integrated circuits; processors and controllers, whether or not combined with memories, converters, logic circuits, amplifiers, clock and timing circuits, or other circuits","13 457 738 222","3 582 547 923","9 875 190 299"
"","","[854232] Electronic integrated circuits; memories","6 231 010 141","3 894 128 060","2 336 882 081"
"","","[854233] Electronic integrated circuits; amplifiers","640 592 201","277 583 665","363 008 536"
"","","[854239] Electronic integrated circuits; n.e.c. in heading no. 8542","12 265 414 955","5 471 644 187","6 793 770 768"
"","","[854290] Parts of electronic integrated circuits","2 015 555 949","933 938 773","1 081 617 176"
"","Maldives [MV]","[847330] Machinery; parts and accessories (other than covers, carrying cases and the like) of the machines of heading no. 8471","1 310 164","1 307 488","2 676"
"","","[852351] Semiconductor media; solid-state non-volatile storage devices, whether or not recorded, excluding products of Chapter 37","125 071","125 071",""
"","","[852352] Semiconductor media; smart cards,  whether or not recorded, excluding products of Chapter 37","94 768","94 732","36"
"","","[854231] Electronic integrated circuits; processors and controllers, whether or not combined with memories, converters, logic circuits, amplifiers, clock and timing circuits, or other circuits","19 681","16 385","3 296"
"","","[854232] Electronic integrated circuits; memories","416","416",""
"","","[854233] Electronic integrated circuits; amplifiers","760","","760"
"","","[854239] Electronic integrated circuits; n.e.c. in heading no. 8542","23 368","19 801","3 568"
"","","[854290] Parts of electronic integrated circuits","185 878","25 418","160 460"
"","Mali [ML]","[847330] Machinery; parts and accessories (other than covers, carrying cases and the like) of the machines of heading no. 8471","2 770","","2 770"
"","","[852351] Semiconductor media; solid-state non-volatile storage devices, whether or not recorded, excluding products of Chapter 37","1 083","1 083",""
"","","[854231] Electronic integrated circuits; processors and controllers, whether or not combined with memories, converters, logic circuits, amplifiers, clock and timing circuits, or other circuits","590 359","146 727","443 632"
"","","[854239] Electronic integrated circuits; n.e.c. in heading no. 8542","74 842","73 741","1 101"
"","","[854290] Parts of electronic integrated circuits","17","17",""
"","Malta [MT]","[847330] Machinery; parts and accessories (other than covers, carrying cases and the like) of the machines of heading no. 8471","78 133","20 347","57 786"
"","","[852351] Semiconductor media; solid-state non-volatile storage devices, whether or not recorded, excluding products of Chapter 37","46 405","5","46 400"
"","","[852352] Semiconductor media; smart cards,  whether or not recorded, excluding products of Chapter 37","8 360 608","8 359 632","976"
"","","[854231] Electronic integrated circuits; processors and controllers, whether or not combined with memories, converters, logic circuits, amplifiers, clock and timing circuits, or other circuits","107 034 153","28 646 300","78 387 854"
"","","[854232] Electronic integrated circuits; memories","249 766","6 843","242 923"
"","","[854233] Electronic integrated circuits; amplifiers","32 134","5 581","26 553"
"","","[854239] Electronic integrated circuits; n.e.c. in heading no. 8542","119 382 129","51 101 766","68 280 363"
"","","[854290] Parts of electronic integrated circuits","3 716 469","1 719 831","1 996 638"
"","Marshall Islands [MH]","[854231] Electronic integrated circuits; processors and controllers, whether or not combined with memories, converters, logic circuits, amplifiers, clock and timing circuits, or other circuits","2 936","","2 936"
"","","[854239] Electronic integrated circuits; n.e.c. in heading no. 8542","140","","140"
"","Martinique [MQ]","[847330] Machinery; parts and accessories (other than covers, carrying cases and the like) of the machines of heading no. 8471","78","78",""
"","Mauritania [MR]","[852352] Semiconductor media; smart cards,  whether or not recorded, excluding products of Chapter 37","25 000","25 000",""
"","","[854231] Electronic integrated circuits; processors and controllers, whether or not combined with memories, converters, logic circuits, amplifiers, clock and timing circuits, or other circuits","156","","156"
"","","[854239] Electronic integrated circuits; n.e.c. in heading no. 8542","5 231","","5 231"
"","","[854290] Parts of electronic integrated circuits","2 799","2 799",""
"","Mauritius [MU]","[847330] Machinery; parts and accessories (other than covers, carrying cases and the like) of the machines of heading no. 8471","138 595","138 595",""
"","","[852351] Semiconductor media; solid-state non-volatile storage devices, whether or not recorded, excluding products of Chapter 37","67 880","67 880",""
"","","[852352] Semiconductor media; smart cards,  whether or not recorded, excluding products of Chapter 37","47 430","47 221","209"
"","","[854231] Electronic integrated circuits; processors and controllers, whether or not combined with memories, converters, logic circuits, amplifiers, clock and timing circuits, or other circuits","1 430 974","1 427 482","3 492"
"","","[854239] Electronic integrated circuits; n.e.c. in heading no. 8542","314 035","314 035",""
"","","[854290] Parts of electronic integrated circuits","4 807","2 320","2 488"
"","Mexico [MX]","[847330] Machinery; parts and accessories (other than covers, carrying cases and the like) of the machines of heading no. 8471","2 103 445 662","1 328 526 710","774 918 952"
"","","[852351] Semiconductor media; solid-state non-volatile storage devices, whether or not recorded, excluding products of Chapter 37","608 297 410","546 970 152","61 327 258"
"","","[852352] Semiconductor media; smart cards,  whether or not recorded, excluding products of Chapter 37","13 302 637","3 282 470","10 020 167"
"","","[854231] Electronic integrated circuits; processors and controllers, whether or not combined with memories, converters, logic circuits, amplifiers, clock and timing circuits, or other circuits","5 126 225 774","4 928 143 428","198 082 346"
"","","[854232] Electronic integrated circuits; memories","159 248 871","139 552 996","19 695 876"
"","","[854233] Electronic integrated circuits; amplifiers","263 722 223","109 561 095","154 161 129"
"","","[854239] Electronic integrated circuits; n.e.c. in heading no. 8542","1 712 889 408","1 356 911 234","355 978 173"
"","","[854290] Parts of electronic integrated circuits","200 038 727","147 786 383","52 252 344"
"","Micronesia, Federated States of [FM]","[847330] Machinery; parts and accessories (other than covers, carrying cases and the like) of the machines of heading no. 8471","731","731",""
"","","[854232] Electronic integrated circuits; memories","6 708","6 708",""
"","Moldova, Republic of [MD]","[847330] Machinery; parts and accessories (other than covers, carrying cases and the like) of the machines of heading no. 8471","1 208","1 208",""
"","Monaco [MC]","[854231] Electronic integrated circuits; processors and controllers, whether or not combined with memories, converters, logic circuits, amplifiers, clock and timing circuits, or other circuits","2 013","","2 013"
"","","[854290] Parts of electronic integrated circuits","1 629","1 629",""
"","Mongolia [MN]","[847330] Machinery; parts and accessories (other than covers, carrying cases and the like) of the machines of heading no. 8471","577 552","577 520","33"
"","","[852351] Semiconductor media; solid-state non-volatile storage devices, whether or not recorded, excluding products of Chapter 37","97 258","97 258",""
"","","[852352] Semiconductor media; smart cards,  whether or not recorded, excluding products of Chapter 37","469 668","469 668",""
"","","[854231] Electronic integrated circuits; processors and controllers, whether or not combined with memories, converters, logic circuits, amplifiers, clock and timing circuits, or other circuits","17 272","17 272",""
"","","[854232] Electronic integrated circuits; memories","765","765",""
"","","[854239] Electronic integrated circuits; n.e.c. in heading no. 8542","0","0",""
"","","[854290] Parts of electronic integrated circuits","69 444","69 444",""
"","MONTENEGRO [ME]","[847330] Machinery; parts and accessories (other than covers, carrying cases and the like) of the machines of heading no. 8471","75 180","14 319","60 861"
"","","[852352] Semiconductor media; smart cards,  whether or not recorded, excluding products of Chapter 37","2","2",""
"","","[854231] Electronic integrated circuits; processors and controllers, whether or not combined with memories, converters, logic circuits, amplifiers, clock and timing circuits, or other circuits","1 151","","1 151"
"","","[854239] Electronic integrated circuits; n.e.c. in heading no. 8542","172","","172"
"","","[854290] Parts of electronic integrated circuits","3 204","3 204",""
"","Montserrat [MS]","[852351] Semiconductor media; solid-state non-volatile storage devices, whether or not recorded, excluding products of Chapter 37","5","5",""
"","Morocco [MA]","[847330] Machinery; parts and accessories (other than covers, carrying cases and the like) of the machines of heading no. 8471","365 673","194 499","171 173"
"","","[852351] Semiconductor media; solid-state non-volatile storage devices, whether or not recorded, excluding products of Chapter 37","10 361","10 244","116"
"","","[852352] Semiconductor media; smart cards,  whether or not recorded, excluding products of Chapter 37","1 095 626","1 073 009","22 617"
"","","[854231] Electronic integrated circuits; processors and controllers, whether or not combined with memories, converters, logic circuits, amplifiers, clock and timing circuits, or other circuits","106 384 378","58 566 958","47 817 421"
"","","[854232] Electronic integrated circuits; memories","592 237","130 290","461 948"
"","","[854233] Electronic integrated circuits; amplifiers","28 093 616","14 146 826","13 946 791"
"","","[854239] Electronic integrated circuits; n.e.c. in heading no. 8542","125 003 504","79 677 534","45 325 970"
"","","[854290] Parts of electronic integrated circuits","7 697 973","6 761 860","936 112"
"","Mozambique [MZ]","[847330] Machinery; parts and accessories (other than covers, carrying cases and the like) of the machines of heading no. 8471","34 900","34 900",""
"","","[852351] Semiconductor media; solid-state non-volatile storage devices, whether or not recorded, excluding products of Chapter 37","2 143","2 143",""
"","","[852352] Semiconductor media; smart cards,  whether or not recorded, excluding products of Chapter 37","2","2",""
"","","[854239] Electronic integrated circuits; n.e.c. in heading no. 8542","15 167","","15 167"
"","Myanmar [MM]","[847330] Machinery; parts and accessories (other than covers, carrying cases and the like) of the machines of heading no. 8471","3 038 232","1 957 426","1 080 806"
"","","[852351] Semiconductor media; solid-state non-volatile storage devices, whether or not recorded, excluding products of Chapter 37","329 547","328 588","959"
"","","[852352] Semiconductor media; smart cards,  whether or not recorded, excluding products of Chapter 37","1 032 551","1 032 436","115"
"","","[854231] Electronic integrated circuits; processors and controllers, whether or not combined with memories, converters, logic circuits, amplifiers, clock and timing circuits, or other circuits","3 017 688","446 936","2 570 752"
"","","[854232] Electronic integrated circuits; memories","40 226","40 226",""
"","","[854233] Electronic integrated circuits; amplifiers","4 405","4 405",""
"","","[854239] Electronic integrated circuits; n.e.c. in heading no. 8542","7 963 279","6 463 323","1 499 957"
"","","[854290] Parts of electronic integrated circuits","49 918","6 368","43 550"
"","Namibia [NA]","[847330] Machinery; parts and accessories (other than covers, carrying cases and the like) of the machines of heading no. 8471","85 531","4 621","80 910"
"","","[852351] Semiconductor media; solid-state non-volatile storage devices, whether or not recorded, excluding products of Chapter 37","3 475","","3 475"
"","","[854231] Electronic integrated circuits; processors and controllers, whether or not combined with memories, converters, logic circuits, amplifiers, clock and timing circuits, or other circuits","438 012","","438 012"
"","","[854232] Electronic integrated circuits; memories","5 945","","5 945"
"","","[854233] Electronic integrated circuits; amplifiers","113","","113"
"","","[854239] Electronic integrated circuits; n.e.c. in heading no. 8542","43 427","14 874","28 553"
"","","[854290] Parts of electronic integrated circuits","15 544","","15 544"
"","Nepal [NP]","[847330] Machinery; parts and accessories (other than covers, carrying cases and the like) of the machines of heading no. 8471","671 333","670 443","890"
"","","[852351] Semiconductor media; solid-state non-volatile storage devices, whether or not recorded, excluding products of Chapter 37","350 653","350 653",""
"","","[852352] Semiconductor media; smart cards,  whether or not recorded, excluding products of Chapter 37","207 534","207 534",""
"","","[854231] Electronic integrated circuits; processors and controllers, whether or not combined with memories, converters, logic circuits, amplifiers, clock and timing circuits, or other circuits","32 591","32 591",""
"","","[854232] Electronic integrated circuits; memories","15","15",""
"","","[854239] Electronic integrated circuits; n.e.c. in heading no. 8542","1 249","1 249",""
"","","[854290] Parts of electronic integrated circuits","2 808","2 808",""
"","Netherlands [NL]","[847330] Machinery; parts and accessories (other than covers, carrying cases and the like) of the machines of heading no. 8471","753 569 777","742 426 877","11 142 899"
"","","[852351] Semiconductor media; solid-state non-volatile storage devices, whether or not recorded, excluding products of Chapter 37","537 054 644","513 999 918","23 054 725"
"","","[852352] Semiconductor media; smart cards,  whether or not recorded, excluding products of Chapter 37","1 060 200","890 432","169 768"
"","","[854231] Electronic integrated circuits; processors and controllers, whether or not combined with memories, converters, logic circuits, amplifiers, clock and timing circuits, or other circuits","4 418 236 684","4 360 999 486","57 237 198"
"","","[854232] Electronic integrated circuits; memories","259 716 571","257 576 220","2 140 351"
"","","[854233] Electronic integrated circuits; amplifiers","127 606 527","124 187 395","3 419 132"
"","","[854239] Electronic integrated circuits; n.e.c. in heading no. 8542","1 915 385 745","1 857 044 173","58 341 572"
"","","[854290] Parts of electronic integrated circuits","1 112 896 899","900 160 133","212 736 765"
"","Netherlands Antilles [AN]","[847330] Machinery; parts and accessories (other than covers, carrying cases and the like) of the machines of heading no. 8471","790","790",""
"","","[852352] Semiconductor media; smart cards,  whether or not recorded, excluding products of Chapter 37","29","","29"
"","","[854231] Electronic integrated circuits; processors and controllers, whether or not combined with memories, converters, logic circuits, amplifiers, clock and timing circuits, or other circuits","26 046","26 046",""
"","","[854233] Electronic integrated circuits; amplifiers","738","","738"
"","New Caledonia [NC]","[847330] Machinery; parts and accessories (other than covers, carrying cases and the like) of the machines of heading no. 8471","2 699","2 699",""
"","","[854231] Electronic integrated circuits; processors and controllers, whether or not combined with memories, converters, logic circuits, amplifiers, clock and timing circuits, or other circuits","1 028","1 028",""
"","","[854232] Electronic integrated circuits; memories","21","","21"
"","","[854290] Parts of electronic integrated circuits","587","","587"
"","New Zealand [NZ]","[847330] Machinery; parts and accessories (other than covers, carrying cases and the like) of the machines of heading no. 8471","11 342 063","10 732 705","609 358"
"","","[852351] Semiconductor media; solid-state non-volatile storage devices, whether or not recorded, excluding products of Chapter 37","4 680 487","4 588 931","91 555"
"","","[852352] Semiconductor media; smart cards,  whether or not recorded, excluding products of Chapter 37","981 368","763 665","217 703"
"","","[854231] Electronic integrated circuits; processors and controllers, whether or not combined with memories, converters, logic circuits, amplifiers, clock and timing circuits, or other circuits","10 201 253","10 038 175","163 078"
"","","[854232] Electronic integrated circuits; memories","1 891 874","1 889 285","2 589"
"","","[854233] Electronic integrated circuits; amplifiers","405 672","405 672",""
"","","[854239] Electronic integrated circuits; n.e.c. in heading no. 8542","17 703 617","15 173 369","2 530 248"
"","","[854290] Parts of electronic integrated circuits","315 093","226 714","88 379"
"","Nicaragua [NI]","[852351] Semiconductor media; solid-state non-volatile storage devices, whether or not recorded, excluding products of Chapter 37","626","626",""
"","","[852352] Semiconductor media; smart cards,  whether or not recorded, excluding products of Chapter 37","4 784","4 784",""
"","Niger [NE]","[847330] Machinery; parts and accessories (other than covers, carrying cases and the like) of the machines of heading no. 8471","107","","107"
"","","[852351] Semiconductor media; solid-state non-volatile storage devices, whether or not recorded, excluding products of Chapter 37","1 462","780","682"
"","Nigeria [NG]","[847330] Machinery; parts and accessories (other than covers, carrying cases and the like) of the machines of heading no. 8471","128 366","126 035","2 331"
"","","[852351] Semiconductor media; solid-state non-volatile storage devices, whether or not recorded, excluding products of Chapter 37","165 992","165 992",""
"","","[852352] Semiconductor media; smart cards,  whether or not recorded, excluding products of Chapter 37","212","9","203"
"","","[854231] Electronic integrated circuits; processors and controllers, whether or not combined with memories, converters, logic circuits, amplifiers, clock and timing circuits, or other circuits","7 654 454","7 654 454",""
"","","[854232] Electronic integrated circuits; memories","39 183","39 183",""
"","","[854233] Electronic integrated circuits; amplifiers","8 780","8 780",""
"","","[854239] Electronic integrated circuits; n.e.c. in heading no. 8542","8 339","7 350","988"
"","","[854290] Parts of electronic integrated circuits","17 478","17 478",""
"","Northern Mariana Islands [MP]","[847330] Machinery; parts and accessories (other than covers, carrying cases and the like) of the machines of heading no. 8471","837","","837"
"","","[852351] Semiconductor media; solid-state non-volatile storage devices, whether or not recorded, excluding products of Chapter 37","7","7",""
"","","[854239] Electronic integrated circuits; n.e.c. in heading no. 8542","11 991","47","11 944"
"","Norway [NO]","[847330] Machinery; parts and accessories (other than covers, carrying cases and the like) of the machines of heading no. 8471","12 153 909","11 240 001","913 908"
"","","[852351] Semiconductor media; solid-state non-volatile storage devices, whether or not recorded, excluding products of Chapter 37","318 002","74 588","243 415"
"","","[852352] Semiconductor media; smart cards,  whether or not recorded, excluding products of Chapter 37","378 288","369 375","8 914"
"","","[854231] Electronic integrated circuits; processors and controllers, whether or not combined with memories, converters, logic circuits, amplifiers, clock and timing circuits, or other circuits","2 320 342","1 945 418","374 924"
"","","[854232] Electronic integrated circuits; memories","336 777","336 412","365"
"","","[854233] Electronic integrated circuits; amplifiers","361 316","335 788","25 527"
"","","[854239] Electronic integrated circuits; n.e.c. in heading no. 8542","37 645 173","35 967 562","1 677 611"
"","","[854290] Parts of electronic integrated circuits","319 049","78 161","240 889"
"","Oman [OM]","[847330] Machinery; parts and accessories (other than covers, carrying cases and the like) of the machines of heading no. 8471","31 608","31 608",""
"","","[852351] Semiconductor media; solid-state non-volatile storage devices, whether or not recorded, excluding products of Chapter 37","13 664","13 664",""
"","","[852352] Semiconductor media; smart cards,  whether or not recorded, excluding products of Chapter 37","2 211","2 211",""
"","","[854231] Electronic integrated circuits; processors and controllers, whether or not combined with memories, converters, logic circuits, amplifiers, clock and timing circuits, or other circuits","1 565","","1 565"
"","","[854232] Electronic integrated circuits; memories","267","","267"
"","","[854233] Electronic integrated circuits; amplifiers","2 500","2 500",""
"","","[854239] Electronic integrated circuits; n.e.c. in heading no. 8542","52 164","52 164",""
"","","[854290] Parts of electronic integrated circuits","16 855","16 855",""
"","Other countries Europe [QM]","[847330] Machinery; parts and accessories (other than covers, carrying cases and the like) of the machines of heading no. 8471","5 707","5 707",""
"","Pakistan [PK]","[847330] Machinery; parts and accessories (other than covers, carrying cases and the like) of the machines of heading no. 8471","3 032 476","2 914 692","117 784"
"","","[852351] Semiconductor media; solid-state non-volatile storage devices, whether or not recorded, excluding products of Chapter 37","379 441","378 998","443"
"","","[852352] Semiconductor media; smart cards,  whether or not recorded, excluding products of Chapter 37","3 167 590","3 142 459","25 131"
"","","[854231] Electronic integrated circuits; processors and controllers, whether or not combined with memories, converters, logic circuits, amplifiers, clock and timing circuits, or other circuits","1 431 296","1 429 264","2 032"
"","","[854233] Electronic integrated circuits; amplifiers","7 758","7 758",""
"","","[854239] Electronic integrated circuits; n.e.c. in heading no. 8542","481 886","476 457","5 429"
"","","[854290] Parts of electronic integrated circuits","154 677","154 677",""
"","Palau [PW]","[847330] Machinery; parts and accessories (other than covers, carrying cases and the like) of the machines of heading no. 8471","2 933","2 933",""
"","","[852351] Semiconductor media; solid-state non-volatile storage devices, whether or not recorded, excluding products of Chapter 37","101","101",""
"","Panama [PA]","[847330] Machinery; parts and accessories (other than covers, carrying cases and the like) of the machines of heading no. 8471","11 028 202","11 022 307","5 895"
"","","[852351] Semiconductor media; solid-state non-volatile storage devices, whether or not recorded, excluding products of Chapter 37","173 891","142 163","31 727"
"","","[852352] Semiconductor media; smart cards,  whether or not recorded, excluding products of Chapter 37","1 368","1 043","326"
"","","[854231] Electronic integrated circuits; processors and controllers, whether or not combined with memories, converters, logic circuits, amplifiers, clock and timing circuits, or other circuits","2 876","2 876",""
"","","[854232] Electronic integrated circuits; memories","1 063","1 063",""
"","","[854233] Electronic integrated circuits; amplifiers","57","57",""
"","","[854239] Electronic integrated circuits; n.e.c. in heading no. 8542","41 958","28 159","13 798"
"","","[854290] Parts of electronic integrated circuits","2 094 920","2 094 920",""
"","Papua New Guinea [PG]","[847330] Machinery; parts and accessories (other than covers, carrying cases and the like) of the machines of heading no. 8471","197 809","197 809",""
"","","[852351] Semiconductor media; solid-state non-volatile storage devices, whether or not recorded, excluding products of Chapter 37","46 959","46 666","293"
"","","[852352] Semiconductor media; smart cards,  whether or not recorded, excluding products of Chapter 37","422","422",""
"","","[854231] Electronic integrated circuits; processors and controllers, whether or not combined with memories, converters, logic circuits, amplifiers, clock and timing circuits, or other circuits","8 334","5 746","2 587"
"","","[854232] Electronic integrated circuits; memories","574","574",""
"","","[854233] Electronic integrated circuits; amplifiers","100","100",""
"","","[854239] Electronic integrated circuits; n.e.c. in heading no. 8542","17 583","16 219","1 363"
"","","[854290] Parts of electronic integrated circuits","2 117","1 370","747"
"","Paraguay [PY]","[847330] Machinery; parts and accessories (other than covers, carrying cases and the like) of the machines of heading no. 8471","236","188","48"
"","","[852352] Semiconductor media; smart cards,  whether or not recorded, excluding products of Chapter 37","29 775","29 775",""
"","","[854239] Electronic integrated circuits; n.e.c. in heading no. 8542","15 158","15 158",""
"","Peru [PE]","[847330] Machinery; parts and accessories (other than covers, carrying cases and the like) of the machines of heading no. 8471","77 021","76 342","678"
"","","[852351] Semiconductor media; solid-state non-volatile storage devices, whether or not recorded, excluding products of Chapter 37","30 338","25 560","4 778"
"","","[852352] Semiconductor media; smart cards,  whether or not recorded, excluding products of Chapter 37","82 025","81 888","137"
"","","[854231] Electronic integrated circuits; processors and controllers, whether or not combined with memories, converters, logic circuits, amplifiers, clock and timing circuits, or other circuits","19 615","19 615",""
"","","[854239] Electronic integrated circuits; n.e.c. in heading no. 8542","11 746","11 746",""
"","","[854290] Parts of electronic integrated circuits","11 705","11 705",""
"","Philippines [PH]","[847330] Machinery; parts and accessories (other than covers, carrying cases and the like) of the machines of heading no. 8471","1 393 036 426","198 017 281","1 195 019 146"
"","","[852351] Semiconductor media; solid-state non-volatile storage devices, whether or not recorded, excluding products of Chapter 37","123 495 545","5 779 419","117 716 125"
"","","[852352] Semiconductor media; smart cards,  whether or not recorded, excluding products of Chapter 37","10 225 711","9 896 522","329 189"
"","","[854231] Electronic integrated circuits; processors and controllers, whether or not combined with memories, converters, logic circuits, amplifiers, clock and timing circuits, or other circuits","2 811 004 680","765 200 190","2 045 804 490"
"","","[854232] Electronic integrated circuits; memories","90 037 435","34 855 541","55 181 894"
"","","[854233] Electronic integrated circuits; amplifiers","70 019 746","15 675 908","54 343 839"
"","","[854239] Electronic integrated circuits; n.e.c. in heading no. 8542","3 904 094 297","1 800 835 661","2 103 258 635"
"","","[854290] Parts of electronic integrated circuits","930 188 865","241 988 991","688 199 874"
"","Pitcairn [PN]","[854239] Electronic integrated circuits; n.e.c. in heading no. 8542","341","","341"
"","Poland [PL]","[847330] Machinery; parts and accessories (other than covers, carrying cases and the like) of the machines of heading no. 8471","416 968 023","414 739 642","2 228 381"
"","","[852351] Semiconductor media; solid-state non-volatile storage devices, whether or not recorded, excluding products of Chapter 37","93 375 915","90 508 321","2 867 594"
"","","[852352] Semiconductor media; smart cards,  whether or not recorded, excluding products of Chapter 37","1 772 854","958 153","814 701"
"","","[854231] Electronic integrated circuits; processors and controllers, whether or not combined with memories, converters, logic circuits, amplifiers, clock and timing circuits, or other circuits","262 885 720","256 453 429","6 432 292"
"","","[854232] Electronic integrated circuits; memories","36 590 458","36 580 570","9 888"
"","","[854233] Electronic integrated circuits; amplifiers","7 831 689","7 828 201","3 488"
"","","[854239] Electronic integrated circuits; n.e.c. in heading no. 8542","73 788 604","72 766 867","1 021 737"
"","","[854290] Parts of electronic integrated circuits","17 870 470","15 875 877","1 994 593"
"","Portugal [PT]","[847330] Machinery; parts and accessories (other than covers, carrying cases and the like) of the machines of heading no. 8471","1 481 420","1 413 371","68 049"
"","","[852351] Semiconductor media; solid-state non-volatile storage devices, whether or not recorded, excluding products of Chapter 37","36 516","410","36 106"
"","","[852352] Semiconductor media; smart cards,  whether or not recorded, excluding products of Chapter 37","211 342","198 836","12 505"
"","","[854231] Electronic integrated circuits; processors and controllers, whether or not combined with memories, converters, logic circuits, amplifiers, clock and timing circuits, or other circuits","334 885 371","319 994 149","14 891 223"
"","","[854232] Electronic integrated circuits; memories","8 296 481","8 286 641","9 840"
"","","[854233] Electronic integrated circuits; amplifiers","126 888","122 342","4 546"
"","","[854239] Electronic integrated circuits; n.e.c. in heading no. 8542","209 521 562","18 207 267","191 314 296"
"","","[854290] Parts of electronic integrated circuits","244 623","41 481","203 142"
"","Puerto Rico [PR]","[847330] Machinery; parts and accessories (other than covers, carrying cases and the like) of the machines of heading no. 8471","3 922 770","490 106","3 432 664"
"","","[852351] Semiconductor media; solid-state non-volatile storage devices, whether or not recorded, excluding products of Chapter 37","2 079","1 195","883"
"","","[852352] Semiconductor media; smart cards,  whether or not recorded, excluding products of Chapter 37","14 475","14 475",""
"","","[854231] Electronic integrated circuits; processors and controllers, whether or not combined with memories, converters, logic circuits, amplifiers, clock and timing circuits, or other circuits","975 405","699 485","275 920"
"","","[854232] Electronic integrated circuits; memories","8 957","8 825","132"
"","","[854233] Electronic integrated circuits; amplifiers","3 826","3 826",""
"","","[854239] Electronic integrated circuits; n.e.c. in heading no. 8542","517 065","474 848","42 217"
"","","[854290] Parts of electronic integrated circuits","22","22",""
"","Qatar [QA]","[847330] Machinery; parts and accessories (other than covers, carrying cases and the like) of the machines of heading no. 8471","278 564","278 564",""
"","","[852351] Semiconductor media; solid-state non-volatile storage devices, whether or not recorded, excluding products of Chapter 37","27 268","27 173","95"
"","","[852352] Semiconductor media; smart cards,  whether or not recorded, excluding products of Chapter 37","107 969","107 650","320"
"","","[854231] Electronic integrated circuits; processors and controllers, whether or not combined with memories, converters, logic circuits, amplifiers, clock and timing circuits, or other circuits","2 845 305","2 845 136","169"
"","","[854233] Electronic integrated circuits; amplifiers","5 895","5 895",""
"","","[854239] Electronic integrated circuits; n.e.c. in heading no. 8542","523 825","507 745","16 080"
"","","[854290] Parts of electronic integrated circuits","56 832","56 756","76"
"","Reunion [RE]","[847330] Machinery; parts and accessories (other than covers, carrying cases and the like) of the machines of heading no. 8471","761","50","711"
"","","[852351] Semiconductor media; solid-state non-volatile storage devices, whether or not recorded, excluding products of Chapter 37","262","262",""
"","","[854290] Parts of electronic integrated circuits","1 739","1 739",""
"","Romania [RO]","[847330] Machinery; parts and accessories (other than covers, carrying cases and the like) of the machines of heading no. 8471","4 875 672","4 227 419","648 253"
"","","[852351] Semiconductor media; solid-state non-volatile storage devices, whether or not recorded, excluding products of Chapter 37","851 968","820 564","31 404"
"","","[852352] Semiconductor media; smart cards,  whether or not recorded, excluding products of Chapter 37","282 163","281 354","809"
"","","[854231] Electronic integrated circuits; processors and controllers, whether or not combined with memories, converters, logic circuits, amplifiers, clock and timing circuits, or other circuits","37 300 466","37 019 495","280 972"
"","","[854232] Electronic integrated circuits; memories","1 573 262","1 437 846","135 416"
"","","[854233] Electronic integrated circuits; amplifiers","3 906 489","3 904 304","2 185"
"","","[854239] Electronic integrated circuits; n.e.c. in heading no. 8542","57 339 571","56 458 555","881 016"
"","","[854290] Parts of electronic integrated circuits","247 956","178 573","69 383"
"","Russian Federation [RU]","[847330] Machinery; parts and accessories (other than covers, carrying cases and the like) of the machines of heading no. 8471","11 460 700","11 448 118","12 581"
"","","[852351] Semiconductor media; solid-state non-volatile storage devices, whether or not recorded, excluding products of Chapter 37","9 801 613","9 801 613",""
"","","[854231] Electronic integrated circuits; processors and controllers, whether or not combined with memories, converters, logic circuits, amplifiers, clock and timing circuits, or other circuits","933 919","236 609","697 310"
"","","[854232] Electronic integrated circuits; memories","11 814","1 860","9 954"
"","","[854233] Electronic integrated circuits; amplifiers","199 377","","199 377"
"","","[854239] Electronic integrated circuits; n.e.c. in heading no. 8542","3 803 516","490 687","3 312 829"
"","","[854290] Parts of electronic integrated circuits","2 420","1 260","1 160"
"","Rwanda [RW]","[847330] Machinery; parts and accessories (other than covers, carrying cases and the like) of the machines of heading no. 8471","51 442","","51 442"
"","","[854239] Electronic integrated circuits; n.e.c. in heading no. 8542","599","","599"
"","Saint Barthelemy [BL]","[854231] Electronic integrated circuits; processors and controllers, whether or not combined with memories, converters, logic circuits, amplifiers, clock and timing circuits, or other circuits","268","","268"
"","Saint Helena [SH]","[852351] Semiconductor media; solid-state non-volatile storage devices, whether or not recorded, excluding products of Chapter 37","1 042","","1 042"
"","Saint Lucia [LC]","[854231] Electronic integrated circuits; processors and controllers, whether or not combined with memories, converters, logic circuits, amplifiers, clock and timing circuits, or other circuits","666","","666"
"","Saint Pierre and Miquelon [PM]","[854239] Electronic integrated circuits; n.e.c. in heading no. 8542","1 282","","1 282"
"","Samoa [WS]","[852351] Semiconductor media; solid-state non-volatile storage devices, whether or not recorded, excluding products of Chapter 37","1","","1"
"","","[854239] Electronic integrated circuits; n.e.c. in heading no. 8542","1 756","","1 756"
"","San Marino [SM]","[847330] Machinery; parts and accessories (other than covers, carrying cases and the like) of the machines of heading no. 8471","5 310","","5 310"
"","","[854290] Parts of electronic integrated circuits","13 810","","13 810"
"","Sao Tomé and Principe [ST]","[854239] Electronic integrated circuits; n.e.c. in heading no. 8542","12 826","","12 826"
"","","[854290] Parts of electronic integrated circuits","17 940","","17 940"
"","Saudi Arabia [SA]","[847330] Machinery; parts and accessories (other than covers, carrying cases and the like) of the machines of heading no. 8471","2 284 304","2 207 586","76 718"
"","","[852351] Semiconductor media; solid-state non-volatile storage devices, whether or not recorded, excluding products of Chapter 37","3 389 822","3 380 436","9 386"
"","","[852352] Semiconductor media; smart cards,  whether or not recorded, excluding products of Chapter 37","13 333 058","13 332 535","523"
"","","[854231] Electronic integrated circuits; processors and controllers, whether or not combined with memories, converters, logic circuits, amplifiers, clock and timing circuits, or other circuits","5 747 446","5 746 477","970"
"","","[854233] Electronic integrated circuits; amplifiers","24 688","24 688",""
"","","[854239] Electronic integrated circuits; n.e.c. in heading no. 8542","316 600","315 127","1 473"
"","","[854290] Parts of electronic integrated circuits","198 614","198 325","289"
"","Senegal [SN]","[847330] Machinery; parts and accessories (other than covers, carrying cases and the like) of the machines of heading no. 8471","7 151","7 074","77"
"","","[852352] Semiconductor media; smart cards,  whether or not recorded, excluding products of Chapter 37","10 661 706","10 661 585","122"
"","","[854231] Electronic integrated circuits; processors and controllers, whether or not combined with memories, converters, logic circuits, amplifiers, clock and timing circuits, or other circuits","1 576","411","1 165"
"","","[854239] Electronic integrated circuits; n.e.c. in heading no. 8542","47 475","","47 475"
"","SERBIA [RS]","[847330] Machinery; parts and accessories (other than covers, carrying cases and the like) of the machines of heading no. 8471","83 245","21 703","61 541"
"","","[852351] Semiconductor media; solid-state non-volatile storage devices, whether or not recorded, excluding products of Chapter 37","4 239","4 239",""
"","","[852352] Semiconductor media; smart cards,  whether or not recorded, excluding products of Chapter 37","41 734","34 207","7 528"
"","","[854231] Electronic integrated circuits; processors and controllers, whether or not combined with memories, converters, logic circuits, amplifiers, clock and timing circuits, or other circuits","5 057 167","5 048 708","8 459"
"","","[854232] Electronic integrated circuits; memories","174 302","174 302",""
"","","[854233] Electronic integrated circuits; amplifiers","35 667","34 319","1 348"
"","","[854239] Electronic integrated circuits; n.e.c. in heading no. 8542","6 007 602","5 927 856","79 746"
"","","[854290] Parts of electronic integrated circuits","468 527","466 676","1 851"
"","Seychelles [SC]","[847330] Machinery; parts and accessories (other than covers, carrying cases and the like) of the machines of heading no. 8471","113 426","109 480","3 946"
"","","[852351] Semiconductor media; solid-state non-volatile storage devices, whether or not recorded, excluding products of Chapter 37","1","","1"
"","","[852352] Semiconductor media; smart cards,  whether or not recorded, excluding products of Chapter 37","900","893","7"
"","","[854231] Electronic integrated circuits; processors and controllers, whether or not combined with memories, converters, logic circuits, amplifiers, clock and timing circuits, or other circuits","1 825","1 825",""
"","","[854239] Electronic integrated circuits; n.e.c. in heading no. 8542","4 583","","4 583"
"","","[854290] Parts of electronic integrated circuits","10 297","10 297",""
"","Sierra Leone [SL]","[847330] Machinery; parts and accessories (other than covers, carrying cases and the like) of the machines of heading no. 8471","843","309","534"
"","","[852352] Semiconductor media; smart cards,  whether or not recorded, excluding products of Chapter 37","14","","14"
"","","[854239] Electronic integrated circuits; n.e.c. in heading no. 8542","1 901","780","1 121"
"","Singapore [SG]","[847330] Machinery; parts and accessories (other than covers, carrying cases and the like) of the machines of heading no. 8471","1 448 148 169","1 165 831 086","282 317 083"
"","","[852351] Semiconductor media; solid-state non-volatile storage devices, whether or not recorded, excluding products of Chapter 37","771 572 095","328 082 660","443 489 435"
"","","[852352] Semiconductor media; smart cards,  whether or not recorded, excluding products of Chapter 37","36 168 774","20 554 586","15 614 188"
"","","[854231] Electronic integrated circuits; processors and controllers, whether or not combined with memories, converters, logic circuits, amplifiers, clock and timing circuits, or other circuits","12 088 247 945","9 664 789 452","2 423 458 493"
"","","[854232] Electronic integrated circuits; memories","7 477 227 514","2 792 567 652","4 684 659 862"
"","","[854233] Electronic integrated circuits; amplifiers","1 246 061 712","679 254 325","566 807 386"
"","","[854239] Electronic integrated circuits; n.e.c. in heading no. 8542","20 267 085 338","16 652 158 916","3 614 926 423"
"","","[854290] Parts of electronic integrated circuits","3 907 315 212","1 436 799 321","2 470 515 891"
"","Slovakia [SK]","[847330] Machinery; parts and accessories (other than covers, carrying cases and the like) of the machines of heading no. 8471","2 888 325","2 475 125","413 200"
"","","[852351] Semiconductor media; solid-state non-volatile storage devices, whether or not recorded, excluding products of Chapter 37","559 125","534 653","24 472"
"","","[852352] Semiconductor media; smart cards,  whether or not recorded, excluding products of Chapter 37","61 631","4 317","57 313"
"","","[854231] Electronic integrated circuits; processors and controllers, whether or not combined with memories, converters, logic circuits, amplifiers, clock and timing circuits, or other circuits","3 756 296","3 675 733","80 563"
"","","[854232] Electronic integrated circuits; memories","11 320 708","11 305 059","15 649"
"","","[854233] Electronic integrated circuits; amplifiers","198 888","196 965","1 923"
"","","[854239] Electronic integrated circuits; n.e.c. in heading no. 8542","15 053 258","12 576 980","2 476 278"
"","","[854290] Parts of electronic integrated circuits","617 054","71 362","545 693"
"","Slovenia [SI]","[847330] Machinery; parts and accessories (other than covers, carrying cases and the like) of the machines of heading no. 8471","3 643 946","2 442 025","1 201 920"
"","","[852351] Semiconductor media; solid-state non-volatile storage devices, whether or not recorded, excluding products of Chapter 37","452 630","445 311","7 320"
"","","[852352] Semiconductor media; smart cards,  whether or not recorded, excluding products of Chapter 37","8 323","9","8 314"
"","","[854231] Electronic integrated circuits; processors and controllers, whether or not combined with memories, converters, logic circuits, amplifiers, clock and timing circuits, or other circuits","1 888 556","1 678 664","209 892"
"","","[854232] Electronic integrated circuits; memories","134 217","133 770","447"
"","","[854233] Electronic integrated circuits; amplifiers","24 976","21 053","3 923"
"","","[854239] Electronic integrated circuits; n.e.c. in heading no. 8542","3 727 573","3 519 352","208 222"
"","","[854290] Parts of electronic integrated circuits","382 513","33 181","349 333"
"","Solomon Islands [SB]","[847330] Machinery; parts and accessories (other than covers, carrying cases and the like) of the machines of heading no. 8471","273","","273"
"","","[852351] Semiconductor media; solid-state non-volatile storage devices, whether or not recorded, excluding products of Chapter 37","4 760","4 760",""
"","South Africa [ZA]","[847330] Machinery; parts and accessories (other than covers, carrying cases and the like) of the machines of heading no. 8471","3 281 983","3 276 663","5 320"
"","","[852351] Semiconductor media; solid-state non-volatile storage devices, whether or not recorded, excluding products of Chapter 37","7 638 400","7 635 326","3 074"
"","","[852352] Semiconductor media; smart cards,  whether or not recorded, excluding products of Chapter 37","2 656 944","2 646 687","10 258"
"","","[854231] Electronic integrated circuits; processors and controllers, whether or not combined with memories, converters, logic circuits, amplifiers, clock and timing circuits, or other circuits","6 400 986","6 243 311","157 675"
"","","[854232] Electronic integrated circuits; memories","653 089","653 084","5"
"","","[854233] Electronic integrated circuits; amplifiers","545 384","545 384",""
"","","[854239] Electronic integrated circuits; n.e.c. in heading no. 8542","6 076 028","5 898 473","177 555"
"","","[854290] Parts of electronic integrated circuits","121 987","110 910","11 077"
"","South Sudan [SS]","[852351] Semiconductor media; solid-state non-volatile storage devices, whether or not recorded, excluding products of Chapter 37","2 137","2 137",""
"","","[852352] Semiconductor media; smart cards,  whether or not recorded, excluding products of Chapter 37","2","","2"
"","Spain [ES]","[847330] Machinery; parts and accessories (other than covers, carrying cases and the like) of the machines of heading no. 8471","4 099 325","3 089 220","1 010 105"
"","","[852351] Semiconductor media; solid-state non-volatile storage devices, whether or not recorded, excluding products of Chapter 37","14 907 660","12 428 274","2 479 386"
"","","[852352] Semiconductor media; smart cards,  whether or not recorded, excluding products of Chapter 37","2 383 355","2 268 575","114 780"
"","","[854231] Electronic integrated circuits; processors and controllers, whether or not combined with memories, converters, logic circuits, amplifiers, clock and timing circuits, or other circuits","26 849 743","14 551 492","12 298 250"
"","","[854232] Electronic integrated circuits; memories","234 510","49 817","184 693"
"","","[854233] Electronic integrated circuits; amplifiers","467 750","444 638","23 112"
"","","[854239] Electronic integrated circuits; n.e.c. in heading no. 8542","11 614 857","9 582 188","2 032 669"
"","","[854290] Parts of electronic integrated circuits","3 556 029","2 131 579","1 424 450"
"","Sri Lanka [LK]","[847330] Machinery; parts and accessories (other than covers, carrying cases and the like) of the machines of heading no. 8471","2 149 402","2 021 375","128 027"
"","","[852351] Semiconductor media; solid-state non-volatile storage devices, whether or not recorded, excluding products of Chapter 37","637 930","616 269","21 661"
"","","[852352] Semiconductor media; smart cards,  whether or not recorded, excluding products of Chapter 37","1 710 913","1 709 655","1 258"
"","","[854231] Electronic integrated circuits; processors and controllers, whether or not combined with memories, converters, logic circuits, amplifiers, clock and timing circuits, or other circuits","2 913 358","2 887 167","26 191"
"","","[854232] Electronic integrated circuits; memories","468 402","463 151","5 251"
"","","[854233] Electronic integrated circuits; amplifiers","180 632","180 632",""
"","","[854239] Electronic integrated circuits; n.e.c. in heading no. 8542","3 061 960","2 987 743","74 217"
"","","[854290] Parts of electronic integrated circuits","367 541","343 302","24 239"
"","St Kitts and Nevis [KN]","[854239] Electronic integrated circuits; n.e.c. in heading no. 8542","1 244 613","1 244 613",""
"","St Vincent and the Grenadines [VC]","[852351] Semiconductor media; solid-state non-volatile storage devices, whether or not recorded, excluding products of Chapter 37","1 180","","1 180"
"","Sudan [SD]","[847330] Machinery; parts and accessories (other than covers, carrying cases and the like) of the machines of heading no. 8471","36 730","","36 730"
"","","[852351] Semiconductor media; solid-state non-volatile storage devices, whether or not recorded, excluding products of Chapter 37","246","","246"
"","","[852352] Semiconductor media; smart cards,  whether or not recorded, excluding products of Chapter 37","5","5",""
"","","[854231] Electronic integrated circuits; processors and controllers, whether or not combined with memories, converters, logic circuits, amplifiers, clock and timing circuits, or other circuits","111","111",""
"","Suriname [SR]","[854231] Electronic integrated circuits; processors and controllers, whether or not combined with memories, converters, logic circuits, amplifiers, clock and timing circuits, or other circuits","3 048","","3 048"
"","","[854290] Parts of electronic integrated circuits","12 907","12 907",""
"","Swaziland [SZ]","[854231] Electronic integrated circuits; processors and controllers, whether or not combined with memories, converters, logic circuits, amplifiers, clock and timing circuits, or other circuits","1 836","42","1 794"
"","","[854232] Electronic integrated circuits; memories","11 092","","11 092"
"","","[854239] Electronic integrated circuits; n.e.c. in heading no. 8542","10 424","5 866","4 558"
"","Sweden [SE]","[847330] Machinery; parts and accessories (other than covers, carrying cases and the like) of the machines of heading no. 8471","3 230 906","2 647 497","583 409"
"","","[852351] Semiconductor media; solid-state non-volatile storage devices, whether or not recorded, excluding products of Chapter 37","3 673 828","1 526 646","2 147 182"
"","","[852352] Semiconductor media; smart cards,  whether or not recorded, excluding products of Chapter 37","995 033","14","995 019"
"","","[854231] Electronic integrated circuits; processors and controllers, whether or not combined with memories, converters, logic circuits, amplifiers, clock and timing circuits, or other circuits","10 337 421","7 444 561","2 892 861"
"","","[854232] Electronic integrated circuits; memories","11 807 870","10 345 426","1 462 444"
"","","[854233] Electronic integrated circuits; amplifiers","535 025","512 839","22 186"
"","","[854239] Electronic integrated circuits; n.e.c. in heading no. 8542","9 180 554","6 828 942","2 351 612"
"","","[854290] Parts of electronic integrated circuits","39 828 505","959 980","38 868 525"
"","Switzerland [CH]","[847330] Machinery; parts and accessories (other than covers, carrying cases and the like) of the machines of heading no. 8471","14 112 922","6 457 830","7 655 092"
"","","[852351] Semiconductor media; solid-state non-volatile storage devices, whether or not recorded, excluding products of Chapter 37","2 281 005","741 354","1 539 651"
"","","[852352] Semiconductor media; smart cards,  whether or not recorded, excluding products of Chapter 37","1 056 230","534 372","521 858"
"","","[854231] Electronic integrated circuits; processors and controllers, whether or not combined with memories, converters, logic circuits, amplifiers, clock and timing circuits, or other circuits","140 664 835","36 529 817","104 135 017"
"","","[854232] Electronic integrated circuits; memories","3 716 376","3 137 750","578 626"
"","","[854233] Electronic integrated circuits; amplifiers","2 130 318","1 928 850","201 468"
"","","[854239] Electronic integrated circuits; n.e.c. in heading no. 8542","71 035 375","27 410 944","43 624 431"
"","","[854290] Parts of electronic integrated circuits","30 500 399","10 629 575","19 870 824"
"","Syrian Arab Republic [SY]","[852352] Semiconductor media; smart cards,  whether or not recorded, excluding products of Chapter 37","1","1",""
"","Taiwan [TW]","[847330] Machinery; parts and accessories (other than covers, carrying cases and the like) of the machines of heading no. 8471","17 252 926 677","5 852 192 897","11 400 733 780"
"","","[852351] Semiconductor media; solid-state non-volatile storage devices, whether or not recorded, excluding products of Chapter 37","2 324 232 989","1 035 630 236","1 288 602 753"
"","","[852352] Semiconductor media; smart cards,  whether or not recorded, excluding products of Chapter 37","12 316 264","2 041 242","10 275 022"
"","","[854231] Electronic integrated circuits; processors and controllers, whether or not combined with memories, converters, logic circuits, amplifiers, clock and timing circuits, or other circuits","68 560 759 742","14 407 539 333","54 153 220 410"
"","","[854232] Electronic integrated circuits; memories","14 655 034 622","6 216 465 693","8 438 568 929"
"","","[854233] Electronic integrated circuits; amplifiers","1 512 105 888","1 116 507 129","395 598 759"
"","","[854239] Electronic integrated circuits; n.e.c. in heading no. 8542","52 721 767 960","7 652 482 111","45 069 285 849"
"","","[854290] Parts of electronic integrated circuits","11 559 879 938","1 133 032 717","10 426 847 220"
"","Tajikistan [TJ]","[852352] Semiconductor media; smart cards,  whether or not recorded, excluding products of Chapter 37","2","2",""
"","","[854231] Electronic integrated circuits; processors and controllers, whether or not combined with memories, converters, logic circuits, amplifiers, clock and timing circuits, or other circuits","58 839","58 839",""
"","","[854239] Electronic integrated circuits; n.e.c. in heading no. 8542","220","","220"
"","Tanzania, United Republic of [TZ]","[847330] Machinery; parts and accessories (other than covers, carrying cases and the like) of the machines of heading no. 8471","13 622","13 622",""
"","","[852351] Semiconductor media; solid-state non-volatile storage devices, whether or not recorded, excluding products of Chapter 37","17 171","17 171",""
"","","[852352] Semiconductor media; smart cards,  whether or not recorded, excluding products of Chapter 37","308 612","308 497","115"
"","","[854231] Electronic integrated circuits; processors and controllers, whether or not combined with memories, converters, logic circuits, amplifiers, clock and timing circuits, or other circuits","1 091 234","1 089 318","1 916"
"","","[854239] Electronic integrated circuits; n.e.c. in heading no. 8542","76 053","","76 053"
"","","[854290] Parts of electronic integrated circuits","10 555","10 555",""
"","Thailand [TH]","[847330] Machinery; parts and accessories (other than covers, carrying cases and the like) of the machines of heading no. 8471","2 139 266 221","1 620 525 153","518 741 068"
"","","[852351] Semiconductor media; solid-state non-volatile storage devices, whether or not recorded, excluding products of Chapter 37","1 536 512 439","368 656 674","1 167 855 765"
"","","[852352] Semiconductor media; smart cards,  whether or not recorded, excluding products of Chapter 37","21 062 845","7 093 379","13 969 466"
"","","[854231] Electronic integrated circuits; processors and controllers, whether or not combined with memories, converters, logic circuits, amplifiers, clock and timing circuits, or other circuits","13 250 850 646","12 195 593 111","1 055 257 536"
"","","[854232] Electronic integrated circuits; memories","1 053 299 146","721 170 395","332 128 751"
"","","[854233] Electronic integrated circuits; amplifiers","135 777 191","52 404 903","83 372 287"
"","","[854239] Electronic integrated circuits; n.e.c. in heading no. 8542","6 877 613 077","3 944 123 939","2 933 489 138"
"","","[854290] Parts of electronic integrated circuits","1 040 915 480","593 820 633","447 094 847"
"","Timor-Leste [TL]","[847330] Machinery; parts and accessories (other than covers, carrying cases and the like) of the machines of heading no. 8471","285 834","285 834",""
"","","[852351] Semiconductor media; solid-state non-volatile storage devices, whether or not recorded, excluding products of Chapter 37","39 908","39 501","407"
"","","[852352] Semiconductor media; smart cards,  whether or not recorded, excluding products of Chapter 37","217","217",""
"","","[854231] Electronic integrated circuits; processors and controllers, whether or not combined with memories, converters, logic circuits, amplifiers, clock and timing circuits, or other circuits","1 723","1 723",""
"","","[854232] Electronic integrated circuits; memories","484","484",""
"","","[854233] Electronic integrated circuits; amplifiers","14 073","14 073",""
"","","[854239] Electronic integrated circuits; n.e.c. in heading no. 8542","143 074","142 498","576"
"","","[854290] Parts of electronic integrated circuits","6 034","6 034",""
"","Togo [TG]","[847330] Machinery; parts and accessories (other than covers, carrying cases and the like) of the machines of heading no. 8471","63 913","63 913",""
"","","[852351] Semiconductor media; solid-state non-volatile storage devices, whether or not recorded, excluding products of Chapter 37","14 233","14 233",""
"","","[854239] Electronic integrated circuits; n.e.c. in heading no. 8542","836","836",""
"","Tonga [TO]","[854290] Parts of electronic integrated circuits","3","3",""
"","Trinidad and Tobago [TT]","[847330] Machinery; parts and accessories (other than covers, carrying cases and the like) of the machines of heading no. 8471","58 787","58 669","118"
"","","[852351] Semiconductor media; solid-state non-volatile storage devices, whether or not recorded, excluding products of Chapter 37","4 885","4 885",""
"","","[852352] Semiconductor media; smart cards,  whether or not recorded, excluding products of Chapter 37","69","2","67"
"","","[854231] Electronic integrated circuits; processors and controllers, whether or not combined with memories, converters, logic circuits, amplifiers, clock and timing circuits, or other circuits","17 146","","17 146"
"","Tunisia [TN]","[847330] Machinery; parts and accessories (other than covers, carrying cases and the like) of the machines of heading no. 8471","11 469","7 759","3 710"
"","","[852351] Semiconductor media; solid-state non-volatile storage devices, whether or not recorded, excluding products of Chapter 37","21 088","20 391","697"
"","","[852352] Semiconductor media; smart cards,  whether or not recorded, excluding products of Chapter 37","647 976","647 976",""
"","","[854231] Electronic integrated circuits; processors and controllers, whether or not combined with memories, converters, logic circuits, amplifiers, clock and timing circuits, or other circuits","169 511 094","169 356 845","154 249"
"","","[854232] Electronic integrated circuits; memories","450 423","450 423",""
"","","[854233] Electronic integrated circuits; amplifiers","4 703 606","4 696 178","7 428"
"","","[854239] Electronic integrated circuits; n.e.c. in heading no. 8542","20 249 040","17 661 663","2 587 378"
"","","[854290] Parts of electronic integrated circuits","1 378 607","1 297 745","80 862"
"","Turkey [TR]","[847330] Machinery; parts and accessories (other than covers, carrying cases and the like) of the machines of heading no. 8471","20 018 714","15 243 034","4 775 680"
"","","[852351] Semiconductor media; solid-state non-volatile storage devices, whether or not recorded, excluding products of Chapter 37","25 364 725","25 320 378","44 347"
"","","[852352] Semiconductor media; smart cards,  whether or not recorded, excluding products of Chapter 37","2 680 213","2 616 433","63 780"
"","","[854231] Electronic integrated circuits; processors and controllers, whether or not combined with memories, converters, logic circuits, amplifiers, clock and timing circuits, or other circuits","22 495 755","22 488 580","7 175"
"","","[854232] Electronic integrated circuits; memories","13 279 736","12 864 848","414 889"
"","","[854233] Electronic integrated circuits; amplifiers","2 611 518","2 600 321","11 197"
"","","[854239] Electronic integrated circuits; n.e.c. in heading no. 8542","18 283 340","17 875 010","408 330"
"","","[854290] Parts of electronic integrated circuits","6 340 276","6 329 850","10 426"
"","Turkmenistan [TM]","[852351] Semiconductor media; solid-state non-volatile storage devices, whether or not recorded, excluding products of Chapter 37","119","119",""
"","","[852352] Semiconductor media; smart cards,  whether or not recorded, excluding products of Chapter 37","8 555","8 555",""
"","","[854239] Electronic integrated circuits; n.e.c. in heading no. 8542","25 607","","25 607"
"","","[854290] Parts of electronic integrated circuits","53","53",""
"","Turks and Caicos Islands [TC]","[854232] Electronic integrated circuits; memories","63 409","63 269","140"
"","","[854239] Electronic integrated circuits; n.e.c. in heading no. 8542","84 052","","84 052"
"","Tuvalu [TV]","[847330] Machinery; parts and accessories (other than covers, carrying cases and the like) of the machines of heading no. 8471","100","","100"
"","","[854233] Electronic integrated circuits; amplifiers","350","","350"
"","","[854239] Electronic integrated circuits; n.e.c. in heading no. 8542","183 940","","183 940"
"","Uganda [UG]","[847330] Machinery; parts and accessories (other than covers, carrying cases and the like) of the machines of heading no. 8471","7 380","6 911","469"
"","","[852351] Semiconductor media; solid-state non-volatile storage devices, whether or not recorded, excluding products of Chapter 37","4 840","4 840",""
"","","[854231] Electronic integrated circuits; processors and controllers, whether or not combined with memories, converters, logic circuits, amplifiers, clock and timing circuits, or other circuits","7 059","7 059",""
"","","[854239] Electronic integrated circuits; n.e.c. in heading no. 8542","658","658",""
"","Ukraine [UA]","[847330] Machinery; parts and accessories (other than covers, carrying cases and the like) of the machines of heading no. 8471","126 147","110 290","15 857"
"","","[852351] Semiconductor media; solid-state non-volatile storage devices, whether or not recorded, excluding products of Chapter 37","821 513","821 302","211"
"","","[852352] Semiconductor media; smart cards,  whether or not recorded, excluding products of Chapter 37","117","","117"
"","","[854231] Electronic integrated circuits; processors and controllers, whether or not combined with memories, converters, logic circuits, amplifiers, clock and timing circuits, or other circuits","132 418","130 509","1 910"
"","","[854232] Electronic integrated circuits; memories","23 827","19 818","4 009"
"","","[854233] Electronic integrated circuits; amplifiers","332 115","332 115",""
"","","[854239] Electronic integrated circuits; n.e.c. in heading no. 8542","3 363 802","3 203 882","159 920"
"","","[854290] Parts of electronic integrated circuits","12 535","12 106","430"
"","United Arab Emirates [AE]","[847330] Machinery; parts and accessories (other than covers, carrying cases and the like) of the machines of heading no. 8471","35 163 249","34 346 151","817 098"
"","","[852351] Semiconductor media; solid-state non-volatile storage devices, whether or not recorded, excluding products of Chapter 37","65 437 433","65 320 644","116 789"
"","","[852352] Semiconductor media; smart cards,  whether or not recorded, excluding products of Chapter 37","3 650 592","1 499 944","2 150 647"
"","","[854231] Electronic integrated circuits; processors and controllers, whether or not combined with memories, converters, logic circuits, amplifiers, clock and timing circuits, or other circuits","10 659 676","9 197 059","1 462 617"
"","","[854232] Electronic integrated circuits; memories","39 037 603","36 946 297","2 091 306"
"","","[854233] Electronic integrated circuits; amplifiers","60 860","60 751","108"
"","","[854239] Electronic integrated circuits; n.e.c. in heading no. 8542","3 280 329","2 385 195","895 134"
"","","[854290] Parts of electronic integrated circuits","6 449 210","6 286 232","162 978"
"","United Kingdom [GB]","[847330] Machinery; parts and accessories (other than covers, carrying cases and the like) of the machines of heading no. 8471","113 613 744","105 892 595","7 721 149"
"","","[852351] Semiconductor media; solid-state non-volatile storage devices, whether or not recorded, excluding products of Chapter 37","57 426 707","55 544 443","1 882 264"
"","","[852352] Semiconductor media; smart cards,  whether or not recorded, excluding products of Chapter 37","4 885 116","2 565 544","2 319 573"
"","","[854231] Electronic integrated circuits; processors and controllers, whether or not combined with memories, converters, logic circuits, amplifiers, clock and timing circuits, or other circuits","79 756 671","72 127 976","7 628 695"
"","","[854232] Electronic integrated circuits; memories","16 469 849","15 702 831","767 019"
"","","[854233] Electronic integrated circuits; amplifiers","11 209 531","10 140 391","1 069 141"
"","","[854239] Electronic integrated circuits; n.e.c. in heading no. 8542","451 990 455","130 710 813","321 279 643"
"","","[854290] Parts of electronic integrated circuits","73 550 452","37 394 153","36 156 299"
"","United States  Minor Outlying islands [UM]","[847330] Machinery; parts and accessories (other than covers, carrying cases and the like) of the machines of heading no. 8471","895","","895"
"","","[854231] Electronic integrated circuits; processors and controllers, whether or not combined with memories, converters, logic circuits, amplifiers, clock and timing circuits, or other circuits","17 160","17 160",""
"","","[854233] Electronic integrated circuits; amplifiers","48 775","48 775",""
"","","[854239] Electronic integrated circuits; n.e.c. in heading no. 8542","31 514","30 722","792"
"","United states [US]","[847330] Machinery; parts and accessories (other than covers, carrying cases and the like) of the machines of heading no. 8471","12 455 155 726","11 698 729 648","756 426 078"
"","","[852351] Semiconductor media; solid-state non-volatile storage devices, whether or not recorded, excluding products of Chapter 37","6 150 957 821","5 807 161 274","343 796 548"
"","","[852352] Semiconductor media; smart cards,  whether or not recorded, excluding products of Chapter 37","162 193 617","148 673 893","13 519 724"
"","","[854231] Electronic integrated circuits; processors and controllers, whether or not combined with memories, converters, logic circuits, amplifiers, clock and timing circuits, or other circuits","23 716 735 497","12 559 961 795","11 156 773 702"
"","","[854232] Electronic integrated circuits; memories","3 197 339 906","2 753 665 547","443 674 360"
"","","[854233] Electronic integrated circuits; amplifiers","500 205 003","320 575 220","179 629 783"
"","","[854239] Electronic integrated circuits; n.e.c. in heading no. 8542","8 788 692 921","4 967 428 860","3 821 264 061"
"","","[854290] Parts of electronic integrated circuits","6 756 842 442","4 684 704 504","2 072 137 939"
"","Uruguay [UY]","[847330] Machinery; parts and accessories (other than covers, carrying cases and the like) of the machines of heading no. 8471","1 358 271","1 358 271",""
"","","[852351] Semiconductor media; solid-state non-volatile storage devices, whether or not recorded, excluding products of Chapter 37","81 917","81 917",""
"","","[854231] Electronic integrated circuits; processors and controllers, whether or not combined with memories, converters, logic circuits, amplifiers, clock and timing circuits, or other circuits","2 413","2 413",""
"","","[854239] Electronic integrated circuits; n.e.c. in heading no. 8542","21 557","15 416","6 140"
"","","[854290] Parts of electronic integrated circuits","9 573","9 573",""
"","Uzbekistan [UZ]","[847330] Machinery; parts and accessories (other than covers, carrying cases and the like) of the machines of heading no. 8471","1 003 731","1 003 731",""
"","","[852352] Semiconductor media; smart cards,  whether or not recorded, excluding products of Chapter 37","10 777","10 606","171"
"","","[854231] Electronic integrated circuits; processors and controllers, whether or not combined with memories, converters, logic circuits, amplifiers, clock and timing circuits, or other circuits","16 945","8 405","8 541"
"","","[854239] Electronic integrated circuits; n.e.c. in heading no. 8542","756","","756"
"","Vanuatu [VU]","[847330] Machinery; parts and accessories (other than covers, carrying cases and the like) of the machines of heading no. 8471","29 266","","29 266"
"","","[852352] Semiconductor media; smart cards,  whether or not recorded, excluding products of Chapter 37","9","2","7"
"","Venezuela [VE]","[847330] Machinery; parts and accessories (other than covers, carrying cases and the like) of the machines of heading no. 8471","172 488","54 401","118 087"
"","","[852351] Semiconductor media; solid-state non-volatile storage devices, whether or not recorded, excluding products of Chapter 37","328","","328"
"","","[852352] Semiconductor media; smart cards,  whether or not recorded, excluding products of Chapter 37","2","2",""
"","","[854231] Electronic integrated circuits; processors and controllers, whether or not combined with memories, converters, logic circuits, amplifiers, clock and timing circuits, or other circuits","9 964","9 483","481"
"","","[854239] Electronic integrated circuits; n.e.c. in heading no. 8542","4 897","","4 897"
"","Viet Nam [VN]","[847330] Machinery; parts and accessories (other than covers, carrying cases and the like) of the machines of heading no. 8471","2 585 534 785","409 196 508","2 176 338 277"
"","","[852351] Semiconductor media; solid-state non-volatile storage devices, whether or not recorded, excluding products of Chapter 37","669 735 851","341 094 105","328 641 746"
"","","[852352] Semiconductor media; smart cards,  whether or not recorded, excluding products of Chapter 37","26 010 462","22 036 937","3 973 525"
"","","[854231] Electronic integrated circuits; processors and controllers, whether or not combined with memories, converters, logic circuits, amplifiers, clock and timing circuits, or other circuits","13 246 011 265","10 746 494 122","2 499 517 143"
"","","[854232] Electronic integrated circuits; memories","1 162 739 799","1 060 228 573","102 511 225"
"","","[854233] Electronic integrated circuits; amplifiers","260 623 998","259 795 792","828 206"
"","","[854239] Electronic integrated circuits; n.e.c. in heading no. 8542","3 426 308 353","2 380 883 222","1 045 425 130"
"","","[854290] Parts of electronic integrated circuits","623 581 071","534 056 157","89 524 913"
"","Virgin Islands (US) [VI]","[854231] Electronic integrated circuits; processors and controllers, whether or not combined with memories, converters, logic circuits, amplifiers, clock and timing circuits, or other circuits","16 978","16 978",""
"","","[854239] Electronic integrated circuits; n.e.c. in heading no. 8542","7 385","","7 385"
"","","[854290] Parts of electronic integrated circuits","1 354","1 354",""
"","Virgin Islands, British [VG]","[847330] Machinery; parts and accessories (other than covers, carrying cases and the like) of the machines of heading no. 8471","10 186 065","","10 186 065"
"","Yemen [YE]","[854231] Electronic integrated circuits; processors and controllers, whether or not combined with memories, converters, logic circuits, amplifiers, clock and timing circuits, or other circuits","13 660","","13 660"
"","","[854239] Electronic integrated circuits; n.e.c. in heading no. 8542","178 144","","178 144"
"","Zambia [ZM]","[847330] Machinery; parts and accessories (other than covers, carrying cases and the like) of the machines of heading no. 8471","2 691","2 691",""
"","","[852351] Semiconductor media; solid-state non-volatile storage devices, whether or not recorded, excluding products of Chapter 37","1 411","1 411",""
"","","[852352] Semiconductor media; smart cards,  whether or not recorded, excluding products of Chapter 37","1 420 716","1 420 674","42"
"","","[854239] Electronic integrated circuits; n.e.c. in heading no. 8542","17 870","17 870",""
"","","[854290] Parts of electronic integrated circuits","3 543","3 543",""
"","Zimbabwe [ZW]","[847330] Machinery; parts and accessories (other than covers, carrying cases and the like) of the machines of heading no. 8471","474","474",""
"","","[852352] Semiconductor media; smart cards,  whether or not recorded, excluding products of Chapter 37","12 041","11 859","182"
"","","[854290] Parts of electronic integrated circuits","4 483","4 483",""
"Cambodia","  European Union [EU-27]","[847330] Machinery; parts and accessories (other than covers, carrying cases and the like) of the machines of heading no. 8471","603","","603"
"","","[852351] Semiconductor media; solid-state non-volatile storage devices, whether or not recorded, excluding products of Chapter 37","13 820","","13 820"
"","","[852352] Semiconductor media; smart cards,  whether or not recorded, excluding products of Chapter 37","45 094","100","44 994"
"","","[854231] Electronic integrated circuits; processors and controllers, whether or not combined with memories, converters, logic circuits, amplifiers, clock and timing circuits, or other circuits","663","","663"
"","","[854232] Electronic integrated circuits; memories","68","","68"
"","","[854239] Electronic integrated circuits; n.e.c. in heading no. 8542","12 148 633","11 124 143","1 024 490"
"","","[854290] Parts of electronic integrated circuits","10 861","1 000","9 861"
""," ASEAN [00]","[847330] Machinery; parts and accessories (other than covers, carrying cases and the like) of the machines of heading no. 8471","51 906 876","51 770 669","136 207"
"","","[852351] Semiconductor media; solid-state non-volatile storage devices, whether or not recorded, excluding products of Chapter 37","32 087","","32 087"
"","","[852352] Semiconductor media; smart cards,  whether or not recorded, excluding products of Chapter 37","994 486","100","994 386"
"","","[854231] Electronic integrated circuits; processors and controllers, whether or not combined with memories, converters, logic circuits, amplifiers, clock and timing circuits, or other circuits","369 937","1 165","368 772"
"","","[854239] Electronic integrated circuits; n.e.c. in heading no. 8542","50 091 549","36 518 367","13 573 182"
"","","[854290] Parts of electronic integrated circuits","184 907","36 292","148 615"
""," Extra-ASEAN [88]","[847330] Machinery; parts and accessories (other than covers, carrying cases and the like) of the machines of heading no. 8471","6 119 860","1 781 042","4 338 818"
"","","[852351] Semiconductor media; solid-state non-volatile storage devices, whether or not recorded, excluding products of Chapter 37","1 638 566","160","1 638 406"
"","","[852352] Semiconductor media; smart cards,  whether or not recorded, excluding products of Chapter 37","4 197 350","419","4 196 931"
"","","[854231] Electronic integrated circuits; processors and controllers, whether or not combined with memories, converters, logic circuits, amplifiers, clock and timing circuits, or other circuits","717 659","150","717 509"
"","","[854232] Electronic integrated circuits; memories","8 936","80","8 856"
"","","[854233] Electronic integrated circuits; amplifiers","48 376","50","48 326"
"","","[854239] Electronic integrated circuits; n.e.c. in heading no. 8542","232 916 266","28 178 451","204 737 815"
"","","[854290] Parts of electronic integrated circuits","395 294","1 000","394 294"
""," WORLD [99]","[847330] Machinery; parts and accessories (other than covers, carrying cases and the like) of the machines of heading no. 8471","58 026 735","53 551 710","4 475 025"
"","","[852351] Semiconductor media; solid-state non-volatile storage devices, whether or not recorded, excluding products of Chapter 37","1 670 653","160","1 670 493"
"","","[852352] Semiconductor media; smart cards,  whether or not recorded, excluding products of Chapter 37","5 191 836","519","5 191 317"
"","","[854231] Electronic integrated circuits; processors and controllers, whether or not combined with memories, converters, logic circuits, amplifiers, clock and timing circuits, or other circuits","1 087 596","1 315","1 086 281"
"","","[854232] Electronic integrated circuits; memories","8 936","80","8 856"
"","","[854233] Electronic integrated circuits; amplifiers","48 376","50","48 326"
"","","[854239] Electronic integrated circuits; n.e.c. in heading no. 8542","283 007 815","64 696 819","218 310 997"
"","","[854290] Parts of electronic integrated circuits","580 201","37 292","542 909"
"","Austria [AT]","[852352] Semiconductor media; smart cards,  whether or not recorded, excluding products of Chapter 37","2 702","","2 702"
"","","[854239] Electronic integrated circuits; n.e.c. in heading no. 8542","78 662","","78 662"
"","Belgium [BE]","[854239] Electronic integrated circuits; n.e.c. in heading no. 8542","38 958","","38 958"
"","Brazil [BR]","[852352] Semiconductor media; smart cards,  whether or not recorded, excluding products of Chapter 37","2 898","","2 898"
"","","[854239] Electronic integrated circuits; n.e.c. in heading no. 8542","87 493","87 493",""
"","Bulgaria [BG]","[852352] Semiconductor media; smart cards,  whether or not recorded, excluding products of Chapter 37","5 510","","5 510"
"","Cambodia [KH]","[847330] Machinery; parts and accessories (other than covers, carrying cases and the like) of the machines of heading no. 8471","36","","36"
"","","[852351] Semiconductor media; solid-state non-volatile storage devices, whether or not recorded, excluding products of Chapter 37","44","","44"
"","","[854239] Electronic integrated circuits; n.e.c. in heading no. 8542","6 956 555","6 956 555",""
"","Canada [CA]","[847330] Machinery; parts and accessories (other than covers, carrying cases and the like) of the machines of heading no. 8471","6 500","","6 500"
"","","[852351] Semiconductor media; solid-state non-volatile storage devices, whether or not recorded, excluding products of Chapter 37","395","","395"
"","","[854239] Electronic integrated circuits; n.e.c. in heading no. 8542","634 151","634 151",""
"","China (People's Republic of) [CN]","[847330] Machinery; parts and accessories (other than covers, carrying cases and the like) of the machines of heading no. 8471","6 096 783","1 771 071","4 325 712"
"","","[852351] Semiconductor media; solid-state non-volatile storage devices, whether or not recorded, excluding products of Chapter 37","1 608 155","100","1 608 055"
"","","[852352] Semiconductor media; smart cards,  whether or not recorded, excluding products of Chapter 37","3 980 826","220","3 980 607"
"","","[854231] Electronic integrated circuits; processors and controllers, whether or not combined with memories, converters, logic circuits, amplifiers, clock and timing circuits, or other circuits","705 553","150","705 403"
"","","[854232] Electronic integrated circuits; memories","358","80","278"
"","","[854233] Electronic integrated circuits; amplifiers","42 905","","42 905"
"","","[854239] Electronic integrated circuits; n.e.c. in heading no. 8542","80 191 986","1 539 378","78 652 609"
"","","[854290] Parts of electronic integrated circuits","299 301","","299 301"
"","Costa Rica [CR]","[854231] Electronic integrated circuits; processors and controllers, whether or not combined with memories, converters, logic circuits, amplifiers, clock and timing circuits, or other circuits","1 270","","1 270"
"","Croatia [HR]","[854239] Electronic integrated circuits; n.e.c. in heading no. 8542","5 364","","5 364"
"","Czech Republic [CZ]","[854239] Electronic integrated circuits; n.e.c. in heading no. 8542","379","","379"
"","Denmark [DK]","[854239] Electronic integrated circuits; n.e.c. in heading no. 8542","3 354 865","2 920 174","434 692"
"","","[854290] Parts of electronic integrated circuits","5 335","","5 335"
"","El Salvador [SV]","[854239] Electronic integrated circuits; n.e.c. in heading no. 8542","6 621","","6 621"
"","Estonia [EE]","[852351] Semiconductor media; solid-state non-volatile storage devices, whether or not recorded, excluding products of Chapter 37","122","","122"
"","France [FR]","[847330] Machinery; parts and accessories (other than covers, carrying cases and the like) of the machines of heading no. 8471","300","","300"
"","","[852351] Semiconductor media; solid-state non-volatile storage devices, whether or not recorded, excluding products of Chapter 37","2 366","","2 366"
"","","[852352] Semiconductor media; smart cards,  whether or not recorded, excluding products of Chapter 37","3 161","","3 161"
"","","[854232] Electronic integrated circuits; memories","68","","68"
"","","[854239] Electronic integrated circuits; n.e.c. in heading no. 8542","1 664 189","1 287 286","376 903"
"","","[854290] Parts of electronic integrated circuits","1 000","1 000",""
"","Georgia [GE]","[854239] Electronic integrated circuits; n.e.c. in heading no. 8542","2 146","","2 146"
"","Germany [DE]","[847330] Machinery; parts and accessories (other than covers, carrying cases and the like) of the machines of heading no. 8471","183","","183"
"","","[852351] Semiconductor media; solid-state non-volatile storage devices, whether or not recorded, excluding products of Chapter 37","9 874","","9 874"
"","","[852352] Semiconductor media; smart cards,  whether or not recorded, excluding products of Chapter 37","232","","232"
"","","[854239] Electronic integrated circuits; n.e.c. in heading no. 8542","26 297","","26 297"
"","","[854290] Parts of electronic integrated circuits","4 526","","4 526"
"","Ghana [GH]","[852352] Semiconductor media; smart cards,  whether or not recorded, excluding products of Chapter 37","100","100",""
"","Hong Kong [HK]","[847330] Machinery; parts and accessories (other than covers, carrying cases and the like) of the machines of heading no. 8471","6 706","6 706",""
"","","[852351] Semiconductor media; solid-state non-volatile storage devices, whether or not recorded, excluding products of Chapter 37","113","","113"
"","","[852352] Semiconductor media; smart cards,  whether or not recorded, excluding products of Chapter 37","49 282","","49 282"
"","","[854231] Electronic integrated circuits; processors and controllers, whether or not combined with memories, converters, logic circuits, amplifiers, clock and timing circuits, or other circuits","1 808","","1 808"
"","","[854239] Electronic integrated circuits; n.e.c. in heading no. 8542","6 375 271","5 227 436","1 147 835"
"","","[854290] Parts of electronic integrated circuits","14 745","","14 745"
"","Hungary [HU]","[854239] Electronic integrated circuits; n.e.c. in heading no. 8542","26 306","277","26 029"
"","India [IN]","[852352] Semiconductor media; smart cards,  whether or not recorded, excluding products of Chapter 37","139","","139"
"","","[854231] Electronic integrated circuits; processors and controllers, whether or not combined with memories, converters, logic circuits, amplifiers, clock and timing circuits, or other circuits","88","","88"
"","","[854239] Electronic integrated circuits; n.e.c. in heading no. 8542","450 620","449 252","1 369"
"","Indonesia [ID]","[852351] Semiconductor media; solid-state non-volatile storage devices, whether or not recorded, excluding products of Chapter 37","7","","7"
"","","[852352] Semiconductor media; smart cards,  whether or not recorded, excluding products of Chapter 37","1 921","","1 921"
"","","[854239] Electronic integrated circuits; n.e.c. in heading no. 8542","30 960","","30 960"
"","Italy [IT]","[854231] Electronic integrated circuits; processors and controllers, whether or not combined with memories, converters, logic circuits, amplifiers, clock and timing circuits, or other circuits","663","","663"
"","","[854239] Electronic integrated circuits; n.e.c. in heading no. 8542","4 307 036","4 303 782","3 253"
"","Japan [JP]","[847330] Machinery; parts and accessories (other than covers, carrying cases and the like) of the machines of heading no. 8471","2 644","","2 644"
"","","[852351] Semiconductor media; solid-state non-volatile storage devices, whether or not recorded, excluding products of Chapter 37","1 763","","1 763"
"","","[852352] Semiconductor media; smart cards,  whether or not recorded, excluding products of Chapter 37","51 064","","51 064"
"","","[854231] Electronic integrated circuits; processors and controllers, whether or not combined with memories, converters, logic circuits, amplifiers, clock and timing circuits, or other circuits","307","","307"
"","","[854232] Electronic integrated circuits; memories","5 517","","5 517"
"","","[854233] Electronic integrated circuits; amplifiers","5 471","50","5 421"
"","","[854239] Electronic integrated circuits; n.e.c. in heading no. 8542","6 229 644","289 889","5 939 755"
"","","[854290] Parts of electronic integrated circuits","211","","211"
"","Korea, Republic of [KR]","[847330] Machinery; parts and accessories (other than covers, carrying cases and the like) of the machines of heading no. 8471","473","","473"
"","","[852351] Semiconductor media; solid-state non-volatile storage devices, whether or not recorded, excluding products of Chapter 37","417","60","357"
"","","[854231] Electronic integrated circuits; processors and controllers, whether or not combined with memories, converters, logic circuits, amplifiers, clock and timing circuits, or other circuits","1 300","","1 300"
"","","[854232] Electronic integrated circuits; memories","65","","65"
"","","[854239] Electronic integrated circuits; n.e.c. in heading no. 8542","35 107 421","10 399","35 097 022"
"","","[854290] Parts of electronic integrated circuits","506","","506"
"","Libyan Arab Jamahiriya [LY]","[852352] Semiconductor media; smart cards,  whether or not recorded, excluding products of Chapter 37","4","","4"
"","Malaysia [MY]","[847330] Machinery; parts and accessories (other than covers, carrying cases and the like) of the machines of heading no. 8471","60 182","","60 182"
"","","[852351] Semiconductor media; solid-state non-volatile storage devices, whether or not recorded, excluding products of Chapter 37","2 175","","2 175"
"","","[852352] Semiconductor media; smart cards,  whether or not recorded, excluding products of Chapter 37","137","","137"
"","","[854231] Electronic integrated circuits; processors and controllers, whether or not combined with memories, converters, logic circuits, amplifiers, clock and timing circuits, or other circuits","978","","978"
"","","[854239] Electronic integrated circuits; n.e.c. in heading no. 8542","3 720 985","","3 720 985"
"","Malta [MT]","[854239] Electronic integrated circuits; n.e.c. in heading no. 8542","3 680","","3 680"
"","Mexico [MX]","[852351] Semiconductor media; solid-state non-volatile storage devices, whether or not recorded, excluding products of Chapter 37","81","","81"
"","","[854231] Electronic integrated circuits; processors and controllers, whether or not combined with memories, converters, logic circuits, amplifiers, clock and timing circuits, or other circuits","4 197","","4 197"
"","","[854239] Electronic integrated circuits; n.e.c. in heading no. 8542","226 780","55 816","170 964"
"","Netherlands [NL]","[847330] Machinery; parts and accessories (other than covers, carrying cases and the like) of the machines of heading no. 8471","120","","120"
"","","[852351] Semiconductor media; solid-state non-volatile storage devices, whether or not recorded, excluding products of Chapter 37","1 459","","1 459"
"","","[852352] Semiconductor media; smart cards,  whether or not recorded, excluding products of Chapter 37","8 732","100","8 632"
"","","[854239] Electronic integrated circuits; n.e.c. in heading no. 8542","1 761 699","1 756 580","5 119"
"","Philippines [PH]","[847330] Machinery; parts and accessories (other than covers, carrying cases and the like) of the machines of heading no. 8471","4 242","","4 242"
"","","[852351] Semiconductor media; solid-state non-volatile storage devices, whether or not recorded, excluding products of Chapter 37","26 855","","26 855"
"","","[852352] Semiconductor media; smart cards,  whether or not recorded, excluding products of Chapter 37","1 270","100","1 170"
"","","[854239] Electronic integrated circuits; n.e.c. in heading no. 8542","3 508 381","68 525","3 439 856"
"","Poland [PL]","[852352] Semiconductor media; smart cards,  whether or not recorded, excluding products of Chapter 37","24 515","","24 515"
"","","[854239] Electronic integrated circuits; n.e.c. in heading no. 8542","7 932","7 831","101"
"","Qatar [QA]","[852352] Semiconductor media; smart cards,  whether or not recorded, excluding products of Chapter 37","7","","7"
"","Romania [RO]","[854239] Electronic integrated circuits; n.e.c. in heading no. 8542","1 525","","1 525"
"","Singapore [SG]","[847330] Machinery; parts and accessories (other than covers, carrying cases and the like) of the machines of heading no. 8471","3 775","3 303","472"
"","","[852351] Semiconductor media; solid-state non-volatile storage devices, whether or not recorded, excluding products of Chapter 37","2 973","","2 973"
"","","[852352] Semiconductor media; smart cards,  whether or not recorded, excluding products of Chapter 37","176 723","","176 723"
"","","[854231] Electronic integrated circuits; processors and controllers, whether or not combined with memories, converters, logic circuits, amplifiers, clock and timing circuits, or other circuits","57","","57"
"","","[854239] Electronic integrated circuits; n.e.c. in heading no. 8542","1 734 644","1 457 965","276 679"
"","","[854290] Parts of electronic integrated circuits","134 790","","134 790"
"","Slovakia [SK]","[854239] Electronic integrated circuits; n.e.c. in heading no. 8542","2 328","","2 328"
"","Spain [ES]","[852352] Semiconductor media; smart cards,  whether or not recorded, excluding products of Chapter 37","242","","242"
"","","[854239] Electronic integrated circuits; n.e.c. in heading no. 8542","148 467","148 467",""
"","Sri Lanka [LK]","[847330] Machinery; parts and accessories (other than covers, carrying cases and the like) of the machines of heading no. 8471","2","2",""
"","Sweden [SE]","[854239] Electronic integrated circuits; n.e.c. in heading no. 8542","720 946","699 746","21 200"
"","Switzerland [CH]","[852352] Semiconductor media; smart cards,  whether or not recorded, excluding products of Chapter 37","75","","75"
"","","[854239] Electronic integrated circuits; n.e.c. in heading no. 8542","87 675","","87 675"
"","Taiwan [TW]","[852351] Semiconductor media; solid-state non-volatile storage devices, whether or not recorded, excluding products of Chapter 37","888","","888"
"","","[852352] Semiconductor media; smart cards,  whether or not recorded, excluding products of Chapter 37","28 317","","28 317"
"","","[854232] Electronic integrated circuits; memories","807","","807"
"","","[854239] Electronic integrated circuits; n.e.c. in heading no. 8542","79 001 419","","79 001 419"
"","","[854290] Parts of electronic integrated circuits","61 113","","61 113"
"","Tajikistan [TJ]","[854239] Electronic integrated circuits; n.e.c. in heading no. 8542","220","","220"
"","Thailand [TH]","[847330] Machinery; parts and accessories (other than covers, carrying cases and the like) of the machines of heading no. 8471","51 833 922","51 767 366","66 557"
"","","[852351] Semiconductor media; solid-state non-volatile storage devices, whether or not recorded, excluding products of Chapter 37","34","","34"
"","","[852352] Semiconductor media; smart cards,  whether or not recorded, excluding products of Chapter 37","812 281","","812 281"
"","","[854231] Electronic integrated circuits; processors and controllers, whether or not combined with memories, converters, logic circuits, amplifiers, clock and timing circuits, or other circuits","1 165","1 165",""
"","","[854239] Electronic integrated circuits; n.e.c. in heading no. 8542","33 774 861","28 035 322","5 739 539"
"","","[854290] Parts of electronic integrated circuits","50 117","36 292","13 825"
"","Turkey [TR]","[852351] Semiconductor media; solid-state non-volatile storage devices, whether or not recorded, excluding products of Chapter 37","177","","177"
"","","[852352] Semiconductor media; smart cards,  whether or not recorded, excluding products of Chapter 37","4","","4"
"","United Arab Emirates [AE]","[852352] Semiconductor media; smart cards,  whether or not recorded, excluding products of Chapter 37","36 190","","36 190"
"","","[854239] Electronic integrated circuits; n.e.c. in heading no. 8542","280 028","280 028",""
"","United Kingdom [GB]","[847330] Machinery; parts and accessories (other than covers, carrying cases and the like) of the machines of heading no. 8471","117","","117"
"","","[854239] Electronic integrated circuits; n.e.c. in heading no. 8542","3 424 168","3 249 896","174 272"
"","United states [US]","[847330] Machinery; parts and accessories (other than covers, carrying cases and the like) of the machines of heading no. 8471","6 032","3 262","2 770"
"","","[852351] Semiconductor media; solid-state non-volatile storage devices, whether or not recorded, excluding products of Chapter 37","12 755","","12 755"
"","","[852352] Semiconductor media; smart cards,  whether or not recorded, excluding products of Chapter 37","3 350","","3 350"
"","","[854231] Electronic integrated circuits; processors and controllers, whether or not combined with memories, converters, logic circuits, amplifiers, clock and timing circuits, or other circuits","2 474","","2 474"
"","","[854232] Electronic integrated circuits; memories","2 122","","2 122"
"","","[854239] Electronic integrated circuits; n.e.c. in heading no. 8542","8 661 990","5 230 571","3 431 419"
"","","[854290] Parts of electronic integrated circuits","8 557","","8 557"
"","Viet Nam [VN]","[847330] Machinery; parts and accessories (other than covers, carrying cases and the like) of the machines of heading no. 8471","4 718","","4 718"
"","","[852352] Semiconductor media; smart cards,  whether or not recorded, excluding products of Chapter 37","2 153","","2 153"
"","","[854231] Electronic integrated circuits; processors and controllers, whether or not combined with memories, converters, logic circuits, amplifiers, clock and timing circuits, or other circuits","367 737","","367 737"
"","","[854239] Electronic integrated circuits; n.e.c. in heading no. 8542","365 164","","365 164"
"Indonesia","  European Union [EU-27]","[847330] Machinery; parts and accessories (other than covers, carrying cases and the like) of the machines of heading no. 8471","4 635 691","2 141 354","2 494 337"
"","","[852351] Semiconductor media; solid-state non-volatile storage devices, whether or not recorded, excluding products of Chapter 37","35 104 477","53 780","35 050 696"
"","","[852352] Semiconductor media; smart cards,  whether or not recorded, excluding products of Chapter 37","8 988 070","8 536 780","451 290"
"","","[854231] Electronic integrated circuits; processors and controllers, whether or not combined with memories, converters, logic circuits, amplifiers, clock and timing circuits, or other circuits","16 388 201","7 781 462","8 606 739"
"","","[854232] Electronic integrated circuits; memories","5 542 092","5 212 830","329 263"
"","","[854233] Electronic integrated circuits; amplifiers","3 735 436","697 178","3 038 258"
"","","[854239] Electronic integrated circuits; n.e.c. in heading no. 8542","70 719 378","67 225 061","3 494 317"
"","","[854290] Parts of electronic integrated circuits","138 314 183","231 407","138 082 777"
""," ASEAN [00]","[847330] Machinery; parts and accessories (other than covers, carrying cases and the like) of the machines of heading no. 8471","298 811 349","222 803 601","76 007 749"
"","","[852351] Semiconductor media; solid-state non-volatile storage devices, whether or not recorded, excluding products of Chapter 37","24 029 630","330 736","23 698 895"
"","","[852352] Semiconductor media; smart cards,  whether or not recorded, excluding products of Chapter 37","11 146 004","3 499 429","7 646 574"
"","","[854231] Electronic integrated circuits; processors and controllers, whether or not combined with memories, converters, logic circuits, amplifiers, clock and timing circuits, or other circuits","111 870 732","42 051 203","69 819 528"
"","","[854232] Electronic integrated circuits; memories","29 098 176","2 080 960","27 017 216"
"","","[854233] Electronic integrated circuits; amplifiers","10 851 336","1 068 847","9 782 489"
"","","[854239] Electronic integrated circuits; n.e.c. in heading no. 8542","407 859 216","311 760 868","96 098 347"
"","","[854290] Parts of electronic integrated circuits","806 747 416","36 256 368","770 491 048"
""," Extra-ASEAN [88]","[847330] Machinery; parts and accessories (other than covers, carrying cases and the like) of the machines of heading no. 8471","413 897 616","39 705 202","374 192 413"
"","","[852351] Semiconductor media; solid-state non-volatile storage devices, whether or not recorded, excluding products of Chapter 37","104 882 799","6 056 737","98 826 062"
"","","[852352] Semiconductor media; smart cards,  whether or not recorded, excluding products of Chapter 37","69 970 257","23 313 306","46 656 951"
"","","[854231] Electronic integrated circuits; processors and controllers, whether or not combined with memories, converters, logic circuits, amplifiers, clock and timing circuits, or other circuits","771 130 922","164 706 019","606 424 903"
"","","[854232] Electronic integrated circuits; memories","482 753 027","13 988 534","468 764 492"
"","","[854233] Electronic integrated circuits; amplifiers","154 063 472","3 462 727","150 600 745"
"","","[854239] Electronic integrated circuits; n.e.c. in heading no. 8542","340 186 618","85 599 687","254 586 931"
"","","[854290] Parts of electronic integrated circuits","2 099 852 838","58 058 852","2 041 793 987"
""," WORLD [99]","[847330] Machinery; parts and accessories (other than covers, carrying cases and the like) of the machines of heading no. 8471","712 708 965","262 508 803","450 200 162"
"","","[852351] Semiconductor media; solid-state non-volatile storage devices, whether or not recorded, excluding products of Chapter 37","128 912 430","6 387 473","122 524 956"
"","","[852352] Semiconductor media; smart cards,  whether or not recorded, excluding products of Chapter 37","81 116 261","26 812 736","54 303 525"
"","","[854231] Electronic integrated circuits; processors and controllers, whether or not combined with memories, converters, logic circuits, amplifiers, clock and timing circuits, or other circuits","883 001 653","206 757 222","676 244 431"
"","","[854232] Electronic integrated circuits; memories","511 851 203","16 069 494","495 781 709"
"","","[854233] Electronic integrated circuits; amplifiers","164 914 808","4 531 574","160 383 234"
"","","[854239] Electronic integrated circuits; n.e.c. in heading no. 8542","748 045 834","397 360 555","350 685 278"
"","","[854290] Parts of electronic integrated circuits","2 906 600 255","94 315 220","2 812 285 035"
"","Albania [AL]","[854290] Parts of electronic integrated circuits","10","","10"
"","Algeria [DZ]","[847330] Machinery; parts and accessories (other than covers, carrying cases and the like) of the machines of heading no. 8471","10 808","10 808",""
"","","[854231] Electronic integrated circuits; processors and controllers, whether or not combined with memories, converters, logic circuits, amplifiers, clock and timing circuits, or other circuits","563 328","546 574","16 753"
"","","[854232] Electronic integrated circuits; memories","114 255","109 189","5 066"
"","","[854233] Electronic integrated circuits; amplifiers","12 933","11 890","1 043"
"","","[854239] Electronic integrated circuits; n.e.c. in heading no. 8542","58 569","56 358","2 211"
"","American Samoa [AS]","[847330] Machinery; parts and accessories (other than covers, carrying cases and the like) of the machines of heading no. 8471","564","","564"
"","Andorra [AD]","[854290] Parts of electronic integrated circuits","29 407","","29 407"
"","Angola [AO]","[847330] Machinery; parts and accessories (other than covers, carrying cases and the like) of the machines of heading no. 8471","1 534","","1 534"
"","Anguilla [AI]","[852352] Semiconductor media; smart cards,  whether or not recorded, excluding products of Chapter 37","281","","281"
"","Argentina [AR]","[847330] Machinery; parts and accessories (other than covers, carrying cases and the like) of the machines of heading no. 8471","714","714",""
"","","[852352] Semiconductor media; smart cards,  whether or not recorded, excluding products of Chapter 37","294 840","294 840",""
"","","[854231] Electronic integrated circuits; processors and controllers, whether or not combined with memories, converters, logic circuits, amplifiers, clock and timing circuits, or other circuits","767 825","767 825",""
"","","[854232] Electronic integrated circuits; memories","175 366","175 366",""
"","","[854233] Electronic integrated circuits; amplifiers","27 797","27 797",""
"","","[854239] Electronic integrated circuits; n.e.c. in heading no. 8542","104 946","104 946",""
"","","[854290] Parts of electronic integrated circuits","181","","181"
"","Australia [AU]","[847330] Machinery; parts and accessories (other than covers, carrying cases and the like) of the machines of heading no. 8471","225 929","112 287","113 642"
"","","[852351] Semiconductor media; solid-state non-volatile storage devices, whether or not recorded, excluding products of Chapter 37","17 451","1 835","15 616"
"","","[852352] Semiconductor media; smart cards,  whether or not recorded, excluding products of Chapter 37","636 644","74","636 570"
"","","[854231] Electronic integrated circuits; processors and controllers, whether or not combined with memories, converters, logic circuits, amplifiers, clock and timing circuits, or other circuits","86 701","78 129","8 572"
"","","[854233] Electronic integrated circuits; amplifiers","14 633","","14 633"
"","","[854239] Electronic integrated circuits; n.e.c. in heading no. 8542","6 614","3 243","3 372"
"","","[854290] Parts of electronic integrated circuits","375 991","10 046","365 945"
"","Austria [AT]","[847330] Machinery; parts and accessories (other than covers, carrying cases and the like) of the machines of heading no. 8471","48 798","","48 798"
"","","[852351] Semiconductor media; solid-state non-volatile storage devices, whether or not recorded, excluding products of Chapter 37","26 574","","26 574"
"","","[852352] Semiconductor media; smart cards,  whether or not recorded, excluding products of Chapter 37","520","","520"
"","","[854231] Electronic integrated circuits; processors and controllers, whether or not combined with memories, converters, logic circuits, amplifiers, clock and timing circuits, or other circuits","141 282","121 057","20 225"
"","","[854233] Electronic integrated circuits; amplifiers","101 240","","101 240"
"","","[854239] Electronic integrated circuits; n.e.c. in heading no. 8542","214 998","29 097","185 900"
"","","[854290] Parts of electronic integrated circuits","7 572 226","","7 572 226"
"","Bahamas [BS]","[852352] Semiconductor media; smart cards,  whether or not recorded, excluding products of Chapter 37","126","","126"
"","Bangladesh [BD]","[847330] Machinery; parts and accessories (other than covers, carrying cases and the like) of the machines of heading no. 8471","990","990",""
"","","[852352] Semiconductor media; smart cards,  whether or not recorded, excluding products of Chapter 37","62 235","","62 235"
"","","[854231] Electronic integrated circuits; processors and controllers, whether or not combined with memories, converters, logic circuits, amplifiers, clock and timing circuits, or other circuits","6 509","6 509",""
"","","[854239] Electronic integrated circuits; n.e.c. in heading no. 8542","249 819","249 819",""
"","Belarus [BY]","[847330] Machinery; parts and accessories (other than covers, carrying cases and the like) of the machines of heading no. 8471","154","","154"
"","","[854231] Electronic integrated circuits; processors and controllers, whether or not combined with memories, converters, logic circuits, amplifiers, clock and timing circuits, or other circuits","1 284","","1 284"
"","","[854290] Parts of electronic integrated circuits","82","","82"
"","Belgium [BE]","[847330] Machinery; parts and accessories (other than covers, carrying cases and the like) of the machines of heading no. 8471","24 639","","24 639"
"","","[852351] Semiconductor media; solid-state non-volatile storage devices, whether or not recorded, excluding products of Chapter 37","3 314","","3 314"
"","","[852352] Semiconductor media; smart cards,  whether or not recorded, excluding products of Chapter 37","66","","66"
"","","[854231] Electronic integrated circuits; processors and controllers, whether or not combined with memories, converters, logic circuits, amplifiers, clock and timing circuits, or other circuits","3 134","157","2 977"
"","","[854239] Electronic integrated circuits; n.e.c. in heading no. 8542","1 366","","1 366"
"","","[854290] Parts of electronic integrated circuits","1 068 256","","1 068 256"
"","Benin [BJ]","[852352] Semiconductor media; smart cards,  whether or not recorded, excluding products of Chapter 37","180 000","180 000",""
"","Bermuda [BM]","[852352] Semiconductor media; smart cards,  whether or not recorded, excluding products of Chapter 37","78","","78"
"","Bhutan [BT]","[847330] Machinery; parts and accessories (other than covers, carrying cases and the like) of the machines of heading no. 8471","60","","60"
"","Bolivia [BO]","[852352] Semiconductor media; smart cards,  whether or not recorded, excluding products of Chapter 37","92 500","92 500",""
"","Bosnia and Herzegovina [BA]","[854290] Parts of electronic integrated circuits","60","","60"
"","Brazil [BR]","[847330] Machinery; parts and accessories (other than covers, carrying cases and the like) of the machines of heading no. 8471","103 866","103 840","26"
"","","[852351] Semiconductor media; solid-state non-volatile storage devices, whether or not recorded, excluding products of Chapter 37","42","","42"
"","","[852352] Semiconductor media; smart cards,  whether or not recorded, excluding products of Chapter 37","981 501","981 234","267"
"","","[854231] Electronic integrated circuits; processors and controllers, whether or not combined with memories, converters, logic circuits, amplifiers, clock and timing circuits, or other circuits","22 854 863","22 701 707","153 156"
"","","[854232] Electronic integrated circuits; memories","2 255 268","2 255 268",""
"","","[854233] Electronic integrated circuits; amplifiers","611 546","611 546",""
"","","[854239] Electronic integrated circuits; n.e.c. in heading no. 8542","1 094 641","1 090 574","4 067"
"","","[854290] Parts of electronic integrated circuits","15 469 003","15 465 588","3 415"
"","Brunei Darussalam [BN]","[847330] Machinery; parts and accessories (other than covers, carrying cases and the like) of the machines of heading no. 8471","2 243","2 243",""
"","","[852352] Semiconductor media; smart cards,  whether or not recorded, excluding products of Chapter 37","110","","110"
"","Bulgaria [BG]","[847330] Machinery; parts and accessories (other than covers, carrying cases and the like) of the machines of heading no. 8471","4 638","900","3 738"
"","","[852352] Semiconductor media; smart cards,  whether or not recorded, excluding products of Chapter 37","1 059","1 000","59"
"","","[854231] Electronic integrated circuits; processors and controllers, whether or not combined with memories, converters, logic circuits, amplifiers, clock and timing circuits, or other circuits","233 345","228 862","4 483"
"","","[854239] Electronic integrated circuits; n.e.c. in heading no. 8542","32","","32"
"","","[854290] Parts of electronic integrated circuits","300 114","","300 114"
"","Cambodia [KH]","[847330] Machinery; parts and accessories (other than covers, carrying cases and the like) of the machines of heading no. 8471","1 783","1 237","546"
"","","[852351] Semiconductor media; solid-state non-volatile storage devices, whether or not recorded, excluding products of Chapter 37","57","7","50"
"","","[852352] Semiconductor media; smart cards,  whether or not recorded, excluding products of Chapter 37","1 093","","1 093"
"","","[854239] Electronic integrated circuits; n.e.c. in heading no. 8542","39 616","39 616",""
"","Canada [CA]","[847330] Machinery; parts and accessories (other than covers, carrying cases and the like) of the machines of heading no. 8471","208 169","172 032","36 137"
"","","[852351] Semiconductor media; solid-state non-volatile storage devices, whether or not recorded, excluding products of Chapter 37","70 488","","70 488"
"","","[852352] Semiconductor media; smart cards,  whether or not recorded, excluding products of Chapter 37","6 600","1 644","4 956"
"","","[854231] Electronic integrated circuits; processors and controllers, whether or not combined with memories, converters, logic circuits, amplifiers, clock and timing circuits, or other circuits","54 163","","54 163"
"","","[854233] Electronic integrated circuits; amplifiers","630","","630"
"","","[854239] Electronic integrated circuits; n.e.c. in heading no. 8542","17 967","11 593","6 374"
"","","[854290] Parts of electronic integrated circuits","288 095","","288 095"
"","Chile [CL]","[847330] Machinery; parts and accessories (other than covers, carrying cases and the like) of the machines of heading no. 8471","5 738","5 738",""
"","","[852352] Semiconductor media; smart cards,  whether or not recorded, excluding products of Chapter 37","258","","258"
"","","[854231] Electronic integrated circuits; processors and controllers, whether or not combined with memories, converters, logic circuits, amplifiers, clock and timing circuits, or other circuits","127","127",""
"","China (People's Republic of) [CN]","[847330] Machinery; parts and accessories (other than covers, carrying cases and the like) of the machines of heading no. 8471","261 395 056","2 010 008","259 385 048"
"","","[852351] Semiconductor media; solid-state non-volatile storage devices, whether or not recorded, excluding products of Chapter 37","41 040 666","2 127","41 038 539"
"","","[852352] Semiconductor media; smart cards,  whether or not recorded, excluding products of Chapter 37","31 679 274","2 382 364","29 296 910"
"","","[854231] Electronic integrated circuits; processors and controllers, whether or not combined with memories, converters, logic circuits, amplifiers, clock and timing circuits, or other circuits","138 640 809","19 265 775","119 375 034"
"","","[854232] Electronic integrated circuits; memories","167 639 488","4 909","167 634 579"
"","","[854233] Electronic integrated circuits; amplifiers","35 308 512","203 406","35 105 106"
"","","[854239] Electronic integrated circuits; n.e.c. in heading no. 8542","82 019 054","7 879 092","74 139 962"
"","","[854290] Parts of electronic integrated circuits","611 549 042","30 124 254","581 424 787"
"","Colombia [CO]","[847330] Machinery; parts and accessories (other than covers, carrying cases and the like) of the machines of heading no. 8471","2 148","2 148",""
"","","[852352] Semiconductor media; smart cards,  whether or not recorded, excluding products of Chapter 37","1 984 692","1 984 565","127"
"","Costa Rica [CR]","[847330] Machinery; parts and accessories (other than covers, carrying cases and the like) of the machines of heading no. 8471","60 644","","60 644"
"","","[854231] Electronic integrated circuits; processors and controllers, whether or not combined with memories, converters, logic circuits, amplifiers, clock and timing circuits, or other circuits","273 800","","273 800"
"","","[854239] Electronic integrated circuits; n.e.c. in heading no. 8542","31 673","","31 673"
"","","[854290] Parts of electronic integrated circuits","4 750","","4 750"
"","Côte d'Ivoire [CI]","[852352] Semiconductor media; smart cards,  whether or not recorded, excluding products of Chapter 37","270 150","270 000","150"
"","Croatia [HR]","[847330] Machinery; parts and accessories (other than covers, carrying cases and the like) of the machines of heading no. 8471","826","826",""
"","","[854290] Parts of electronic integrated circuits","8 187","","8 187"
"","Cyprus [CY]","[852351] Semiconductor media; solid-state non-volatile storage devices, whether or not recorded, excluding products of Chapter 37","59","","59"
"","","[852352] Semiconductor media; smart cards,  whether or not recorded, excluding products of Chapter 37","63","","63"
"","","[854290] Parts of electronic integrated circuits","258","","258"
"","Czech Republic [CZ]","[847330] Machinery; parts and accessories (other than covers, carrying cases and the like) of the machines of heading no. 8471","105 926","26 723","79 202"
"","","[852351] Semiconductor media; solid-state non-volatile storage devices, whether or not recorded, excluding products of Chapter 37","4 071","","4 071"
"","","[852352] Semiconductor media; smart cards,  whether or not recorded, excluding products of Chapter 37","917","","917"
"","","[854231] Electronic integrated circuits; processors and controllers, whether or not combined with memories, converters, logic circuits, amplifiers, clock and timing circuits, or other circuits","12 022","","12 022"
"","","[854232] Electronic integrated circuits; memories","124","","124"
"","","[854233] Electronic integrated circuits; amplifiers","15 882","","15 882"
"","","[854239] Electronic integrated circuits; n.e.c. in heading no. 8542","1 889","","1 889"
"","","[854290] Parts of electronic integrated circuits","29 920","","29 920"
"","Denmark [DK]","[847330] Machinery; parts and accessories (other than covers, carrying cases and the like) of the machines of heading no. 8471","27 056","2 745","24 311"
"","","[852351] Semiconductor media; solid-state non-volatile storage devices, whether or not recorded, excluding products of Chapter 37","1 738","","1 738"
"","","[852352] Semiconductor media; smart cards,  whether or not recorded, excluding products of Chapter 37","115","","115"
"","","[854231] Electronic integrated circuits; processors and controllers, whether or not combined with memories, converters, logic circuits, amplifiers, clock and timing circuits, or other circuits","1 419","","1 419"
"","","[854232] Electronic integrated circuits; memories","208","","208"
"","","[854233] Electronic integrated circuits; amplifiers","2 064 745","139","2 064 605"
"","","[854239] Electronic integrated circuits; n.e.c. in heading no. 8542","1 150","","1 150"
"","","[854290] Parts of electronic integrated circuits","696 985","2 685","694 299"
"","Dominican Republic [DO]","[852352] Semiconductor media; smart cards,  whether or not recorded, excluding products of Chapter 37","6 121","192","5 929"
"","Ecuador [EC]","[852352] Semiconductor media; smart cards,  whether or not recorded, excluding products of Chapter 37","259","","259"
"","","[854231] Electronic integrated circuits; processors and controllers, whether or not combined with memories, converters, logic circuits, amplifiers, clock and timing circuits, or other circuits","619 578","619 578",""
"","","[854232] Electronic integrated circuits; memories","116 368","116 368",""
"","","[854233] Electronic integrated circuits; amplifiers","16 179","16 179",""
"","","[854239] Electronic integrated circuits; n.e.c. in heading no. 8542","52 438","52 438",""
"","Egypt [EG]","[852351] Semiconductor media; solid-state non-volatile storage devices, whether or not recorded, excluding products of Chapter 37","428","","428"
"","","[852352] Semiconductor media; smart cards,  whether or not recorded, excluding products of Chapter 37","6","","6"
"","","[854231] Electronic integrated circuits; processors and controllers, whether or not combined with memories, converters, logic circuits, amplifiers, clock and timing circuits, or other circuits","8 797 331","8 791 918","5 413"
"","","[854232] Electronic integrated circuits; memories","2 160 953","1 949 603","211 350"
"","","[854233] Electronic integrated circuits; amplifiers","264 449","263 161","1 288"
"","","[854239] Electronic integrated circuits; n.e.c. in heading no. 8542","780 595","730 346","50 249"
"","","[854290] Parts of electronic integrated circuits","1 153","1 153",""
"","El Salvador [SV]","[852352] Semiconductor media; smart cards,  whether or not recorded, excluding products of Chapter 37","200","","200"
"","","[854239] Electronic integrated circuits; n.e.c. in heading no. 8542","410","","410"
"","","[854290] Parts of electronic integrated circuits","250","","250"
"","Estonia [EE]","[847330] Machinery; parts and accessories (other than covers, carrying cases and the like) of the machines of heading no. 8471","8 542","","8 542"
"","","[852351] Semiconductor media; solid-state non-volatile storage devices, whether or not recorded, excluding products of Chapter 37","1 822","","1 822"
"","","[854231] Electronic integrated circuits; processors and controllers, whether or not combined with memories, converters, logic circuits, amplifiers, clock and timing circuits, or other circuits","5 358","","5 358"
"","","[854239] Electronic integrated circuits; n.e.c. in heading no. 8542","16 506","","16 506"
"","Eurasian Economic Union [EAEU]","[847330] Machinery; parts and accessories (other than covers, carrying cases and the like) of the machines of heading no. 8471","9 200","8 847","353"
"","","[852351] Semiconductor media; solid-state non-volatile storage devices, whether or not recorded, excluding products of Chapter 37","48","","48"
"","","[852352] Semiconductor media; smart cards,  whether or not recorded, excluding products of Chapter 37","3 455","2 820","635"
"","","[854231] Electronic integrated circuits; processors and controllers, whether or not combined with memories, converters, logic circuits, amplifiers, clock and timing circuits, or other circuits","1 398","","1 398"
"","","[854290] Parts of electronic integrated circuits","1 242","","1 242"
"","Fiji [FJ]","[852352] Semiconductor media; smart cards,  whether or not recorded, excluding products of Chapter 37","387","","387"
"","Finland [FI]","[847330] Machinery; parts and accessories (other than covers, carrying cases and the like) of the machines of heading no. 8471","30 427","","30 427"
"","","[852351] Semiconductor media; solid-state non-volatile storage devices, whether or not recorded, excluding products of Chapter 37","39 460","3","39 457"
"","","[852352] Semiconductor media; smart cards,  whether or not recorded, excluding products of Chapter 37","7 800","","7 800"
"","","[854231] Electronic integrated circuits; processors and controllers, whether or not combined with memories, converters, logic circuits, amplifiers, clock and timing circuits, or other circuits","35 042","","35 042"
"","","[854233] Electronic integrated circuits; amplifiers","1 368","","1 368"
"","","[854239] Electronic integrated circuits; n.e.c. in heading no. 8542","446","","446"
"","","[854290] Parts of electronic integrated circuits","28 858","","28 858"
"","France [FR]","[847330] Machinery; parts and accessories (other than covers, carrying cases and the like) of the machines of heading no. 8471","1 235 576","672 858","562 717"
"","","[852351] Semiconductor media; solid-state non-volatile storage devices, whether or not recorded, excluding products of Chapter 37","16 186 590","","16 186 590"
"","","[852352] Semiconductor media; smart cards,  whether or not recorded, excluding products of Chapter 37","161 591","3 321","158 270"
"","","[854231] Electronic integrated circuits; processors and controllers, whether or not combined with memories, converters, logic circuits, amplifiers, clock and timing circuits, or other circuits","1 182 398","606 068","576 330"
"","","[854232] Electronic integrated circuits; memories","296 530","","296 530"
"","","[854233] Electronic integrated circuits; amplifiers","105 740","","105 740"
"","","[854239] Electronic integrated circuits; n.e.c. in heading no. 8542","480 187","1 749","478 438"
"","","[854290] Parts of electronic integrated circuits","3 370 154","23 504","3 346 650"
"","Gabon [GA]","[854290] Parts of electronic integrated circuits","258","258",""
"","Gambia [GM]","[847330] Machinery; parts and accessories (other than covers, carrying cases and the like) of the machines of heading no. 8471","24","","24"
"","Georgia [GE]","[847330] Machinery; parts and accessories (other than covers, carrying cases and the like) of the machines of heading no. 8471","2 683","","2 683"
"","","[852352] Semiconductor media; smart cards,  whether or not recorded, excluding products of Chapter 37","511","","511"
"","Germany [DE]","[847330] Machinery; parts and accessories (other than covers, carrying cases and the like) of the machines of heading no. 8471","1 123 025","521 587","601 438"
"","","[852351] Semiconductor media; solid-state non-volatile storage devices, whether or not recorded, excluding products of Chapter 37","996 278","","996 278"
"","","[852352] Semiconductor media; smart cards,  whether or not recorded, excluding products of Chapter 37","83 066","3 152","79 915"
"","","[854231] Electronic integrated circuits; processors and controllers, whether or not combined with memories, converters, logic circuits, amplifiers, clock and timing circuits, or other circuits","11 050 954","4 106 533","6 944 421"
"","","[854232] Electronic integrated circuits; memories","26 786","","26 786"
"","","[854233] Electronic integrated circuits; amplifiers","717 636","300","717 336"
"","","[854239] Electronic integrated circuits; n.e.c. in heading no. 8542","64 451 621","63 156 686","1 294 935"
"","","[854290] Parts of electronic integrated circuits","121 707 233","205 218","121 502 015"
"","Greece [GR]","[847330] Machinery; parts and accessories (other than covers, carrying cases and the like) of the machines of heading no. 8471","2 004","1 949","55"
"","","[852351] Semiconductor media; solid-state non-volatile storage devices, whether or not recorded, excluding products of Chapter 37","100","100",""
"","","[852352] Semiconductor media; smart cards,  whether or not recorded, excluding products of Chapter 37","13 128","","13 128"
"","","[854231] Electronic integrated circuits; processors and controllers, whether or not combined with memories, converters, logic circuits, amplifiers, clock and timing circuits, or other circuits","33","","33"
"","","[854232] Electronic integrated circuits; memories","40","","40"
"","","[854239] Electronic integrated circuits; n.e.c. in heading no. 8542","1 059","","1 059"
"","","[854290] Parts of electronic integrated circuits","55","","55"
"","Guatemala [GT]","[852352] Semiconductor media; smart cards,  whether or not recorded, excluding products of Chapter 37","9 719","9 568","151"
"","Guinea [GN]","[852352] Semiconductor media; smart cards,  whether or not recorded, excluding products of Chapter 37","146 100","146 100",""
"","Guyana [GY]","[852352] Semiconductor media; smart cards,  whether or not recorded, excluding products of Chapter 37","131","","131"
"","Honduras [HN]","[852352] Semiconductor media; smart cards,  whether or not recorded, excluding products of Chapter 37","2 876","","2 876"
"","Hong Kong [HK]","[847330] Machinery; parts and accessories (other than covers, carrying cases and the like) of the machines of heading no. 8471","3 023 447","1 245 729","1 777 718"
"","","[852351] Semiconductor media; solid-state non-volatile storage devices, whether or not recorded, excluding products of Chapter 37","2 128 261","331 878","1 796 383"
"","","[852352] Semiconductor media; smart cards,  whether or not recorded, excluding products of Chapter 37","16 886 552","4 306 569","12 579 983"
"","","[854231] Electronic integrated circuits; processors and controllers, whether or not combined with memories, converters, logic circuits, amplifiers, clock and timing circuits, or other circuits","20 011 040","17 390 899","2 620 142"
"","","[854232] Electronic integrated circuits; memories","842 448","495 143","347 305"
"","","[854233] Electronic integrated circuits; amplifiers","3 193 255","30 210","3 163 045"
"","","[854239] Electronic integrated circuits; n.e.c. in heading no. 8542","3 927 006","358 673","3 568 333"
"","","[854290] Parts of electronic integrated circuits","4 345 186","883 719","3 461 467"
"","Hungary [HU]","[847330] Machinery; parts and accessories (other than covers, carrying cases and the like) of the machines of heading no. 8471","468 416","75 394","393 023"
"","","[852351] Semiconductor media; solid-state non-volatile storage devices, whether or not recorded, excluding products of Chapter 37","8 867 615","33 865","8 833 750"
"","","[852352] Semiconductor media; smart cards,  whether or not recorded, excluding products of Chapter 37","20","","20"
"","","[854231] Electronic integrated circuits; processors and controllers, whether or not combined with memories, converters, logic circuits, amplifiers, clock and timing circuits, or other circuits","278","","278"
"","","[854232] Electronic integrated circuits; memories","75","75",""
"","","[854233] Electronic integrated circuits; amplifiers","56","56",""
"","","[854290] Parts of electronic integrated circuits","8 565","","8 565"
"","India [IN]","[847330] Machinery; parts and accessories (other than covers, carrying cases and the like) of the machines of heading no. 8471","330 210","100 835","229 376"
"","","[852351] Semiconductor media; solid-state non-volatile storage devices, whether or not recorded, excluding products of Chapter 37","37 821","","37 821"
"","","[852352] Semiconductor media; smart cards,  whether or not recorded, excluding products of Chapter 37","42 289","815","41 474"
"","","[854231] Electronic integrated circuits; processors and controllers, whether or not combined with memories, converters, logic circuits, amplifiers, clock and timing circuits, or other circuits","23 029 884","22 927 291","102 593"
"","","[854232] Electronic integrated circuits; memories","1 268 292","1 173 833","94 459"
"","","[854233] Electronic integrated circuits; amplifiers","328 467","309 791","18 676"
"","","[854239] Electronic integrated circuits; n.e.c. in heading no. 8542","1 675 784","1 602 569","73 215"
"","","[854290] Parts of electronic integrated circuits","76 079","2 455","73 624"
"","Indonesia [ID]","[847330] Machinery; parts and accessories (other than covers, carrying cases and the like) of the machines of heading no. 8471","147 602","","147 602"
"","","[852351] Semiconductor media; solid-state non-volatile storage devices, whether or not recorded, excluding products of Chapter 37","6 864","","6 864"
"","","[852352] Semiconductor media; smart cards,  whether or not recorded, excluding products of Chapter 37","11 699","","11 699"
"","","[854231] Electronic integrated circuits; processors and controllers, whether or not combined with memories, converters, logic circuits, amplifiers, clock and timing circuits, or other circuits","975 729","","975 729"
"","","[854233] Electronic integrated circuits; amplifiers","242","","242"
"","","[854239] Electronic integrated circuits; n.e.c. in heading no. 8542","137 148","","137 148"
"","","[854290] Parts of electronic integrated circuits","834 640","","834 640"
"","Iran, Islamic Republic of [IR]","[847330] Machinery; parts and accessories (other than covers, carrying cases and the like) of the machines of heading no. 8471","1 069","","1 069"
"","","[854290] Parts of electronic integrated circuits","3 660","","3 660"
"","Ireland [IE]","[847330] Machinery; parts and accessories (other than covers, carrying cases and the like) of the machines of heading no. 8471","865 492","663 321","202 171"
"","","[852351] Semiconductor media; solid-state non-volatile storage devices, whether or not recorded, excluding products of Chapter 37","97 373","","97 373"
"","","[852352] Semiconductor media; smart cards,  whether or not recorded, excluding products of Chapter 37","32 284","","32 284"
"","","[854231] Electronic integrated circuits; processors and controllers, whether or not combined with memories, converters, logic circuits, amplifiers, clock and timing circuits, or other circuits","116 312","58 394","57 918"
"","","[854239] Electronic integrated circuits; n.e.c. in heading no. 8542","232 898","230 918","1 980"
"","","[854290] Parts of electronic integrated circuits","167","","167"
"","Israel [IL]","[847330] Machinery; parts and accessories (other than covers, carrying cases and the like) of the machines of heading no. 8471","55 177","24 622","30 555"
"","","[852351] Semiconductor media; solid-state non-volatile storage devices, whether or not recorded, excluding products of Chapter 37","4 842","","4 842"
"","","[852352] Semiconductor media; smart cards,  whether or not recorded, excluding products of Chapter 37","58","","58"
"","","[854231] Electronic integrated circuits; processors and controllers, whether or not combined with memories, converters, logic circuits, amplifiers, clock and timing circuits, or other circuits","108 180","","108 180"
"","","[854239] Electronic integrated circuits; n.e.c. in heading no. 8542","30 709","","30 709"
"","","[854290] Parts of electronic integrated circuits","575 815","","575 815"
"","Italy [IT]","[847330] Machinery; parts and accessories (other than covers, carrying cases and the like) of the machines of heading no. 8471","159 114","11 399","147 715"
"","","[852351] Semiconductor media; solid-state non-volatile storage devices, whether or not recorded, excluding products of Chapter 37","42 598","60","42 538"
"","","[852352] Semiconductor media; smart cards,  whether or not recorded, excluding products of Chapter 37","54 305","","54 305"
"","","[854231] Electronic integrated circuits; processors and controllers, whether or not combined with memories, converters, logic circuits, amplifiers, clock and timing circuits, or other circuits","52 200","","52 200"
"","","[854232] Electronic integrated circuits; memories","441","8","433"
"","","[854233] Electronic integrated circuits; amplifiers","25 456","50","25 406"
"","","[854239] Electronic integrated circuits; n.e.c. in heading no. 8542","394 431","511","393 921"
"","","[854290] Parts of electronic integrated circuits","180 122","","180 122"
"","Jamaica [JM]","[852352] Semiconductor media; smart cards,  whether or not recorded, excluding products of Chapter 37","194","","194"
"","","[854239] Electronic integrated circuits; n.e.c. in heading no. 8542","2 637","2 637",""
"","Japan [JP]","[847330] Machinery; parts and accessories (other than covers, carrying cases and the like) of the machines of heading no. 8471","1 103 096","122 471","980 625"
"","","[852351] Semiconductor media; solid-state non-volatile storage devices, whether or not recorded, excluding products of Chapter 37","977 143","4 064","973 078"
"","","[852352] Semiconductor media; smart cards,  whether or not recorded, excluding products of Chapter 37","151 531","38 818","112 713"
"","","[854231] Electronic integrated circuits; processors and controllers, whether or not combined with memories, converters, logic circuits, amplifiers, clock and timing circuits, or other circuits","42 462 699","156 616","42 306 084"
"","","[854232] Electronic integrated circuits; memories","3 016 065","26 100","2 989 965"
"","","[854233] Electronic integrated circuits; amplifiers","12 021 236","59 262","11 961 974"
"","","[854239] Electronic integrated circuits; n.e.c. in heading no. 8542","39 626 757","1 258 098","38 368 659"
"","","[854290] Parts of electronic integrated circuits","25 084 520","587 824","24 496 696"
"","Jersey [JE]","[854231] Electronic integrated circuits; processors and controllers, whether or not combined with memories, converters, logic circuits, amplifiers, clock and timing circuits, or other circuits","100","","100"
"","Jordan [JO]","[852352] Semiconductor media; smart cards,  whether or not recorded, excluding products of Chapter 37","60","","60"
"","","[854290] Parts of electronic integrated circuits","3","","3"
"","Kazakhstan [KZ]","[847330] Machinery; parts and accessories (other than covers, carrying cases and the like) of the machines of heading no. 8471","8 847","8 847",""
"","","[852351] Semiconductor media; solid-state non-volatile storage devices, whether or not recorded, excluding products of Chapter 37","48","","48"
"","","[852352] Semiconductor media; smart cards,  whether or not recorded, excluding products of Chapter 37","138","","138"
"","Kenya [KE]","[852352] Semiconductor media; smart cards,  whether or not recorded, excluding products of Chapter 37","283","","283"
"","Korea, Democratic People's Republic of [KP]","[854290] Parts of electronic integrated circuits","236 337","","236 337"
"","Korea, Republic of [KR]","[847330] Machinery; parts and accessories (other than covers, carrying cases and the like) of the machines of heading no. 8471","11 387 953","211 092","11 176 861"
"","","[852351] Semiconductor media; solid-state non-volatile storage devices, whether or not recorded, excluding products of Chapter 37","3 241 279","1 710","3 239 569"
"","","[852352] Semiconductor media; smart cards,  whether or not recorded, excluding products of Chapter 37","1 183 653","554 795","628 857"
"","","[854231] Electronic integrated circuits; processors and controllers, whether or not combined with memories, converters, logic circuits, amplifiers, clock and timing circuits, or other circuits","158 918 292","1 009 494","157 908 798"
"","","[854232] Electronic integrated circuits; memories","280 016 857","371 003","279 645 854"
"","","[854233] Electronic integrated circuits; amplifiers","62 108 295","60 844","62 047 450"
"","","[854239] Electronic integrated circuits; n.e.c. in heading no. 8542","34 768 055","183 157","34 584 898"
"","","[854290] Parts of electronic integrated circuits","239 018 975","1 499 356","237 519 620"
"","Kuwait [KW]","[847330] Machinery; parts and accessories (other than covers, carrying cases and the like) of the machines of heading no. 8471","2 900","2 900",""
"","","[852351] Semiconductor media; solid-state non-volatile storage devices, whether or not recorded, excluding products of Chapter 37","27","","27"
"","","[852352] Semiconductor media; smart cards,  whether or not recorded, excluding products of Chapter 37","29","","29"
"","Kyrgyzstan [KG]","[852352] Semiconductor media; smart cards,  whether or not recorded, excluding products of Chapter 37","3 317","2 820","497"
"","Lao PDR [LA]","[854290] Parts of electronic integrated circuits","2","2",""
"","Latvia [LV]","[847330] Machinery; parts and accessories (other than covers, carrying cases and the like) of the machines of heading no. 8471","1 710","","1 710"
"","","[852352] Semiconductor media; smart cards,  whether or not recorded, excluding products of Chapter 37","82","","82"
"","","[854231] Electronic integrated circuits; processors and controllers, whether or not combined with memories, converters, logic circuits, amplifiers, clock and timing circuits, or other circuits","1 200","","1 200"
"","","[854233] Electronic integrated circuits; amplifiers","2 597","","2 597"
"","","[854239] Electronic integrated circuits; n.e.c. in heading no. 8542","11 030","11 030",""
"","","[854290] Parts of electronic integrated circuits","4 153","","4 153"
"","Lithuania [LT]","[847330] Machinery; parts and accessories (other than covers, carrying cases and the like) of the machines of heading no. 8471","1 139","247","892"
"","","[852352] Semiconductor media; smart cards,  whether or not recorded, excluding products of Chapter 37","238 469","181 467","57 003"
"","","[854231] Electronic integrated circuits; processors and controllers, whether or not combined with memories, converters, logic circuits, amplifiers, clock and timing circuits, or other circuits","554","","554"
"","","[854239] Electronic integrated circuits; n.e.c. in heading no. 8542","728","","728"
"","","[854290] Parts of electronic integrated circuits","1 299","","1 299"
"","Luxembourg [LU]","[852351] Semiconductor media; solid-state non-volatile storage devices, whether or not recorded, excluding products of Chapter 37","786","","786"
"","","[852352] Semiconductor media; smart cards,  whether or not recorded, excluding products of Chapter 37","2 030","","2 030"
"","Macao [MO]","[854231] Electronic integrated circuits; processors and controllers, whether or not combined with memories, converters, logic circuits, amplifiers, clock and timing circuits, or other circuits","1 448","","1 448"
"","","[854290] Parts of electronic integrated circuits","717","","717"
"","Malaysia [MY]","[847330] Machinery; parts and accessories (other than covers, carrying cases and the like) of the machines of heading no. 8471","13 561 213","2 130 100","11 431 114"
"","","[852351] Semiconductor media; solid-state non-volatile storage devices, whether or not recorded, excluding products of Chapter 37","12 636 502","","12 636 502"
"","","[852352] Semiconductor media; smart cards,  whether or not recorded, excluding products of Chapter 37","2 617 276","17 101","2 600 175"
"","","[854231] Electronic integrated circuits; processors and controllers, whether or not combined with memories, converters, logic circuits, amplifiers, clock and timing circuits, or other circuits","19 137 823","583 233","18 554 590"
"","","[854232] Electronic integrated circuits; memories","74 059","7 639","66 420"
"","","[854233] Electronic integrated circuits; amplifiers","2 216 489","4 082","2 212 406"
"","","[854239] Electronic integrated circuits; n.e.c. in heading no. 8542","26 029 650","821 193","25 208 458"
"","","[854290] Parts of electronic integrated circuits","181 678 516","14 543","181 663 973"
"","Maldives [MV]","[852352] Semiconductor media; smart cards,  whether or not recorded, excluding products of Chapter 37","36","","36"
"","","[854233] Electronic integrated circuits; amplifiers","760","","760"
"","","[854290] Parts of electronic integrated circuits","160 460","","160 460"
"","Mali [ML]","[854290] Parts of electronic integrated circuits","17","17",""
"","Malta [MT]","[847330] Machinery; parts and accessories (other than covers, carrying cases and the like) of the machines of heading no. 8471","1 481","","1 481"
"","","[852352] Semiconductor media; smart cards,  whether or not recorded, excluding products of Chapter 37","8 343 763","8 343 763",""
"","","[854231] Electronic integrated circuits; processors and controllers, whether or not combined with memories, converters, logic circuits, amplifiers, clock and timing circuits, or other circuits","547 613","","547 613"
"","","[854239] Electronic integrated circuits; n.e.c. in heading no. 8542","4 848","","4 848"
"","","[854290] Parts of electronic integrated circuits","2 048","","2 048"
"","Mauritania [MR]","[852352] Semiconductor media; smart cards,  whether or not recorded, excluding products of Chapter 37","25 000","25 000",""
"","Mauritius [MU]","[852352] Semiconductor media; smart cards,  whether or not recorded, excluding products of Chapter 37","137","","137"
"","Mexico [MX]","[847330] Machinery; parts and accessories (other than covers, carrying cases and the like) of the machines of heading no. 8471","726 451","163 252","563 200"
"","","[852351] Semiconductor media; solid-state non-volatile storage devices, whether or not recorded, excluding products of Chapter 37","219 482","","219 482"
"","","[852352] Semiconductor media; smart cards,  whether or not recorded, excluding products of Chapter 37","1 964 847","","1 964 847"
"","","[854231] Electronic integrated circuits; processors and controllers, whether or not combined with memories, converters, logic circuits, amplifiers, clock and timing circuits, or other circuits","58 220 236","58 103 400","116 835"
"","","[854232] Electronic integrated circuits; memories","964 973","935 643","29 330"
"","","[854233] Electronic integrated circuits; amplifiers","2 813 614","1 127 139","1 686 475"
"","","[854239] Electronic integrated circuits; n.e.c. in heading no. 8542","4 699 403","3 747 560","951 843"
"","","[854290] Parts of electronic integrated circuits","25 541 129","56 368","25 484 761"
"","Mongolia [MN]","[852352] Semiconductor media; smart cards,  whether or not recorded, excluding products of Chapter 37","461 045","461 045",""
"","Morocco [MA]","[852351] Semiconductor media; solid-state non-volatile storage devices, whether or not recorded, excluding products of Chapter 37","110","","110"
"","","[852352] Semiconductor media; smart cards,  whether or not recorded, excluding products of Chapter 37","500 207","477 724","22 483"
"","","[854231] Electronic integrated circuits; processors and controllers, whether or not combined with memories, converters, logic circuits, amplifiers, clock and timing circuits, or other circuits","5","","5"
"","","[854233] Electronic integrated circuits; amplifiers","715 773","","715 773"
"","","[854239] Electronic integrated circuits; n.e.c. in heading no. 8542","22 992","","22 992"
"","","[854290] Parts of electronic integrated circuits","15 970","","15 970"
"","Myanmar [MM]","[852352] Semiconductor media; smart cards,  whether or not recorded, excluding products of Chapter 37","31","","31"
"","","[854239] Electronic integrated circuits; n.e.c. in heading no. 8542","49","44","5"
"","Netherlands [NL]","[847330] Machinery; parts and accessories (other than covers, carrying cases and the like) of the machines of heading no. 8471","132 479","109 103","23 377"
"","","[852351] Semiconductor media; solid-state non-volatile storage devices, whether or not recorded, excluding products of Chapter 37","8 587 544","4 752","8 582 792"
"","","[852352] Semiconductor media; smart cards,  whether or not recorded, excluding products of Chapter 37","2 744","","2 744"
"","","[854231] Electronic integrated circuits; processors and controllers, whether or not combined with memories, converters, logic circuits, amplifiers, clock and timing circuits, or other circuits","64 818","44 806","20 012"
"","","[854232] Electronic integrated circuits; memories","1 721","1 406","315"
"","","[854239] Electronic integrated circuits; n.e.c. in heading no. 8542","766 706","25","766 681"
"","","[854290] Parts of electronic integrated circuits","2 423 778","","2 423 778"
"","Netherlands Antilles [AN]","[852352] Semiconductor media; smart cards,  whether or not recorded, excluding products of Chapter 37","29","","29"
"","","[854233] Electronic integrated circuits; amplifiers","738","","738"
"","New Zealand [NZ]","[847330] Machinery; parts and accessories (other than covers, carrying cases and the like) of the machines of heading no. 8471","7 253","7 074","179"
"","","[852351] Semiconductor media; solid-state non-volatile storage devices, whether or not recorded, excluding products of Chapter 37","71","","71"
"","","[852352] Semiconductor media; smart cards,  whether or not recorded, excluding products of Chapter 37","143 255","","143 255"
"","","[854290] Parts of electronic integrated circuits","1 573","","1 573"
"","Nicaragua [NI]","[852352] Semiconductor media; smart cards,  whether or not recorded, excluding products of Chapter 37","4 784","4 784",""
"","Niger [NE]","[852351] Semiconductor media; solid-state non-volatile storage devices, whether or not recorded, excluding products of Chapter 37","682","","682"
"","Nigeria [NG]","[847330] Machinery; parts and accessories (other than covers, carrying cases and the like) of the machines of heading no. 8471","2 141","1 990","151"
"","","[852352] Semiconductor media; smart cards,  whether or not recorded, excluding products of Chapter 37","165","","165"
"","Norway [NO]","[847330] Machinery; parts and accessories (other than covers, carrying cases and the like) of the machines of heading no. 8471","8 219","","8 219"
"","","[852351] Semiconductor media; solid-state non-volatile storage devices, whether or not recorded, excluding products of Chapter 37","14 206","","14 206"
"","","[852352] Semiconductor media; smart cards,  whether or not recorded, excluding products of Chapter 37","192","","192"
"","","[854233] Electronic integrated circuits; amplifiers","2 118","","2 118"
"","","[854239] Electronic integrated circuits; n.e.c. in heading no. 8542","252","","252"
"","","[854290] Parts of electronic integrated circuits","418","","418"
"","Pakistan [PK]","[847330] Machinery; parts and accessories (other than covers, carrying cases and the like) of the machines of heading no. 8471","58","","58"
"","","[852352] Semiconductor media; smart cards,  whether or not recorded, excluding products of Chapter 37","3","","3"
"","","[854231] Electronic integrated circuits; processors and controllers, whether or not combined with memories, converters, logic circuits, amplifiers, clock and timing circuits, or other circuits","2","","2"
"","","[854239] Electronic integrated circuits; n.e.c. in heading no. 8542","5","5",""
"","","[854290] Parts of electronic integrated circuits","249","249",""
"","Panama [PA]","[847330] Machinery; parts and accessories (other than covers, carrying cases and the like) of the machines of heading no. 8471","5 408","5 408",""
"","","[852352] Semiconductor media; smart cards,  whether or not recorded, excluding products of Chapter 37","253","","253"
"","Papua New Guinea [PG]","[847330] Machinery; parts and accessories (other than covers, carrying cases and the like) of the machines of heading no. 8471","17 058","17 058",""
"","","[852351] Semiconductor media; solid-state non-volatile storage devices, whether or not recorded, excluding products of Chapter 37","562","562",""
"","","[852352] Semiconductor media; smart cards,  whether or not recorded, excluding products of Chapter 37","125","125",""
"","Paraguay [PY]","[852352] Semiconductor media; smart cards,  whether or not recorded, excluding products of Chapter 37","29 775","29 775",""
"","Peru [PE]","[847330] Machinery; parts and accessories (other than covers, carrying cases and the like) of the machines of heading no. 8471","33 873","33 873",""
"","","[852352] Semiconductor media; smart cards,  whether or not recorded, excluding products of Chapter 37","137","","137"
"","Philippines [PH]","[847330] Machinery; parts and accessories (other than covers, carrying cases and the like) of the machines of heading no. 8471","696 846","368 071","328 775"
"","","[852351] Semiconductor media; solid-state non-volatile storage devices, whether or not recorded, excluding products of Chapter 37","1 419 142","859","1 418 283"
"","","[852352] Semiconductor media; smart cards,  whether or not recorded, excluding products of Chapter 37","3 468 555","3 442 794","25 761"
"","","[854231] Electronic integrated circuits; processors and controllers, whether or not combined with memories, converters, logic circuits, amplifiers, clock and timing circuits, or other circuits","5 928 563","1 433 501","4 495 062"
"","","[854232] Electronic integrated circuits; memories","93 332","","93 332"
"","","[854233] Electronic integrated circuits; amplifiers","1 467 879","","1 467 879"
"","","[854239] Electronic integrated circuits; n.e.c. in heading no. 8542","17 950 262","1 618 440","16 331 823"
"","","[854290] Parts of electronic integrated circuits","435 757 575","1 694 585","434 062 990"
"","Poland [PL]","[847330] Machinery; parts and accessories (other than covers, carrying cases and the like) of the machines of heading no. 8471","224 555","43 997","180 558"
"","","[852351] Semiconductor media; solid-state non-volatile storage devices, whether or not recorded, excluding products of Chapter 37","696","","696"
"","","[852352] Semiconductor media; smart cards,  whether or not recorded, excluding products of Chapter 37","19 233","","19 233"
"","","[854231] Electronic integrated circuits; processors and controllers, whether or not combined with memories, converters, logic circuits, amplifiers, clock and timing circuits, or other circuits","2 773 544","2 562 575","210 969"
"","","[854232] Electronic integrated circuits; memories","5 214 310","5 211 341","2 969"
"","","[854233] Electronic integrated circuits; amplifiers","696 616","696 616",""
"","","[854239] Electronic integrated circuits; n.e.c. in heading no. 8542","3 679 746","3 655 779","23 966"
"","","[854290] Parts of electronic integrated circuits","341 468","","341 468"
"","Portugal [PT]","[847330] Machinery; parts and accessories (other than covers, carrying cases and the like) of the machines of heading no. 8471","3 721","2 356","1 365"
"","","[852351] Semiconductor media; solid-state non-volatile storage devices, whether or not recorded, excluding products of Chapter 37","7","","7"
"","","[852352] Semiconductor media; smart cards,  whether or not recorded, excluding products of Chapter 37","4 077","4 077",""
"","","[854231] Electronic integrated circuits; processors and controllers, whether or not combined with memories, converters, logic circuits, amplifiers, clock and timing circuits, or other circuits","130","","130"
"","","[854290] Parts of electronic integrated circuits","25 611","","25 611"
"","Puerto Rico [PR]","[847330] Machinery; parts and accessories (other than covers, carrying cases and the like) of the machines of heading no. 8471","10 928","","10 928"
"","","[854231] Electronic integrated circuits; processors and controllers, whether or not combined with memories, converters, logic circuits, amplifiers, clock and timing circuits, or other circuits","235","","235"
"","Qatar [QA]","[847330] Machinery; parts and accessories (other than covers, carrying cases and the like) of the machines of heading no. 8471","824","824",""
"","","[852352] Semiconductor media; smart cards,  whether or not recorded, excluding products of Chapter 37","88","","88"
"","","[854290] Parts of electronic integrated circuits","76","","76"
"","Romania [RO]","[847330] Machinery; parts and accessories (other than covers, carrying cases and the like) of the machines of heading no. 8471","12 208","1 505","10 703"
"","","[852351] Semiconductor media; solid-state non-volatile storage devices, whether or not recorded, excluding products of Chapter 37","904","","904"
"","","[852352] Semiconductor media; smart cards,  whether or not recorded, excluding products of Chapter 37","772","","772"
"","","[854231] Electronic integrated circuits; processors and controllers, whether or not combined with memories, converters, logic circuits, amplifiers, clock and timing circuits, or other circuits","377","","377"
"","","[854232] Electronic integrated circuits; memories","1 824","","1 824"
"","","[854233] Electronic integrated circuits; amplifiers","595","17","577"
"","","[854239] Electronic integrated circuits; n.e.c. in heading no. 8542","3 199","208","2 991"
"","","[854290] Parts of electronic integrated circuits","7 176","","7 176"
"","Russian Federation [RU]","[847330] Machinery; parts and accessories (other than covers, carrying cases and the like) of the machines of heading no. 8471","199","","199"
"","","[854231] Electronic integrated circuits; processors and controllers, whether or not combined with memories, converters, logic circuits, amplifiers, clock and timing circuits, or other circuits","114","","114"
"","","[854290] Parts of electronic integrated circuits","1 160","","1 160"
"","Saint Barthelemy [BL]","[854231] Electronic integrated circuits; processors and controllers, whether or not combined with memories, converters, logic circuits, amplifiers, clock and timing circuits, or other circuits","268","","268"
"","San Marino [SM]","[847330] Machinery; parts and accessories (other than covers, carrying cases and the like) of the machines of heading no. 8471","5 310","","5 310"
"","","[854290] Parts of electronic integrated circuits","11 483","","11 483"
"","Sao Tomé and Principe [ST]","[854290] Parts of electronic integrated circuits","6 782","","6 782"
"","Saudi Arabia [SA]","[847330] Machinery; parts and accessories (other than covers, carrying cases and the like) of the machines of heading no. 8471","17 971","17 772","199"
"","","[852351] Semiconductor media; solid-state non-volatile storage devices, whether or not recorded, excluding products of Chapter 37","86","","86"
"","","[852352] Semiconductor media; smart cards,  whether or not recorded, excluding products of Chapter 37","2 226","1 762","464"
"","","[854231] Electronic integrated circuits; processors and controllers, whether or not combined with memories, converters, logic circuits, amplifiers, clock and timing circuits, or other circuits","468","","468"
"","","[854290] Parts of electronic integrated circuits","375","86","289"
"","SERBIA [RS]","[847330] Machinery; parts and accessories (other than covers, carrying cases and the like) of the machines of heading no. 8471","2 465","","2 465"
"","","[852352] Semiconductor media; smart cards,  whether or not recorded, excluding products of Chapter 37","6 698","","6 698"
"","","[854231] Electronic integrated circuits; processors and controllers, whether or not combined with memories, converters, logic circuits, amplifiers, clock and timing circuits, or other circuits","49 916","47 490","2 426"
"","","[854232] Electronic integrated circuits; memories","1 340","1 340",""
"","","[854233] Electronic integrated circuits; amplifiers","753","","753"
"","","[854239] Electronic integrated circuits; n.e.c. in heading no. 8542","9 474","9 474",""
"","","[854290] Parts of electronic integrated circuits","1 851","","1 851"
"","Seychelles [SC]","[852351] Semiconductor media; solid-state non-volatile storage devices, whether or not recorded, excluding products of Chapter 37","1","","1"
"","Singapore [SG]","[847330] Machinery; parts and accessories (other than covers, carrying cases and the like) of the machines of heading no. 8471","243 447 240","217 175 110","26 272 130"
"","","[852351] Semiconductor media; solid-state non-volatile storage devices, whether or not recorded, excluding products of Chapter 37","6 446 064","90 306","6 355 758"
"","","[852352] Semiconductor media; smart cards,  whether or not recorded, excluding products of Chapter 37","1 886 687","3 939","1 882 748"
"","","[854231] Electronic integrated circuits; processors and controllers, whether or not combined with memories, converters, logic circuits, amplifiers, clock and timing circuits, or other circuits","52 863 327","37 123 397","15 739 929"
"","","[854232] Electronic integrated circuits; memories","26 309 596","543 205","25 766 391"
"","","[854233] Electronic integrated circuits; amplifiers","2 664 150","100 083","2 564 067"
"","","[854239] Electronic integrated circuits; n.e.c. in heading no. 8542","350 408 005","308 138 841","42 269 165"
"","","[854290] Parts of electronic integrated circuits","149 175 640","32 941 694","116 233 946"
"","Slovakia [SK]","[847330] Machinery; parts and accessories (other than covers, carrying cases and the like) of the machines of heading no. 8471","14 364","","14 364"
"","","[852351] Semiconductor media; solid-state non-volatile storage devices, whether or not recorded, excluding products of Chapter 37","348","","348"
"","","[852352] Semiconductor media; smart cards,  whether or not recorded, excluding products of Chapter 37","101","","101"
"","","[854231] Electronic integrated circuits; processors and controllers, whether or not combined with memories, converters, logic circuits, amplifiers, clock and timing circuits, or other circuits","494","","494"
"","","[854239] Electronic integrated circuits; n.e.c. in heading no. 8542","635","","635"
"","","[854290] Parts of electronic integrated circuits","326 618","","326 618"
"","Slovenia [SI]","[847330] Machinery; parts and accessories (other than covers, carrying cases and the like) of the machines of heading no. 8471","1 709","","1 709"
"","","[852351] Semiconductor media; solid-state non-volatile storage devices, whether or not recorded, excluding products of Chapter 37","87","","87"
"","","[852352] Semiconductor media; smart cards,  whether or not recorded, excluding products of Chapter 37","440","","440"
"","","[854231] Electronic integrated circuits; processors and controllers, whether or not combined with memories, converters, logic circuits, amplifiers, clock and timing circuits, or other circuits","345","","345"
"","","[854290] Parts of electronic integrated circuits","5 899","","5 899"
"","South Africa [ZA]","[847330] Machinery; parts and accessories (other than covers, carrying cases and the like) of the machines of heading no. 8471","1 222","","1 222"
"","","[852351] Semiconductor media; solid-state non-volatile storage devices, whether or not recorded, excluding products of Chapter 37","2 444","","2 444"
"","","[852352] Semiconductor media; smart cards,  whether or not recorded, excluding products of Chapter 37","731","","731"
"","","[854231] Electronic integrated circuits; processors and controllers, whether or not combined with memories, converters, logic circuits, amplifiers, clock and timing circuits, or other circuits","291 256","291 256",""
"","","[854232] Electronic integrated circuits; memories","102 308","102 308",""
"","","[854233] Electronic integrated circuits; amplifiers","18 977","18 977",""
"","","[854239] Electronic integrated circuits; n.e.c. in heading no. 8542","128 238","128 166","72"
"","","[854290] Parts of electronic integrated circuits","66","","66"
"","Spain [ES]","[847330] Machinery; parts and accessories (other than covers, carrying cases and the like) of the machines of heading no. 8471","18 034","6 445","11 589"
"","","[852351] Semiconductor media; solid-state non-volatile storage devices, whether or not recorded, excluding products of Chapter 37","46 975","","46 975"
"","","[852352] Semiconductor media; smart cards,  whether or not recorded, excluding products of Chapter 37","3 754","","3 754"
"","","[854231] Electronic integrated circuits; processors and controllers, whether or not combined with memories, converters, logic circuits, amplifiers, clock and timing circuits, or other circuits","64 336","49 384","14 952"
"","","[854233] Electronic integrated circuits; amplifiers","3 111","","3 111"
"","","[854239] Electronic integrated circuits; n.e.c. in heading no. 8542","4 955","4 477","478"
"","","[854290] Parts of electronic integrated circuits","15 574","","15 574"
"","Sri Lanka [LK]","[847330] Machinery; parts and accessories (other than covers, carrying cases and the like) of the machines of heading no. 8471","15","","15"
"","","[852352] Semiconductor media; smart cards,  whether or not recorded, excluding products of Chapter 37","1 247","","1 247"
"","","[854290] Parts of electronic integrated circuits","8 705","","8 705"
"","St Vincent and the Grenadines [VC]","[852351] Semiconductor media; solid-state non-volatile storage devices, whether or not recorded, excluding products of Chapter 37","1 180","","1 180"
"","Sweden [SE]","[847330] Machinery; parts and accessories (other than covers, carrying cases and the like) of the machines of heading no. 8471","119 814","","119 814"
"","","[852351] Semiconductor media; solid-state non-volatile storage devices, whether or not recorded, excluding products of Chapter 37","199 535","15 000","184 535"
"","","[852352] Semiconductor media; smart cards,  whether or not recorded, excluding products of Chapter 37","17 670","","17 670"
"","","[854231] Electronic integrated circuits; processors and controllers, whether or not combined with memories, converters, logic circuits, amplifiers, clock and timing circuits, or other circuits","101 012","3 626","97 387"
"","","[854232] Electronic integrated circuits; memories","33","","33"
"","","[854233] Electronic integrated circuits; amplifiers","395","","395"
"","","[854239] Electronic integrated circuits; n.e.c. in heading no. 8542","450 947","134 580","316 366"
"","","[854290] Parts of electronic integrated circuits","189 461","","189 461"
"","Switzerland [CH]","[847330] Machinery; parts and accessories (other than covers, carrying cases and the like) of the machines of heading no. 8471","20 767","13 194","7 573"
"","","[852351] Semiconductor media; solid-state non-volatile storage devices, whether or not recorded, excluding products of Chapter 37","60 989","","60 989"
"","","[852352] Semiconductor media; smart cards,  whether or not recorded, excluding products of Chapter 37","17 658","","17 658"
"","","[854231] Electronic integrated circuits; processors and controllers, whether or not combined with memories, converters, logic circuits, amplifiers, clock and timing circuits, or other circuits","53 595","31 971","21 623"
"","","[854232] Electronic integrated circuits; memories","1 255","1 255",""
"","","[854233] Electronic integrated circuits; amplifiers","537","","537"
"","","[854239] Electronic integrated circuits; n.e.c. in heading no. 8542","321 839","","321 839"
"","","[854290] Parts of electronic integrated circuits","3 138 566","2 028","3 136 538"
"","Taiwan [TW]","[847330] Machinery; parts and accessories (other than covers, carrying cases and the like) of the machines of heading no. 8471","93 239 839","1 015 983","92 223 856"
"","","[852351] Semiconductor media; solid-state non-volatile storage devices, whether or not recorded, excluding products of Chapter 37","15 302 115","1 185","15 300 930"
"","","[852352] Semiconductor media; smart cards,  whether or not recorded, excluding products of Chapter 37","306 896","12 071","294 825"
"","","[854231] Electronic integrated circuits; processors and controllers, whether or not combined with memories, converters, logic circuits, amplifiers, clock and timing circuits, or other circuits","274 663 670","1 229 736","273 433 935"
"","","[854232] Electronic integrated circuits; memories","17 631 161","186 813","17 444 348"
"","","[854233] Electronic integrated circuits; amplifiers","31 432 024","2 586","31 429 439"
"","","[854239] Electronic integrated circuits; n.e.c. in heading no. 8542","88 288 908","80 820","88 208 088"
"","","[854290] Parts of electronic integrated circuits","1 016 872 584","243 856","1 016 628 729"
"","Tanzania, United Republic of [TZ]","[852352] Semiconductor media; smart cards,  whether or not recorded, excluding products of Chapter 37","88","","88"
"","","[854290] Parts of electronic integrated circuits","149","149",""
"","Thailand [TH]","[847330] Machinery; parts and accessories (other than covers, carrying cases and the like) of the machines of heading no. 8471","3 208 159","2 588 385","619 774"
"","","[852351] Semiconductor media; solid-state non-volatile storage devices, whether or not recorded, excluding products of Chapter 37","2 208 572","200 302","2 008 269"
"","","[852352] Semiconductor media; smart cards,  whether or not recorded, excluding products of Chapter 37","10 557","","10 557"
"","","[854231] Electronic integrated circuits; processors and controllers, whether or not combined with memories, converters, logic circuits, amplifiers, clock and timing circuits, or other circuits","10 298 570","492 436","9 806 133"
"","","[854232] Electronic integrated circuits; memories","643 286","","643 286"
"","","[854233] Electronic integrated circuits; amplifiers","2 871 986","40 185","2 831 801"
"","","[854239] Electronic integrated circuits; n.e.c. in heading no. 8542","7 430 371","679 662","6 750 709"
"","","[854290] Parts of electronic integrated circuits","33 745 674","44 518","33 701 156"
"","Timor-Leste [TL]","[847330] Machinery; parts and accessories (other than covers, carrying cases and the like) of the machines of heading no. 8471","179 255","179 255",""
"","","[852351] Semiconductor media; solid-state non-volatile storage devices, whether or not recorded, excluding products of Chapter 37","39 435","39 262","173"
"","","[852352] Semiconductor media; smart cards,  whether or not recorded, excluding products of Chapter 37","217","217",""
"","","[854232] Electronic integrated circuits; memories","484","484",""
"","","[854233] Electronic integrated circuits; amplifiers","14 073","14 073",""
"","","[854239] Electronic integrated circuits; n.e.c. in heading no. 8542","142 498","142 498",""
"","","[854290] Parts of electronic integrated circuits","6 034","6 034",""
"","Tunisia [TN]","[852351] Semiconductor media; solid-state non-volatile storage devices, whether or not recorded, excluding products of Chapter 37","697","","697"
"","","[854233] Electronic integrated circuits; amplifiers","7 428","","7 428"
"","","[854290] Parts of electronic integrated circuits","214 829","213 334","1 496"
"","Turkey [TR]","[847330] Machinery; parts and accessories (other than covers, carrying cases and the like) of the machines of heading no. 8471","774","","774"
"","","[852351] Semiconductor media; solid-state non-volatile storage devices, whether or not recorded, excluding products of Chapter 37","3 281","","3 281"
"","","[852352] Semiconductor media; smart cards,  whether or not recorded, excluding products of Chapter 37","6 220","5 900","320"
"","","[854231] Electronic integrated circuits; processors and controllers, whether or not combined with memories, converters, logic circuits, amplifiers, clock and timing circuits, or other circuits","750 304","748 395","1 910"
"","","[854232] Electronic integrated circuits; memories","526 048","526 048",""
"","","[854233] Electronic integrated circuits; amplifiers","31 806","21 761","10 045"
"","","[854239] Electronic integrated circuits; n.e.c. in heading no. 8542","258 704","255 588","3 115"
"","","[854290] Parts of electronic integrated circuits","8 435","","8 435"
"","Ukraine [UA]","[847330] Machinery; parts and accessories (other than covers, carrying cases and the like) of the machines of heading no. 8471","79","","79"
"","","[852352] Semiconductor media; smart cards,  whether or not recorded, excluding products of Chapter 37","39","","39"
"","","[854231] Electronic integrated circuits; processors and controllers, whether or not combined with memories, converters, logic circuits, amplifiers, clock and timing circuits, or other circuits","20","","20"
"","","[854290] Parts of electronic integrated circuits","430","","430"
"","United Arab Emirates [AE]","[847330] Machinery; parts and accessories (other than covers, carrying cases and the like) of the machines of heading no. 8471","127 868","111 038","16 830"
"","","[852351] Semiconductor media; solid-state non-volatile storage devices, whether or not recorded, excluding products of Chapter 37","52","","52"
"","","[852352] Semiconductor media; smart cards,  whether or not recorded, excluding products of Chapter 37","34 407","482","33 925"
"","","[854231] Electronic integrated circuits; processors and controllers, whether or not combined with memories, converters, logic circuits, amplifiers, clock and timing circuits, or other circuits","240","158","82"
"","","[854239] Electronic integrated circuits; n.e.c. in heading no. 8542","88","","88"
"","","[854290] Parts of electronic integrated circuits","186 924","23 946","162 978"
"","United Kingdom [GB]","[847330] Machinery; parts and accessories (other than covers, carrying cases and the like) of the machines of heading no. 8471","2 196 624","1 827 343","369 281"
"","","[852351] Semiconductor media; solid-state non-volatile storage devices, whether or not recorded, excluding products of Chapter 37","84 159","55","84 104"
"","","[852352] Semiconductor media; smart cards,  whether or not recorded, excluding products of Chapter 37","37 923","","37 923"
"","","[854231] Electronic integrated circuits; processors and controllers, whether or not combined with memories, converters, logic circuits, amplifiers, clock and timing circuits, or other circuits","23 622","765","22 857"
"","","[854232] Electronic integrated circuits; memories","6 463","3 488","2 975"
"","","[854233] Electronic integrated circuits; amplifiers","16 358","","16 358"
"","","[854239] Electronic integrated circuits; n.e.c. in heading no. 8542","41 571","1 490","40 081"
"","","[854290] Parts of electronic integrated circuits","614 390","563 772","50 619"
"","United states [US]","[847330] Machinery; parts and accessories (other than covers, carrying cases and the like) of the machines of heading no. 8471","34 902 975","30 212 156","4 690 819"
"","","[852351] Semiconductor media; solid-state non-volatile storage devices, whether or not recorded, excluding products of Chapter 37","6 569 708","5 659 540","910 167"
"","","[852352] Semiconductor media; smart cards,  whether or not recorded, excluding products of Chapter 37","1 436 028","1 132 960","303 068"
"","","[854231] Electronic integrated circuits; processors and controllers, whether or not combined with memories, converters, logic circuits, amplifiers, clock and timing circuits, or other circuits","3 490 810","2 208 945","1 281 865"
"","","[854232] Electronic integrated circuits; memories","372 027","342 029","29 998"
"","","[854233] Electronic integrated circuits; amplifiers","1 379 218","1 000","1 378 218"
"","","[854239] Electronic integrated circuits; n.e.c. in heading no. 8542","11 248 094","567 981","10 680 113"
"","","[854290] Parts of electronic integrated circuits","17 692 458","8 148 987","9 543 471"
"","Uruguay [UY]","[847330] Machinery; parts and accessories (other than covers, carrying cases and the like) of the machines of heading no. 8471","1 824","1 824",""
"","Uzbekistan [UZ]","[852352] Semiconductor media; smart cards,  whether or not recorded, excluding products of Chapter 37","136","","136"
"","Vanuatu [VU]","[852352] Semiconductor media; smart cards,  whether or not recorded, excluding products of Chapter 37","7","","7"
"","Viet Nam [VN]","[847330] Machinery; parts and accessories (other than covers, carrying cases and the like) of the machines of heading no. 8471","37 567 009","359 200","37 207 808"
"","","[852351] Semiconductor media; solid-state non-volatile storage devices, whether or not recorded, excluding products of Chapter 37","1 272 995","","1 272 995"
"","","[852352] Semiconductor media; smart cards,  whether or not recorded, excluding products of Chapter 37","3 149 779","35 378","3 114 401"
"","","[854231] Electronic integrated circuits; processors and controllers, whether or not combined with memories, converters, logic circuits, amplifiers, clock and timing circuits, or other circuits","22 666 719","2 418 635","20 248 084"
"","","[854232] Electronic integrated circuits; memories","1 977 419","1 529 631","447 788"
"","","[854233] Electronic integrated circuits; amplifiers","1 616 519","910 424","706 095"
"","","[854239] Electronic integrated circuits; n.e.c. in heading no. 8542","5 721 614","320 574","5 401 040"
"","","[854290] Parts of electronic integrated circuits","5 549 335","1 554 992","3 994 343"
"","Zambia [ZM]","[852352] Semiconductor media; smart cards,  whether or not recorded, excluding products of Chapter 37","1 378 042","1 378 000","42"
"","Zimbabwe [ZW]","[852352] Semiconductor media; smart cards,  whether or not recorded, excluding products of Chapter 37","168","","168"
"Malaysia","  European Union [EU-27]","[847330] Machinery; parts and accessories (other than covers, carrying cases and the like) of the machines of heading no. 8471","644 307 924","563 176 897","81 131 027"
"","","[852351] Semiconductor media; solid-state non-volatile storage devices, whether or not recorded, excluding products of Chapter 37","1 121 451 402","1 098 623 354","22 828 048"
"","","[852352] Semiconductor media; smart cards,  whether or not recorded, excluding products of Chapter 37","60 033 360","20 910 030","39 123 330"
"","","[854231] Electronic integrated circuits; processors and controllers, whether or not combined with memories, converters, logic circuits, amplifiers, clock and timing circuits, or other circuits","8 870 785 460","4 431 347 657","4 439 437 803"
"","","[854232] Electronic integrated circuits; memories","206 185 301","191 157 980","15 027 322"
"","","[854233] Electronic integrated circuits; amplifiers","40 114 693","21 257 861","18 856 832"
"","","[854239] Electronic integrated circuits; n.e.c. in heading no. 8542","2 820 744 634","1 929 155 023","891 589 611"
"","","[854290] Parts of electronic integrated circuits","2 584 071 847","1 598 328 959","985 742 887"
""," ASEAN [00]","[847330] Machinery; parts and accessories (other than covers, carrying cases and the like) of the machines of heading no. 8471","2 019 367 210","1 077 718 074","941 649 136"
"","","[852351] Semiconductor media; solid-state non-volatile storage devices, whether or not recorded, excluding products of Chapter 37","1 617 697 291","744 822 865","872 874 425"
"","","[852352] Semiconductor media; smart cards,  whether or not recorded, excluding products of Chapter 37","59 461 640","44 040 486","15 421 154"
"","","[854231] Electronic integrated circuits; processors and controllers, whether or not combined with memories, converters, logic circuits, amplifiers, clock and timing circuits, or other circuits","17 734 354 773","14 306 401 560","3 427 953 213"
"","","[854232] Electronic integrated circuits; memories","7 638 957 873","3 324 631 548","4 314 326 325"
"","","[854233] Electronic integrated circuits; amplifiers","1 376 474 973","779 427 558","597 047 416"
"","","[854239] Electronic integrated circuits; n.e.c. in heading no. 8542","19 560 591 348","16 277 657 635","3 282 933 713"
"","","[854290] Parts of electronic integrated circuits","4 915 407 175","2 499 132 313","2 416 274 862"
""," Extra-ASEAN [88]","[847330] Machinery; parts and accessories (other than covers, carrying cases and the like) of the machines of heading no. 8471","11 177 024 370","4 076 139 469","7 100 884 902"
"","","[852351] Semiconductor media; solid-state non-volatile storage devices, whether or not recorded, excluding products of Chapter 37","10 267 420 298","8 849 562 400","1 417 857 899"
"","","[852352] Semiconductor media; smart cards,  whether or not recorded, excluding products of Chapter 37","286 133 020","207 424 522","78 708 498"
"","","[854231] Electronic integrated circuits; processors and controllers, whether or not combined with memories, converters, logic circuits, amplifiers, clock and timing circuits, or other circuits","75 775 594 579","46 696 273 516","29 079 321 063"
"","","[854232] Electronic integrated circuits; memories","18 122 932 743","6 258 452 320","11 864 480 423"
"","","[854233] Electronic integrated circuits; amplifiers","4 140 311 573","3 879 933 060","260 378 513"
"","","[854239] Electronic integrated circuits; n.e.c. in heading no. 8542","23 880 057 745","14 045 228 954","9 834 828 791"
"","","[854290] Parts of electronic integrated circuits","22 797 057 012","10 313 485 790","12 483 571 222"
""," WORLD [99]","[847330] Machinery; parts and accessories (other than covers, carrying cases and the like) of the machines of heading no. 8471","13 196 391 580","5 153 857 542","8 042 534 038"
"","","[852351] Semiconductor media; solid-state non-volatile storage devices, whether or not recorded, excluding products of Chapter 37","11 885 117 589","9 594 385 265","2 290 732 324"
"","","[852352] Semiconductor media; smart cards,  whether or not recorded, excluding products of Chapter 37","345 594 660","251 465 008","94 129 652"
"","","[854231] Electronic integrated circuits; processors and controllers, whether or not combined with memories, converters, logic circuits, amplifiers, clock and timing circuits, or other circuits","93 509 949 352","61 002 675 076","32 507 274 276"
"","","[854232] Electronic integrated circuits; memories","25 761 890 616","9 583 083 868","16 178 806 748"
"","","[854233] Electronic integrated circuits; amplifiers","5 516 786 547","4 659 360 618","857 425 929"
"","","[854239] Electronic integrated circuits; n.e.c. in heading no. 8542","43 440 649 093","30 322 886 589","13 117 762 504"
"","","[854290] Parts of electronic integrated circuits","27 712 464 186","12 812 618 103","14 899 846 084"
"","Afghanistan [AF]","[847330] Machinery; parts and accessories (other than covers, carrying cases and the like) of the machines of heading no. 8471","424","","424"
"","Albania [AL]","[847330] Machinery; parts and accessories (other than covers, carrying cases and the like) of the machines of heading no. 8471","48","48",""
"","","[852352] Semiconductor media; smart cards,  whether or not recorded, excluding products of Chapter 37","12","12",""
"","Algeria [DZ]","[847330] Machinery; parts and accessories (other than covers, carrying cases and the like) of the machines of heading no. 8471","226","226",""
"","","[852352] Semiconductor media; smart cards,  whether or not recorded, excluding products of Chapter 37","5","5",""
"","","[854231] Electronic integrated circuits; processors and controllers, whether or not combined with memories, converters, logic circuits, amplifiers, clock and timing circuits, or other circuits","1","1",""
"","","[854239] Electronic integrated circuits; n.e.c. in heading no. 8542","10","10",""
"","Andorra [AD]","[852351] Semiconductor media; solid-state non-volatile storage devices, whether or not recorded, excluding products of Chapter 37","122","122",""
"","Argentina [AR]","[847330] Machinery; parts and accessories (other than covers, carrying cases and the like) of the machines of heading no. 8471","9 097","8 341","756"
"","","[852351] Semiconductor media; solid-state non-volatile storage devices, whether or not recorded, excluding products of Chapter 37","638","","638"
"","","[852352] Semiconductor media; smart cards,  whether or not recorded, excluding products of Chapter 37","161","10","151"
"","","[854231] Electronic integrated circuits; processors and controllers, whether or not combined with memories, converters, logic circuits, amplifiers, clock and timing circuits, or other circuits","5 488","5 488",""
"","","[854239] Electronic integrated circuits; n.e.c. in heading no. 8542","20","20",""
"","Armenia [AM]","[852351] Semiconductor media; solid-state non-volatile storage devices, whether or not recorded, excluding products of Chapter 37","744","744",""
"","","[854231] Electronic integrated circuits; processors and controllers, whether or not combined with memories, converters, logic circuits, amplifiers, clock and timing circuits, or other circuits","162","","162"
"","","[854239] Electronic integrated circuits; n.e.c. in heading no. 8542","48 556","48 556",""
"","","[854290] Parts of electronic integrated circuits","3 122","3 122",""
"","Australia [AU]","[847330] Machinery; parts and accessories (other than covers, carrying cases and the like) of the machines of heading no. 8471","52 634 816","51 170 831","1 463 985"
"","","[852351] Semiconductor media; solid-state non-volatile storage devices, whether or not recorded, excluding products of Chapter 37","21 506 248","20 814 405","691 843"
"","","[852352] Semiconductor media; smart cards,  whether or not recorded, excluding products of Chapter 37","1 138 873","1 024 339","114 535"
"","","[854231] Electronic integrated circuits; processors and controllers, whether or not combined with memories, converters, logic circuits, amplifiers, clock and timing circuits, or other circuits","75 223 848","74 261 385","962 462"
"","","[854232] Electronic integrated circuits; memories","26 053 200","25 416 103","637 098"
"","","[854233] Electronic integrated circuits; amplifiers","987 855","359 462","628 394"
"","","[854239] Electronic integrated circuits; n.e.c. in heading no. 8542","15 973 681","13 294 653","2 679 028"
"","","[854290] Parts of electronic integrated circuits","11 919 564","10 265 293","1 654 271"
"","Austria [AT]","[847330] Machinery; parts and accessories (other than covers, carrying cases and the like) of the machines of heading no. 8471","6 882 924","6 386 737","496 187"
"","","[852351] Semiconductor media; solid-state non-volatile storage devices, whether or not recorded, excluding products of Chapter 37","578 763","466 388","112 374"
"","","[852352] Semiconductor media; smart cards,  whether or not recorded, excluding products of Chapter 37","9 723","3 376","6 347"
"","","[854231] Electronic integrated circuits; processors and controllers, whether or not combined with memories, converters, logic circuits, amplifiers, clock and timing circuits, or other circuits","27 896 205","14 922 473","12 973 732"
"","","[854232] Electronic integrated circuits; memories","659 458","3 086","656 372"
"","","[854233] Electronic integrated circuits; amplifiers","131 806","124 330","7 477"
"","","[854239] Electronic integrated circuits; n.e.c. in heading no. 8542","300 224 319","106 356 546","193 867 773"
"","","[854290] Parts of electronic integrated circuits","14 474 024","9 380 334","5 093 691"
"","Azerbaijan [AZ]","[847330] Machinery; parts and accessories (other than covers, carrying cases and the like) of the machines of heading no. 8471","177","177",""
"","","[854290] Parts of electronic integrated circuits","859","859",""
"","Bahrain [BH]","[847330] Machinery; parts and accessories (other than covers, carrying cases and the like) of the machines of heading no. 8471","2 662","2 662",""
"","","[852351] Semiconductor media; solid-state non-volatile storage devices, whether or not recorded, excluding products of Chapter 37","16","16",""
"","","[852352] Semiconductor media; smart cards,  whether or not recorded, excluding products of Chapter 37","33","33",""
"","","[854231] Electronic integrated circuits; processors and controllers, whether or not combined with memories, converters, logic circuits, amplifiers, clock and timing circuits, or other circuits","17 805","17 805",""
"","","[854232] Electronic integrated circuits; memories","549","549",""
"","","[854233] Electronic integrated circuits; amplifiers","678","678",""
"","","[854239] Electronic integrated circuits; n.e.c. in heading no. 8542","902","902",""
"","Bangladesh [BD]","[847330] Machinery; parts and accessories (other than covers, carrying cases and the like) of the machines of heading no. 8471","409 448","181 815","227 634"
"","","[852351] Semiconductor media; solid-state non-volatile storage devices, whether or not recorded, excluding products of Chapter 37","53 105","51 907","1 197"
"","","[852352] Semiconductor media; smart cards,  whether or not recorded, excluding products of Chapter 37","3 453 461","3 453 441","20"
"","","[854231] Electronic integrated circuits; processors and controllers, whether or not combined with memories, converters, logic circuits, amplifiers, clock and timing circuits, or other circuits","52 228","4 082","48 146"
"","","[854232] Electronic integrated circuits; memories","17 242","5 410","11 832"
"","","[854239] Electronic integrated circuits; n.e.c. in heading no. 8542","791","791","0"
"","","[854290] Parts of electronic integrated circuits","6 278","6 278",""
"","Belarus [BY]","[854239] Electronic integrated circuits; n.e.c. in heading no. 8542","9","","9"
"","Belgium [BE]","[847330] Machinery; parts and accessories (other than covers, carrying cases and the like) of the machines of heading no. 8471","1 116 557","156 967","959 590"
"","","[852351] Semiconductor media; solid-state non-volatile storage devices, whether or not recorded, excluding products of Chapter 37","9 170 064","9 132 511","37 554"
"","","[852352] Semiconductor media; smart cards,  whether or not recorded, excluding products of Chapter 37","9 660 936","9 655 568","5 368"
"","","[854231] Electronic integrated circuits; processors and controllers, whether or not combined with memories, converters, logic circuits, amplifiers, clock and timing circuits, or other circuits","132 966 592","128 690 444","4 276 148"
"","","[854232] Electronic integrated circuits; memories","2 279 174","2 171 312","107 862"
"","","[854233] Electronic integrated circuits; amplifiers","15 129","1 187","13 941"
"","","[854239] Electronic integrated circuits; n.e.c. in heading no. 8542","57 971 993","54 541 522","3 430 471"
"","","[854290] Parts of electronic integrated circuits","106 150 149","12 416 958","93 733 191"
"","Bermuda [BM]","[847330] Machinery; parts and accessories (other than covers, carrying cases and the like) of the machines of heading no. 8471","79","79",""
"","Bhutan [BT]","[847330] Machinery; parts and accessories (other than covers, carrying cases and the like) of the machines of heading no. 8471","1 912","1 912",""
"","","[852351] Semiconductor media; solid-state non-volatile storage devices, whether or not recorded, excluding products of Chapter 37","427","427",""
"","Bolivia [BO]","[854231] Electronic integrated circuits; processors and controllers, whether or not combined with memories, converters, logic circuits, amplifiers, clock and timing circuits, or other circuits","659","659",""
"","","[854232] Electronic integrated circuits; memories","1 294","1 294",""
"","","[854239] Electronic integrated circuits; n.e.c. in heading no. 8542","4 540","4 540",""
"","Bosnia and Herzegovina [BA]","[852352] Semiconductor media; smart cards,  whether or not recorded, excluding products of Chapter 37","3","3",""
"","","[854239] Electronic integrated circuits; n.e.c. in heading no. 8542","40","40",""
"","Brazil [BR]","[847330] Machinery; parts and accessories (other than covers, carrying cases and the like) of the machines of heading no. 8471","4 510 592","4 482 788","27 805"
"","","[852351] Semiconductor media; solid-state non-volatile storage devices, whether or not recorded, excluding products of Chapter 37","13 118 120","13 115 809","2 311"
"","","[852352] Semiconductor media; smart cards,  whether or not recorded, excluding products of Chapter 37","181 981","181 376","606"
"","","[854231] Electronic integrated circuits; processors and controllers, whether or not combined with memories, converters, logic circuits, amplifiers, clock and timing circuits, or other circuits","30 619 166","30 385 283","233 884"
"","","[854232] Electronic integrated circuits; memories","84 522","84 386","137"
"","","[854233] Electronic integrated circuits; amplifiers","95 743","95 578","166"
"","","[854239] Electronic integrated circuits; n.e.c. in heading no. 8542","5 734 139","5 542 249","191 890"
"","","[854290] Parts of electronic integrated circuits","2 608 314","2 604 257","4 057"
"","Brunei Darussalam [BN]","[847330] Machinery; parts and accessories (other than covers, carrying cases and the like) of the machines of heading no. 8471","1 124 676","1 123 314","1 362"
"","","[852351] Semiconductor media; solid-state non-volatile storage devices, whether or not recorded, excluding products of Chapter 37","16 877","16 583","293"
"","","[852352] Semiconductor media; smart cards,  whether or not recorded, excluding products of Chapter 37","11 563","11 563",""
"","","[854231] Electronic integrated circuits; processors and controllers, whether or not combined with memories, converters, logic circuits, amplifiers, clock and timing circuits, or other circuits","4 381","4 381",""
"","","[854232] Electronic integrated circuits; memories","1 587","1 587",""
"","","[854239] Electronic integrated circuits; n.e.c. in heading no. 8542","30 398","28 503","1 896"
"","","[854290] Parts of electronic integrated circuits","13 917","13 917",""
"","Bulgaria [BG]","[847330] Machinery; parts and accessories (other than covers, carrying cases and the like) of the machines of heading no. 8471","160 301","125 312","34 989"
"","","[852352] Semiconductor media; smart cards,  whether or not recorded, excluding products of Chapter 37","67 620","66 464","1 155"
"","","[854231] Electronic integrated circuits; processors and controllers, whether or not combined with memories, converters, logic circuits, amplifiers, clock and timing circuits, or other circuits","76 776 577","76 686 801","89 776"
"","","[854232] Electronic integrated circuits; memories","216","216",""
"","","[854233] Electronic integrated circuits; amplifiers","1 546","1 546",""
"","","[854239] Electronic integrated circuits; n.e.c. in heading no. 8542","790 740","566 231","224 509"
"","","[854290] Parts of electronic integrated circuits","17 692","6 005","11 687"
"","Burkina Faso [BF]","[854239] Electronic integrated circuits; n.e.c. in heading no. 8542","298 623","298 623",""
"","Cambodia [KH]","[847330] Machinery; parts and accessories (other than covers, carrying cases and the like) of the machines of heading no. 8471","54 471","36 104","18 367"
"","","[852351] Semiconductor media; solid-state non-volatile storage devices, whether or not recorded, excluding products of Chapter 37","134 608","134 391","217"
"","","[852352] Semiconductor media; smart cards,  whether or not recorded, excluding products of Chapter 37","322 115","321 909","206"
"","","[854231] Electronic integrated circuits; processors and controllers, whether or not combined with memories, converters, logic circuits, amplifiers, clock and timing circuits, or other circuits","64 079","64 079",""
"","","[854232] Electronic integrated circuits; memories","54","54",""
"","","[854233] Electronic integrated circuits; amplifiers","18 134","18 134",""
"","","[854239] Electronic integrated circuits; n.e.c. in heading no. 8542","334 562","330 774","3 788"
"","","[854290] Parts of electronic integrated circuits","21 845","21 845",""
"","Cameroon [CM]","[847330] Machinery; parts and accessories (other than covers, carrying cases and the like) of the machines of heading no. 8471","33 454","","33 454"
"","","[854231] Electronic integrated circuits; processors and controllers, whether or not combined with memories, converters, logic circuits, amplifiers, clock and timing circuits, or other circuits","252","","252"
"","","[854232] Electronic integrated circuits; memories","7 329","","7 329"
"","","[854239] Electronic integrated circuits; n.e.c. in heading no. 8542","12 214","","12 214"
"","Canada [CA]","[847330] Machinery; parts and accessories (other than covers, carrying cases and the like) of the machines of heading no. 8471","30 093 366","11 337 628","18 755 738"
"","","[852351] Semiconductor media; solid-state non-volatile storage devices, whether or not recorded, excluding products of Chapter 37","47 727 399","47 633 780","93 619"
"","","[852352] Semiconductor media; smart cards,  whether or not recorded, excluding products of Chapter 37","129 181","34 906","94 276"
"","","[854231] Electronic integrated circuits; processors and controllers, whether or not combined with memories, converters, logic circuits, amplifiers, clock and timing circuits, or other circuits","29 579 460","14 802 241","14 777 219"
"","","[854232] Electronic integrated circuits; memories","21 816 363","21 758 328","58 035"
"","","[854233] Electronic integrated circuits; amplifiers","84 339","45 768","38 570"
"","","[854239] Electronic integrated circuits; n.e.c. in heading no. 8542","11 667 535","9 433 704","2 233 831"
"","","[854290] Parts of electronic integrated circuits","7 807 802","4 876 557","2 931 245"
"","Cayman Islands [KY]","[854239] Electronic integrated circuits; n.e.c. in heading no. 8542","1 746","1 746",""
"","Chile [CL]","[847330] Machinery; parts and accessories (other than covers, carrying cases and the like) of the machines of heading no. 8471","80 876","80 655","221"
"","","[852351] Semiconductor media; solid-state non-volatile storage devices, whether or not recorded, excluding products of Chapter 37","1 844 447","1 843 992","455"
"","","[852352] Semiconductor media; smart cards,  whether or not recorded, excluding products of Chapter 37","1 638","1 638",""
"","","[854231] Electronic integrated circuits; processors and controllers, whether or not combined with memories, converters, logic circuits, amplifiers, clock and timing circuits, or other circuits","3 617","3 617",""
"","","[854232] Electronic integrated circuits; memories","1 545 586","1 545 586",""
"","China (People's Republic of) [CN]","[847330] Machinery; parts and accessories (other than covers, carrying cases and the like) of the machines of heading no. 8471","2 385 949 855","563 555 721","1 822 394 133"
"","","[852351] Semiconductor media; solid-state non-volatile storage devices, whether or not recorded, excluding products of Chapter 37","2 978 861 313","2 616 297 434","362 563 878"
"","","[852352] Semiconductor media; smart cards,  whether or not recorded, excluding products of Chapter 37","44 141 467","18 024 103","26 117 364"
"","","[854231] Electronic integrated circuits; processors and controllers, whether or not combined with memories, converters, logic circuits, amplifiers, clock and timing circuits, or other circuits","12 038 633 969","10 298 228 421","1 740 405 548"
"","","[854232] Electronic integrated circuits; memories","6 573 645 042","1 146 632 842","5 427 012 200"
"","","[854233] Electronic integrated circuits; amplifiers","564 737 015","528 302 747","36 434 268"
"","","[854239] Electronic integrated circuits; n.e.c. in heading no. 8542","4 360 013 745","1 612 601 941","2 747 411 804"
"","","[854290] Parts of electronic integrated circuits","2 572 658 658","1 379 530 678","1 193 127 980"
"","Colombia [CO]","[847330] Machinery; parts and accessories (other than covers, carrying cases and the like) of the machines of heading no. 8471","163 177","30 227","132 949"
"","","[852351] Semiconductor media; solid-state non-volatile storage devices, whether or not recorded, excluding products of Chapter 37","57 923","1 031","56 892"
"","","[852352] Semiconductor media; smart cards,  whether or not recorded, excluding products of Chapter 37","179 208","179 208",""
"","","[854231] Electronic integrated circuits; processors and controllers, whether or not combined with memories, converters, logic circuits, amplifiers, clock and timing circuits, or other circuits","1 472 535","1 356 426","116 109"
"","","[854239] Electronic integrated circuits; n.e.c. in heading no. 8542","2 599","2 599",""
"","","[854290] Parts of electronic integrated circuits","331","23","308"
"","Costa Rica [CR]","[847330] Machinery; parts and accessories (other than covers, carrying cases and the like) of the machines of heading no. 8471","8 501 560","3 087 334","5 414 227"
"","","[852351] Semiconductor media; solid-state non-volatile storage devices, whether or not recorded, excluding products of Chapter 37","2 538","","2 538"
"","","[852352] Semiconductor media; smart cards,  whether or not recorded, excluding products of Chapter 37","1 172","","1 172"
"","","[854231] Electronic integrated circuits; processors and controllers, whether or not combined with memories, converters, logic circuits, amplifiers, clock and timing circuits, or other circuits","3 691 621 657","589 487 029","3 102 134 629"
"","","[854232] Electronic integrated circuits; memories","285 737","233 381","52 356"
"","","[854233] Electronic integrated circuits; amplifiers","8 144","1 518","6 626"
"","","[854239] Electronic integrated circuits; n.e.c. in heading no. 8542","24 226 679","19 731 331","4 495 348"
"","","[854290] Parts of electronic integrated circuits","44 193 547","38 800 018","5 393 528"
"","Côte d'Ivoire [CI]","[847330] Machinery; parts and accessories (other than covers, carrying cases and the like) of the machines of heading no. 8471","4 813","4 813",""
"","","[852351] Semiconductor media; solid-state non-volatile storage devices, whether or not recorded, excluding products of Chapter 37","297","297",""
"","","[854231] Electronic integrated circuits; processors and controllers, whether or not combined with memories, converters, logic circuits, amplifiers, clock and timing circuits, or other circuits","33 419","33 419",""
"","","[854239] Electronic integrated circuits; n.e.c. in heading no. 8542","7 632","7 632",""
"","Croatia [HR]","[847330] Machinery; parts and accessories (other than covers, carrying cases and the like) of the machines of heading no. 8471","87 385","3 832","83 553"
"","","[852352] Semiconductor media; smart cards,  whether or not recorded, excluding products of Chapter 37","0","0",""
"","","[854231] Electronic integrated circuits; processors and controllers, whether or not combined with memories, converters, logic circuits, amplifiers, clock and timing circuits, or other circuits","434 217","1 058","433 159"
"","","[854232] Electronic integrated circuits; memories","786","786",""
"","","[854239] Electronic integrated circuits; n.e.c. in heading no. 8542","1 116","","1 116"
"","","[854290] Parts of electronic integrated circuits","637","637",""
"","Cyprus [CY]","[847330] Machinery; parts and accessories (other than covers, carrying cases and the like) of the machines of heading no. 8471","3 123","1 298","1 825"
"","","[852351] Semiconductor media; solid-state non-volatile storage devices, whether or not recorded, excluding products of Chapter 37","60","60",""
"","","[852352] Semiconductor media; smart cards,  whether or not recorded, excluding products of Chapter 37","2","2",""
"","","[854239] Electronic integrated circuits; n.e.c. in heading no. 8542","3 532","","3 532"
"","Czech Republic [CZ]","[847330] Machinery; parts and accessories (other than covers, carrying cases and the like) of the machines of heading no. 8471","66 027 499","61 568 840","4 458 659"
"","","[852351] Semiconductor media; solid-state non-volatile storage devices, whether or not recorded, excluding products of Chapter 37","89 852 434","84 916 716","4 935 719"
"","","[852352] Semiconductor media; smart cards,  whether or not recorded, excluding products of Chapter 37","4 699 981","4 466 243","233 738"
"","","[854231] Electronic integrated circuits; processors and controllers, whether or not combined with memories, converters, logic circuits, amplifiers, clock and timing circuits, or other circuits","554 953 767","549 931 038","5 022 729"
"","","[854232] Electronic integrated circuits; memories","5 401 554","5 400 265","1 289"
"","","[854233] Electronic integrated circuits; amplifiers","5 283 837","5 272 444","11 393"
"","","[854239] Electronic integrated circuits; n.e.c. in heading no. 8542","11 006 141","1 573 554","9 432 587"
"","","[854290] Parts of electronic integrated circuits","146 459 600","131 985 104","14 474 496"
"","Denmark [DK]","[847330] Machinery; parts and accessories (other than covers, carrying cases and the like) of the machines of heading no. 8471","643 168","216 553","426 615"
"","","[852351] Semiconductor media; solid-state non-volatile storage devices, whether or not recorded, excluding products of Chapter 37","9 226","2 725","6 500"
"","","[852352] Semiconductor media; smart cards,  whether or not recorded, excluding products of Chapter 37","1 335","147","1 188"
"","","[854231] Electronic integrated circuits; processors and controllers, whether or not combined with memories, converters, logic circuits, amplifiers, clock and timing circuits, or other circuits","2 760 264","2 715 822","44 442"
"","","[854232] Electronic integrated circuits; memories","15 780","343","15 437"
"","","[854233] Electronic integrated circuits; amplifiers","1 458","451","1 007"
"","","[854239] Electronic integrated circuits; n.e.c. in heading no. 8542","1 170 214","601 166","569 048"
"","","[854290] Parts of electronic integrated circuits","144 777","116 276","28 501"
"","Djibouti [DJ]","[854290] Parts of electronic integrated circuits","8","8",""
"","Dominica [DM]","[854231] Electronic integrated circuits; processors and controllers, whether or not combined with memories, converters, logic circuits, amplifiers, clock and timing circuits, or other circuits","23","23",""
"","Dominican Republic [DO]","[847330] Machinery; parts and accessories (other than covers, carrying cases and the like) of the machines of heading no. 8471","18","18",""
"","","[852351] Semiconductor media; solid-state non-volatile storage devices, whether or not recorded, excluding products of Chapter 37","667","667",""
"","","[854231] Electronic integrated circuits; processors and controllers, whether or not combined with memories, converters, logic circuits, amplifiers, clock and timing circuits, or other circuits","1 378","1 378",""
"","","[854239] Electronic integrated circuits; n.e.c. in heading no. 8542","967","","967"
"","","[854290] Parts of electronic integrated circuits","16 675","","16 675"
"","Ecuador [EC]","[847330] Machinery; parts and accessories (other than covers, carrying cases and the like) of the machines of heading no. 8471","12 170","12 170",""
"","Egypt [EG]","[847330] Machinery; parts and accessories (other than covers, carrying cases and the like) of the machines of heading no. 8471","151 670","151 670",""
"","","[852351] Semiconductor media; solid-state non-volatile storage devices, whether or not recorded, excluding products of Chapter 37","714","714",""
"","","[852352] Semiconductor media; smart cards,  whether or not recorded, excluding products of Chapter 37","796","796",""
"","","[854231] Electronic integrated circuits; processors and controllers, whether or not combined with memories, converters, logic circuits, amplifiers, clock and timing circuits, or other circuits","12 299","12 299",""
"","","[854239] Electronic integrated circuits; n.e.c. in heading no. 8542","19 746","2 527","17 219"
"","","[854290] Parts of electronic integrated circuits","403","403",""
"","Estonia [EE]","[847330] Machinery; parts and accessories (other than covers, carrying cases and the like) of the machines of heading no. 8471","13 625","12 417","1 209"
"","","[852351] Semiconductor media; solid-state non-volatile storage devices, whether or not recorded, excluding products of Chapter 37","1 902","255","1 647"
"","","[852352] Semiconductor media; smart cards,  whether or not recorded, excluding products of Chapter 37","2 259","2 259",""
"","","[854231] Electronic integrated circuits; processors and controllers, whether or not combined with memories, converters, logic circuits, amplifiers, clock and timing circuits, or other circuits","70 249","65 694","4 555"
"","","[854233] Electronic integrated circuits; amplifiers","586","","586"
"","","[854239] Electronic integrated circuits; n.e.c. in heading no. 8542","165 322","147 139","18 183"
"","Ethiopia [ET]","[854231] Electronic integrated circuits; processors and controllers, whether or not combined with memories, converters, logic circuits, amplifiers, clock and timing circuits, or other circuits","1","1",""
"","","[854290] Parts of electronic integrated circuits","1 529","1 529",""
"","Eurasian Economic Union [EAEU]","[847330] Machinery; parts and accessories (other than covers, carrying cases and the like) of the machines of heading no. 8471","6 829","6 829",""
"","","[852351] Semiconductor media; solid-state non-volatile storage devices, whether or not recorded, excluding products of Chapter 37","781","744","38"
"","","[852352] Semiconductor media; smart cards,  whether or not recorded, excluding products of Chapter 37","77","77",""
"","","[854231] Electronic integrated circuits; processors and controllers, whether or not combined with memories, converters, logic circuits, amplifiers, clock and timing circuits, or other circuits","20 382","20 018","364"
"","","[854239] Electronic integrated circuits; n.e.c. in heading no. 8542","48 742","48 733","9"
"","","[854290] Parts of electronic integrated circuits","3 122","3 122",""
"","Fiji [FJ]","[847330] Machinery; parts and accessories (other than covers, carrying cases and the like) of the machines of heading no. 8471","58 934","51 180","7 754"
"","","[852351] Semiconductor media; solid-state non-volatile storage devices, whether or not recorded, excluding products of Chapter 37","422","422",""
"","","[854231] Electronic integrated circuits; processors and controllers, whether or not combined with memories, converters, logic circuits, amplifiers, clock and timing circuits, or other circuits","270","270",""
"","","[854232] Electronic integrated circuits; memories","12 758","12 758",""
"","","[854239] Electronic integrated circuits; n.e.c. in heading no. 8542","84 692","","84 692"
"","","[854290] Parts of electronic integrated circuits","107","107",""
"","Finland [FI]","[847330] Machinery; parts and accessories (other than covers, carrying cases and the like) of the machines of heading no. 8471","1 280 298","1 240 031","40 267"
"","","[852351] Semiconductor media; solid-state non-volatile storage devices, whether or not recorded, excluding products of Chapter 37","175 295","169 643","5 652"
"","","[852352] Semiconductor media; smart cards,  whether or not recorded, excluding products of Chapter 37","1 599 775","1 474","1 598 301"
"","","[854231] Electronic integrated circuits; processors and controllers, whether or not combined with memories, converters, logic circuits, amplifiers, clock and timing circuits, or other circuits","44 719 425","42 558 871","2 160 554"
"","","[854232] Electronic integrated circuits; memories","7 963 799","7 877 823","85 977"
"","","[854233] Electronic integrated circuits; amplifiers","848 462","847 506","955"
"","","[854239] Electronic integrated circuits; n.e.c. in heading no. 8542","18 501 070","18 191 394","309 676"
"","","[854290] Parts of electronic integrated circuits","27 651 466","27 632 950","18 516"
"","Former Yugoslav Republic of Macedonia [MK]","[854231] Electronic integrated circuits; processors and controllers, whether or not combined with memories, converters, logic circuits, amplifiers, clock and timing circuits, or other circuits","8 559 595","8 559 595",""
"","","[854232] Electronic integrated circuits; memories","78","78",""
"","","[854239] Electronic integrated circuits; n.e.c. in heading no. 8542","2 190 843","2 185 843","5 000"
"","","[854290] Parts of electronic integrated circuits","346","346",""
"","France [FR]","[847330] Machinery; parts and accessories (other than covers, carrying cases and the like) of the machines of heading no. 8471","87 183 635","84 235 310","2 948 325"
"","","[852351] Semiconductor media; solid-state non-volatile storage devices, whether or not recorded, excluding products of Chapter 37","339 765 063","338 949 310","815 753"
"","","[852352] Semiconductor media; smart cards,  whether or not recorded, excluding products of Chapter 37","828 903","83 502","745 402"
"","","[854231] Electronic integrated circuits; processors and controllers, whether or not combined with memories, converters, logic circuits, amplifiers, clock and timing circuits, or other circuits","56 133 905","36 414 868","19 719 036"
"","","[854232] Electronic integrated circuits; memories","135 751 398","134 617 774","1 133 624"
"","","[854233] Electronic integrated circuits; amplifiers","5 043 272","75 332","4 967 940"
"","","[854239] Electronic integrated circuits; n.e.c. in heading no. 8542","29 164 598","9 360 924","19 803 674"
"","","[854290] Parts of electronic integrated circuits","147 428 108","66 301 654","81 126 455"
"","French Guyana [GF]","[854290] Parts of electronic integrated circuits","159","159",""
"","French Polynesia [PF]","[847330] Machinery; parts and accessories (other than covers, carrying cases and the like) of the machines of heading no. 8471","3 949","3 949",""
"","","[854239] Electronic integrated circuits; n.e.c. in heading no. 8542","2 648","2 648",""
"","Gabon [GA]","[847330] Machinery; parts and accessories (other than covers, carrying cases and the like) of the machines of heading no. 8471","55 414","55 414",""
"","Georgia [GE]","[847330] Machinery; parts and accessories (other than covers, carrying cases and the like) of the machines of heading no. 8471","357","357",""
"","","[854239] Electronic integrated circuits; n.e.c. in heading no. 8542","513","","513"
"","","[854290] Parts of electronic integrated circuits","16 924","","16 924"
"","Germany [DE]","[847330] Machinery; parts and accessories (other than covers, carrying cases and the like) of the machines of heading no. 8471","109 466 551","58 693 303","50 773 247"
"","","[852351] Semiconductor media; solid-state non-volatile storage devices, whether or not recorded, excluding products of Chapter 37","88 192 294","83 793 598","4 398 695"
"","","[852352] Semiconductor media; smart cards,  whether or not recorded, excluding products of Chapter 37","27 869 279","166 279","27 703 000"
"","","[854231] Electronic integrated circuits; processors and controllers, whether or not combined with memories, converters, logic circuits, amplifiers, clock and timing circuits, or other circuits","918 241 864","799 307 579","118 934 285"
"","","[854232] Electronic integrated circuits; memories","21 672 165","9 502 316","12 169 849"
"","","[854233] Electronic integrated circuits; amplifiers","16 878 310","6 342 196","10 536 115"
"","","[854239] Electronic integrated circuits; n.e.c. in heading no. 8542","1 844 988 152","1 301 118 961","543 869 192"
"","","[854290] Parts of electronic integrated circuits","173 764 308","37 212 818","136 551 490"
"","Ghana [GH]","[847330] Machinery; parts and accessories (other than covers, carrying cases and the like) of the machines of heading no. 8471","1 756","1 756",""
"","","[852352] Semiconductor media; smart cards,  whether or not recorded, excluding products of Chapter 37","11","11",""
"","","[854239] Electronic integrated circuits; n.e.c. in heading no. 8542","2 739","","2 739"
"","","[854290] Parts of electronic integrated circuits","19","19",""
"","Gibraltar [GI]","[852351] Semiconductor media; solid-state non-volatile storage devices, whether or not recorded, excluding products of Chapter 37","3","3",""
"","Greece [GR]","[847330] Machinery; parts and accessories (other than covers, carrying cases and the like) of the machines of heading no. 8471","15 902 409","15 760 016","142 393"
"","","[852352] Semiconductor media; smart cards,  whether or not recorded, excluding products of Chapter 37","217","217",""
"","","[854231] Electronic integrated circuits; processors and controllers, whether or not combined with memories, converters, logic circuits, amplifiers, clock and timing circuits, or other circuits","72","19","52"
"","","[854232] Electronic integrated circuits; memories","0","","0"
"","","[854239] Electronic integrated circuits; n.e.c. in heading no. 8542","3 469","3 469",""
"","","[854290] Parts of electronic integrated circuits","1 435","1 435",""
"","Guam [GU]","[847330] Machinery; parts and accessories (other than covers, carrying cases and the like) of the machines of heading no. 8471","299","299",""
"","","[852352] Semiconductor media; smart cards,  whether or not recorded, excluding products of Chapter 37","18 932","18 932",""
"","","[854239] Electronic integrated circuits; n.e.c. in heading no. 8542","1 641","1 641",""
"","","[854290] Parts of electronic integrated circuits","15","15",""
"","Guatemala [GT]","[847330] Machinery; parts and accessories (other than covers, carrying cases and the like) of the machines of heading no. 8471","118 751","","118 751"
"","","[854239] Electronic integrated circuits; n.e.c. in heading no. 8542","24","","24"
"","Guinea [GN]","[847330] Machinery; parts and accessories (other than covers, carrying cases and the like) of the machines of heading no. 8471","135","135",""
"","","[852352] Semiconductor media; smart cards,  whether or not recorded, excluding products of Chapter 37","2 496","2 496",""
"","","[854239] Electronic integrated circuits; n.e.c. in heading no. 8542","68","68",""
"","Heard Island and McDonald Islands [HM]","[854231] Electronic integrated circuits; processors and controllers, whether or not combined with memories, converters, logic circuits, amplifiers, clock and timing circuits, or other circuits","298","298",""
"","Honduras [HN]","[847330] Machinery; parts and accessories (other than covers, carrying cases and the like) of the machines of heading no. 8471","26","26",""
"","","[852352] Semiconductor media; smart cards,  whether or not recorded, excluding products of Chapter 37","1 614 556","1 614 556",""
"","","[854231] Electronic integrated circuits; processors and controllers, whether or not combined with memories, converters, logic circuits, amplifiers, clock and timing circuits, or other circuits","3 199 044","2 987 318","211 725"
"","","[854239] Electronic integrated circuits; n.e.c. in heading no. 8542","546","","546"
"","Hong Kong [HK]","[847330] Machinery; parts and accessories (other than covers, carrying cases and the like) of the machines of heading no. 8471","272 487 848","142 722 607","129 765 241"
"","","[852351] Semiconductor media; solid-state non-volatile storage devices, whether or not recorded, excluding products of Chapter 37","616 991 469","590 797 379","26 194 089"
"","","[852352] Semiconductor media; smart cards,  whether or not recorded, excluding products of Chapter 37","9 196 716","6 298 398","2 898 318"
"","","[854231] Electronic integrated circuits; processors and controllers, whether or not combined with memories, converters, logic circuits, amplifiers, clock and timing circuits, or other circuits","10 163 956 658","9 882 662 744","281 293 914"
"","","[854232] Electronic integrated circuits; memories","1 118 635 308","853 513 847","265 121 461"
"","","[854233] Electronic integrated circuits; amplifiers","2 060 999 263","2 050 075 795","10 923 467"
"","","[854239] Electronic integrated circuits; n.e.c. in heading no. 8542","5 573 540 833","5 052 210 379","521 330 454"
"","","[854290] Parts of electronic integrated circuits","1 343 971 834","1 175 785 051","168 186 783"
"","Hungary [HU]","[847330] Machinery; parts and accessories (other than covers, carrying cases and the like) of the machines of heading no. 8471","78 861 899","75 324 916","3 536 984"
"","","[852351] Semiconductor media; solid-state non-volatile storage devices, whether or not recorded, excluding products of Chapter 37","156 217 511","156 214 833","2 678"
"","","[852352] Semiconductor media; smart cards,  whether or not recorded, excluding products of Chapter 37","8 026 319","5","8 026 314"
"","","[854231] Electronic integrated circuits; processors and controllers, whether or not combined with memories, converters, logic circuits, amplifiers, clock and timing circuits, or other circuits","66 774 527","66 080 883","693 644"
"","","[854232] Electronic integrated circuits; memories","10 815 247","10 815 247",""
"","","[854233] Electronic integrated circuits; amplifiers","201 057","198 706","2 351"
"","","[854239] Electronic integrated circuits; n.e.c. in heading no. 8542","6 685 624","4 596 226","2 089 398"
"","","[854290] Parts of electronic integrated circuits","37 558 210","33 721 441","3 836 769"
"","Iceland [IS]","[847330] Machinery; parts and accessories (other than covers, carrying cases and the like) of the machines of heading no. 8471","232","232",""
"","","[852351] Semiconductor media; solid-state non-volatile storage devices, whether or not recorded, excluding products of Chapter 37","190","190",""
"","","[852352] Semiconductor media; smart cards,  whether or not recorded, excluding products of Chapter 37","52","52",""
"","","[854231] Electronic integrated circuits; processors and controllers, whether or not combined with memories, converters, logic circuits, amplifiers, clock and timing circuits, or other circuits","1 023","1 023",""
"","India [IN]","[847330] Machinery; parts and accessories (other than covers, carrying cases and the like) of the machines of heading no. 8471","152 270 280","109 723 247","42 547 034"
"","","[852351] Semiconductor media; solid-state non-volatile storage devices, whether or not recorded, excluding products of Chapter 37","270 146 694","269 112 712","1 033 983"
"","","[852352] Semiconductor media; smart cards,  whether or not recorded, excluding products of Chapter 37","13 477 305","13 469 877","7 428"
"","","[854231] Electronic integrated circuits; processors and controllers, whether or not combined with memories, converters, logic circuits, amplifiers, clock and timing circuits, or other circuits","433 021 627","429 099 603","3 922 023"
"","","[854232] Electronic integrated circuits; memories","95 630 533","94 474 216","1 156 317"
"","","[854233] Electronic integrated circuits; amplifiers","409 430 342","409 429 042","1 301"
"","","[854239] Electronic integrated circuits; n.e.c. in heading no. 8542","150 138 842","149 354 312","784 530"
"","","[854290] Parts of electronic integrated circuits","57 781 334","27 668 470","30 112 863"
"","Indonesia [ID]","[847330] Machinery; parts and accessories (other than covers, carrying cases and the like) of the machines of heading no. 8471","16 481 367","6 728 829","9 752 539"
"","","[852351] Semiconductor media; solid-state non-volatile storage devices, whether or not recorded, excluding products of Chapter 37","6 144 166","5 983 018","161 148"
"","","[852352] Semiconductor media; smart cards,  whether or not recorded, excluding products of Chapter 37","2 845 718","2 805 818","39 899"
"","","[854231] Electronic integrated circuits; processors and controllers, whether or not combined with memories, converters, logic circuits, amplifiers, clock and timing circuits, or other circuits","317 258 557","315 326 244","1 932 313"
"","","[854232] Electronic integrated circuits; memories","3 110 720","3 060 645","50 075"
"","","[854233] Electronic integrated circuits; amplifiers","5 910 136","5 904 780","5 356"
"","","[854239] Electronic integrated circuits; n.e.c. in heading no. 8542","137 094 532","130 816 507","6 278 025"
"","","[854290] Parts of electronic integrated circuits","20 884 982","20 866 328","18 655"
"","Invalid country code [ZZ]","[847330] Machinery; parts and accessories (other than covers, carrying cases and the like) of the machines of heading no. 8471","4 270","","4 270"
"","","[852351] Semiconductor media; solid-state non-volatile storage devices, whether or not recorded, excluding products of Chapter 37","301","","301"
"","","[854231] Electronic integrated circuits; processors and controllers, whether or not combined with memories, converters, logic circuits, amplifiers, clock and timing circuits, or other circuits","31 659 303","","31 659 303"
"","","[854239] Electronic integrated circuits; n.e.c. in heading no. 8542","431 466","","431 466"
"","","[854290] Parts of electronic integrated circuits","9 388 681","","9 388 681"
"","Iran, Islamic Republic of [IR]","[847330] Machinery; parts and accessories (other than covers, carrying cases and the like) of the machines of heading no. 8471","9 994","9 994",""
"","","[852351] Semiconductor media; solid-state non-volatile storage devices, whether or not recorded, excluding products of Chapter 37","6 257","2 590","3 667"
"","","[854231] Electronic integrated circuits; processors and controllers, whether or not combined with memories, converters, logic circuits, amplifiers, clock and timing circuits, or other circuits","940 007","119 210","820 797"
"","","[854239] Electronic integrated circuits; n.e.c. in heading no. 8542","74 858","9 616","65 243"
"","Iraq [IQ]","[847330] Machinery; parts and accessories (other than covers, carrying cases and the like) of the machines of heading no. 8471","392","392",""
"","","[852351] Semiconductor media; solid-state non-volatile storage devices, whether or not recorded, excluding products of Chapter 37","122","122",""
"","","[852352] Semiconductor media; smart cards,  whether or not recorded, excluding products of Chapter 37","2","2",""
"","","[854233] Electronic integrated circuits; amplifiers","157","157",""
"","","[854239] Electronic integrated circuits; n.e.c. in heading no. 8542","2","2",""
"","Ireland [IE]","[847330] Machinery; parts and accessories (other than covers, carrying cases and the like) of the machines of heading no. 8471","44 688 533","42 519 962","2 168 571"
"","","[852351] Semiconductor media; solid-state non-volatile storage devices, whether or not recorded, excluding products of Chapter 37","51 952 617","51 489 604","463 013"
"","","[852352] Semiconductor media; smart cards,  whether or not recorded, excluding products of Chapter 37","5 183 541","5 121 464","62 077"
"","","[854231] Electronic integrated circuits; processors and controllers, whether or not combined with memories, converters, logic circuits, amplifiers, clock and timing circuits, or other circuits","4 239 149 079","30 750 154","4 208 398 925"
"","","[854232] Electronic integrated circuits; memories","167 211","141 606","25 605"
"","","[854233] Electronic integrated circuits; amplifiers","42 953","247","42 705"
"","","[854239] Electronic integrated circuits; n.e.c. in heading no. 8542","93 235 134","1 714 490","91 520 644"
"","","[854290] Parts of electronic integrated circuits","951 240 360","366 618 145","584 622 214"
"","Italy [IT]","[847330] Machinery; parts and accessories (other than covers, carrying cases and the like) of the machines of heading no. 8471","4 373 916","1 470 115","2 903 801"
"","","[852351] Semiconductor media; solid-state non-volatile storage devices, whether or not recorded, excluding products of Chapter 37","10 103 956","9 934 828","169 128"
"","","[852352] Semiconductor media; smart cards,  whether or not recorded, excluding products of Chapter 37","801 718","765 503","36 216"
"","","[854231] Electronic integrated circuits; processors and controllers, whether or not combined with memories, converters, logic circuits, amplifiers, clock and timing circuits, or other circuits","2 896 637","1 274 128","1 622 509"
"","","[854232] Electronic integrated circuits; memories","56 676","23 495","33 181"
"","","[854233] Electronic integrated circuits; amplifiers","1 148 331","1 003 580","144 751"
"","","[854239] Electronic integrated circuits; n.e.c. in heading no. 8542","6 459 050","1 199 935","5 259 115"
"","","[854290] Parts of electronic integrated circuits","21 488 692","1 080 842","20 407 850"
"","Japan [JP]","[847330] Machinery; parts and accessories (other than covers, carrying cases and the like) of the machines of heading no. 8471","62 513 869","47 001 110","15 512 759"
"","","[852351] Semiconductor media; solid-state non-volatile storage devices, whether or not recorded, excluding products of Chapter 37","133 300 766","130 182 671","3 118 095"
"","","[852352] Semiconductor media; smart cards,  whether or not recorded, excluding products of Chapter 37","4 216 757","317 348","3 899 408"
"","","[854231] Electronic integrated circuits; processors and controllers, whether or not combined with memories, converters, logic circuits, amplifiers, clock and timing circuits, or other circuits","941 106 239","740 568 335","200 537 904"
"","","[854232] Electronic integrated circuits; memories","1 674 625 789","45 031 550","1 629 594 239"
"","","[854233] Electronic integrated circuits; amplifiers","83 486 211","49 095 106","34 391 105"
"","","[854239] Electronic integrated circuits; n.e.c. in heading no. 8542","954 765 899","726 511 189","228 254 710"
"","","[854290] Parts of electronic integrated circuits","1 340 387 528","277 624 731","1 062 762 796"
"","Jordan [JO]","[847330] Machinery; parts and accessories (other than covers, carrying cases and the like) of the machines of heading no. 8471","904","381","523"
"","","[852351] Semiconductor media; solid-state non-volatile storage devices, whether or not recorded, excluding products of Chapter 37","20","20",""
"","","[852352] Semiconductor media; smart cards,  whether or not recorded, excluding products of Chapter 37","30 135","30 135",""
"","","[854231] Electronic integrated circuits; processors and controllers, whether or not combined with memories, converters, logic circuits, amplifiers, clock and timing circuits, or other circuits","69 633","3 610","66 023"
"","","[854239] Electronic integrated circuits; n.e.c. in heading no. 8542","214","214",""
"","Kazakhstan [KZ]","[847330] Machinery; parts and accessories (other than covers, carrying cases and the like) of the machines of heading no. 8471","6 829","6 829",""
"","","[852351] Semiconductor media; solid-state non-volatile storage devices, whether or not recorded, excluding products of Chapter 37","38","","38"
"","","[852352] Semiconductor media; smart cards,  whether or not recorded, excluding products of Chapter 37","77","77",""
"","","[854231] Electronic integrated circuits; processors and controllers, whether or not combined with memories, converters, logic circuits, amplifiers, clock and timing circuits, or other circuits","20 018","20 018",""
"","","[854239] Electronic integrated circuits; n.e.c. in heading no. 8542","177","177",""
"","Kenya [KE]","[847330] Machinery; parts and accessories (other than covers, carrying cases and the like) of the machines of heading no. 8471","1 185","1 185",""
"","","[852352] Semiconductor media; smart cards,  whether or not recorded, excluding products of Chapter 37","603","603",""
"","","[854239] Electronic integrated circuits; n.e.c. in heading no. 8542","104 103","104 103",""
"","Korea, Republic of [KR]","[847330] Machinery; parts and accessories (other than covers, carrying cases and the like) of the machines of heading no. 8471","342 703 315","21 785 212","320 918 104"
"","","[852351] Semiconductor media; solid-state non-volatile storage devices, whether or not recorded, excluding products of Chapter 37","267 280 419","60 385 387","206 895 033"
"","","[852352] Semiconductor media; smart cards,  whether or not recorded, excluding products of Chapter 37","293 540","65 152","228 388"
"","","[854231] Electronic integrated circuits; processors and controllers, whether or not combined with memories, converters, logic circuits, amplifiers, clock and timing circuits, or other circuits","5 620 713 917","1 963 044 941","3 657 668 976"
"","","[854232] Electronic integrated circuits; memories","2 410 736 347","114 350 223","2 296 386 124"
"","","[854233] Electronic integrated circuits; amplifiers","57 540 653","42 755 017","14 785 636"
"","","[854239] Electronic integrated circuits; n.e.c. in heading no. 8542","1 329 763 388","527 205 203","802 558 185"
"","","[854290] Parts of electronic integrated circuits","952 609 906","217 550 055","735 059 851"
"","Kuwait [KW]","[847330] Machinery; parts and accessories (other than covers, carrying cases and the like) of the machines of heading no. 8471","4 161","4 161",""
"","","[854233] Electronic integrated circuits; amplifiers","909","78","831"
"","","[854239] Electronic integrated circuits; n.e.c. in heading no. 8542","25","25",""
"","","[854290] Parts of electronic integrated circuits","256","256",""
"","Kyrgyzstan [KG]","[854231] Electronic integrated circuits; processors and controllers, whether or not combined with memories, converters, logic circuits, amplifiers, clock and timing circuits, or other circuits","202","","202"
"","Lao PDR [LA]","[847330] Machinery; parts and accessories (other than covers, carrying cases and the like) of the machines of heading no. 8471","135 455","134 886","569"
"","","[852351] Semiconductor media; solid-state non-volatile storage devices, whether or not recorded, excluding products of Chapter 37","4 787","4 746","41"
"","","[852352] Semiconductor media; smart cards,  whether or not recorded, excluding products of Chapter 37","7 502","7 502",""
"","","[854290] Parts of electronic integrated circuits","10 442","10 442",""
"","Latvia [LV]","[847330] Machinery; parts and accessories (other than covers, carrying cases and the like) of the machines of heading no. 8471","39 659","721","38 938"
"","","[852351] Semiconductor media; solid-state non-volatile storage devices, whether or not recorded, excluding products of Chapter 37","735 538","704 441","31 097"
"","","[852352] Semiconductor media; smart cards,  whether or not recorded, excluding products of Chapter 37","230","230",""
"","","[854231] Electronic integrated circuits; processors and controllers, whether or not combined with memories, converters, logic circuits, amplifiers, clock and timing circuits, or other circuits","999 317","13 936","985 382"
"","","[854232] Electronic integrated circuits; memories","206 812","83","206 729"
"","","[854239] Electronic integrated circuits; n.e.c. in heading no. 8542","1 074 683","10","1 074 673"
"","Lebanon [LB]","[847330] Machinery; parts and accessories (other than covers, carrying cases and the like) of the machines of heading no. 8471","71 801","203","71 599"
"","","[852352] Semiconductor media; smart cards,  whether or not recorded, excluding products of Chapter 37","3","3",""
"","","[854231] Electronic integrated circuits; processors and controllers, whether or not combined with memories, converters, logic circuits, amplifiers, clock and timing circuits, or other circuits","95 134","","95 134"
"","","[854239] Electronic integrated circuits; n.e.c. in heading no. 8542","1","1",""
"","","[854290] Parts of electronic integrated circuits","13 885","13 885",""
"","Lesotho [LS]","[852352] Semiconductor media; smart cards,  whether or not recorded, excluding products of Chapter 37","36 919","36 919",""
"","Liberia [LR]","[854290] Parts of electronic integrated circuits","3 102","3 102",""
"","Libyan Arab Jamahiriya [LY]","[847330] Machinery; parts and accessories (other than covers, carrying cases and the like) of the machines of heading no. 8471","301","301",""
"","","[852351] Semiconductor media; solid-state non-volatile storage devices, whether or not recorded, excluding products of Chapter 37","516","516",""
"","","[852352] Semiconductor media; smart cards,  whether or not recorded, excluding products of Chapter 37","36","36",""
"","Lithuania [LT]","[847330] Machinery; parts and accessories (other than covers, carrying cases and the like) of the machines of heading no. 8471","50 503","42 960","7 544"
"","","[852352] Semiconductor media; smart cards,  whether or not recorded, excluding products of Chapter 37","7 028","0","7 028"
"","","[854231] Electronic integrated circuits; processors and controllers, whether or not combined with memories, converters, logic circuits, amplifiers, clock and timing circuits, or other circuits","2 688 509","2 683 406","5 103"
"","","[854233] Electronic integrated circuits; amplifiers","8 852","","8 852"
"","","[854239] Electronic integrated circuits; n.e.c. in heading no. 8542","24 446","3 178","21 268"
"","","[854290] Parts of electronic integrated circuits","794","","794"
"","Luxembourg [LU]","[847330] Machinery; parts and accessories (other than covers, carrying cases and the like) of the machines of heading no. 8471","28 394","23 183","5 211"
"","","[852351] Semiconductor media; solid-state non-volatile storage devices, whether or not recorded, excluding products of Chapter 37","2 825","","2 825"
"","","[852352] Semiconductor media; smart cards,  whether or not recorded, excluding products of Chapter 37","26","26",""
"","","[854231] Electronic integrated circuits; processors and controllers, whether or not combined with memories, converters, logic circuits, amplifiers, clock and timing circuits, or other circuits","46 140","46 140",""
"","","[854239] Electronic integrated circuits; n.e.c. in heading no. 8542","173","","173"
"","Macao [MO]","[847330] Machinery; parts and accessories (other than covers, carrying cases and the like) of the machines of heading no. 8471","55 161","51 133","4 028"
"","","[852351] Semiconductor media; solid-state non-volatile storage devices, whether or not recorded, excluding products of Chapter 37","41 647","40 300","1 347"
"","","[852352] Semiconductor media; smart cards,  whether or not recorded, excluding products of Chapter 37","12 611","12 611",""
"","","[854231] Electronic integrated circuits; processors and controllers, whether or not combined with memories, converters, logic circuits, amplifiers, clock and timing circuits, or other circuits","65 194","15 455","49 739"
"","","[854232] Electronic integrated circuits; memories","45","","45"
"","","[854233] Electronic integrated circuits; amplifiers","25 194","","25 194"
"","","[854239] Electronic integrated circuits; n.e.c. in heading no. 8542","58 555","32 338","26 217"
"","","[854290] Parts of electronic integrated circuits","225 624","173 340","52 284"
"","Madagascar [MG]","[852352] Semiconductor media; smart cards,  whether or not recorded, excluding products of Chapter 37","4","4",""
"","","[854239] Electronic integrated circuits; n.e.c. in heading no. 8542","48","","48"
"","Malaysia [MY]","[847330] Machinery; parts and accessories (other than covers, carrying cases and the like) of the machines of heading no. 8471","5 458","","5 458"
"","","[852351] Semiconductor media; solid-state non-volatile storage devices, whether or not recorded, excluding products of Chapter 37","169","","169"
"","","[854231] Electronic integrated circuits; processors and controllers, whether or not combined with memories, converters, logic circuits, amplifiers, clock and timing circuits, or other circuits","60","","60"
"","","[854232] Electronic integrated circuits; memories","1 588","","1 588"
"","","[854239] Electronic integrated circuits; n.e.c. in heading no. 8542","4 243","","4 243"
"","","[854290] Parts of electronic integrated circuits","8","","8"
"","Maldives [MV]","[847330] Machinery; parts and accessories (other than covers, carrying cases and the like) of the machines of heading no. 8471","168 970","166 753","2 217"
"","","[852351] Semiconductor media; solid-state non-volatile storage devices, whether or not recorded, excluding products of Chapter 37","74 714","74 714",""
"","","[852352] Semiconductor media; smart cards,  whether or not recorded, excluding products of Chapter 37","646","646",""
"","","[854231] Electronic integrated circuits; processors and controllers, whether or not combined with memories, converters, logic circuits, amplifiers, clock and timing circuits, or other circuits","719","719",""
"","","[854239] Electronic integrated circuits; n.e.c. in heading no. 8542","2 962","2 962",""
"","","[854290] Parts of electronic integrated circuits","59","59",""
"","Malta [MT]","[847330] Machinery; parts and accessories (other than covers, carrying cases and the like) of the machines of heading no. 8471","2 780","2 530","250"
"","","[852351] Semiconductor media; solid-state non-volatile storage devices, whether or not recorded, excluding products of Chapter 37","253","","253"
"","","[852352] Semiconductor media; smart cards,  whether or not recorded, excluding products of Chapter 37","727","727",""
"","","[854231] Electronic integrated circuits; processors and controllers, whether or not combined with memories, converters, logic circuits, amplifiers, clock and timing circuits, or other circuits","7 007 296","6 818 911","188 386"
"","","[854232] Electronic integrated circuits; memories","55 847","","55 847"
"","","[854233] Electronic integrated circuits; amplifiers","664","664",""
"","","[854239] Electronic integrated circuits; n.e.c. in heading no. 8542","649 641","249 710","399 931"
"","","[854290] Parts of electronic integrated circuits","1 596 720","1 502 564","94 156"
"","Martinique [MQ]","[847330] Machinery; parts and accessories (other than covers, carrying cases and the like) of the machines of heading no. 8471","78","78",""
"","Mauritius [MU]","[847330] Machinery; parts and accessories (other than covers, carrying cases and the like) of the machines of heading no. 8471","35","35",""
"","","[852351] Semiconductor media; solid-state non-volatile storage devices, whether or not recorded, excluding products of Chapter 37","100","100",""
"","","[852352] Semiconductor media; smart cards,  whether or not recorded, excluding products of Chapter 37","22","22",""
"","","[854239] Electronic integrated circuits; n.e.c. in heading no. 8542","237","237",""
"","","[854290] Parts of electronic integrated circuits","3 456","968","2 488"
"","Mexico [MX]","[847330] Machinery; parts and accessories (other than covers, carrying cases and the like) of the machines of heading no. 8471","974 110 468","378 443 846","595 666 622"
"","","[852351] Semiconductor media; solid-state non-volatile storage devices, whether or not recorded, excluding products of Chapter 37","502 600 081","447 708 511","54 891 570"
"","","[852352] Semiconductor media; smart cards,  whether or not recorded, excluding products of Chapter 37","3 318 624","2 955 503","363 121"
"","","[854231] Electronic integrated circuits; processors and controllers, whether or not combined with memories, converters, logic circuits, amplifiers, clock and timing circuits, or other circuits","1 842 749 156","1 812 771 663","29 977 493"
"","","[854232] Electronic integrated circuits; memories","58 931 322","57 925 839","1 005 483"
"","","[854233] Electronic integrated circuits; amplifiers","28 032 327","24 611 713","3 420 614"
"","","[854239] Electronic integrated circuits; n.e.c. in heading no. 8542","436 040 111","387 706 920","48 333 191"
"","","[854290] Parts of electronic integrated circuits","125 122 004","110 111 888","15 010 116"
"","Micronesia, Federated States of [FM]","[847330] Machinery; parts and accessories (other than covers, carrying cases and the like) of the machines of heading no. 8471","203","203",""
"","","[854232] Electronic integrated circuits; memories","6 708","6 708",""
"","Moldova, Republic of [MD]","[847330] Machinery; parts and accessories (other than covers, carrying cases and the like) of the machines of heading no. 8471","22","22",""
"","Mongolia [MN]","[847330] Machinery; parts and accessories (other than covers, carrying cases and the like) of the machines of heading no. 8471","398 000","398 000",""
"","","[852351] Semiconductor media; solid-state non-volatile storage devices, whether or not recorded, excluding products of Chapter 37","57 842","57 842",""
"","","[854231] Electronic integrated circuits; processors and controllers, whether or not combined with memories, converters, logic circuits, amplifiers, clock and timing circuits, or other circuits","1 574","1 574",""
"","","[854232] Electronic integrated circuits; memories","765","765",""
"","","[854239] Electronic integrated circuits; n.e.c. in heading no. 8542","0","0",""
"","","[854290] Parts of electronic integrated circuits","2 132","2 132",""
"","MONTENEGRO [ME]","[852352] Semiconductor media; smart cards,  whether or not recorded, excluding products of Chapter 37","2","2",""
"","Morocco [MA]","[847330] Machinery; parts and accessories (other than covers, carrying cases and the like) of the machines of heading no. 8471","213 410","43 779","169 632"
"","","[852351] Semiconductor media; solid-state non-volatile storage devices, whether or not recorded, excluding products of Chapter 37","9 976","9 976",""
"","","[852352] Semiconductor media; smart cards,  whether or not recorded, excluding products of Chapter 37","921","795","126"
"","","[854231] Electronic integrated circuits; processors and controllers, whether or not combined with memories, converters, logic circuits, amplifiers, clock and timing circuits, or other circuits","668 089","390 792","277 298"
"","","[854232] Electronic integrated circuits; memories","303","","303"
"","","[854233] Electronic integrated circuits; amplifiers","62 436","","62 436"
"","","[854239] Electronic integrated circuits; n.e.c. in heading no. 8542","1 625 974","1 461 609","164 365"
"","","[854290] Parts of electronic integrated circuits","5 471 543","5 443 138","28 405"
"","Mozambique [MZ]","[852352] Semiconductor media; smart cards,  whether or not recorded, excluding products of Chapter 37","2","2",""
"","","[854239] Electronic integrated circuits; n.e.c. in heading no. 8542","52","","52"
"","Myanmar [MM]","[847330] Machinery; parts and accessories (other than covers, carrying cases and the like) of the machines of heading no. 8471","10 539","7 587","2 952"
"","","[852351] Semiconductor media; solid-state non-volatile storage devices, whether or not recorded, excluding products of Chapter 37","64","64",""
"","","[852352] Semiconductor media; smart cards,  whether or not recorded, excluding products of Chapter 37","31","31",""
"","","[854231] Electronic integrated circuits; processors and controllers, whether or not combined with memories, converters, logic circuits, amplifiers, clock and timing circuits, or other circuits","1 109","1 109",""
"","","[854232] Electronic integrated circuits; memories","9","9",""
"","","[854239] Electronic integrated circuits; n.e.c. in heading no. 8542","12","12",""
"","","[854290] Parts of electronic integrated circuits","0","0",""
"","Namibia [NA]","[847330] Machinery; parts and accessories (other than covers, carrying cases and the like) of the machines of heading no. 8471","52 555","30","52 525"
"","","[854231] Electronic integrated circuits; processors and controllers, whether or not combined with memories, converters, logic circuits, amplifiers, clock and timing circuits, or other circuits","63 392","","63 392"
"","","[854232] Electronic integrated circuits; memories","1 867","","1 867"
"","Nepal [NP]","[847330] Machinery; parts and accessories (other than covers, carrying cases and the like) of the machines of heading no. 8471","60 224","59 487","736"
"","","[852352] Semiconductor media; smart cards,  whether or not recorded, excluding products of Chapter 37","4 148","4 148",""
"","","[854231] Electronic integrated circuits; processors and controllers, whether or not combined with memories, converters, logic circuits, amplifiers, clock and timing circuits, or other circuits","522","522",""
"","","[854239] Electronic integrated circuits; n.e.c. in heading no. 8542","4","4",""
"","Netherlands [NL]","[847330] Machinery; parts and accessories (other than covers, carrying cases and the like) of the machines of heading no. 8471","111 285 051","101 472 272","9 812 779"
"","","[852351] Semiconductor media; solid-state non-volatile storage devices, whether or not recorded, excluding products of Chapter 37","306 854 880","300 922 154","5 932 726"
"","","[852352] Semiconductor media; smart cards,  whether or not recorded, excluding products of Chapter 37","41 708","2 798","38 910"
"","","[854231] Electronic integrated circuits; processors and controllers, whether or not combined with memories, converters, logic circuits, amplifiers, clock and timing circuits, or other circuits","2 575 518 264","2 521 695 809","53 822 455"
"","","[854232] Electronic integrated circuits; memories","15 715 631","15 394 239","321 392"
"","","[854233] Electronic integrated circuits; amplifiers","3 963 813","891 244","3 072 569"
"","","[854239] Electronic integrated circuits; n.e.c. in heading no. 8542","433 629 344","416 536 305","17 093 039"
"","","[854290] Parts of electronic integrated circuits","896 800 487","891 820 410","4 980 076"
"","New Caledonia [NC]","[847330] Machinery; parts and accessories (other than covers, carrying cases and the like) of the machines of heading no. 8471","286","286",""
"","New Zealand [NZ]","[847330] Machinery; parts and accessories (other than covers, carrying cases and the like) of the machines of heading no. 8471","2 525 765","2 185 090","340 675"
"","","[852351] Semiconductor media; solid-state non-volatile storage devices, whether or not recorded, excluding products of Chapter 37","1 297 645","1 276 273","21 371"
"","","[852352] Semiconductor media; smart cards,  whether or not recorded, excluding products of Chapter 37","173 199","162 005","11 194"
"","","[854231] Electronic integrated circuits; processors and controllers, whether or not combined with memories, converters, logic circuits, amplifiers, clock and timing circuits, or other circuits","6 627 653","6 505 179","122 475"
"","","[854232] Electronic integrated circuits; memories","1 155 263","1 153 085","2 178"
"","","[854233] Electronic integrated circuits; amplifiers","338","338",""
"","","[854239] Electronic integrated circuits; n.e.c. in heading no. 8542","1 896 826","206 384","1 690 442"
"","","[854290] Parts of electronic integrated circuits","84 526","84 129","397"
"","Nigeria [NG]","[847330] Machinery; parts and accessories (other than covers, carrying cases and the like) of the machines of heading no. 8471","12 099","12 099",""
"","","[852351] Semiconductor media; solid-state non-volatile storage devices, whether or not recorded, excluding products of Chapter 37","303","303",""
"","","[852352] Semiconductor media; smart cards,  whether or not recorded, excluding products of Chapter 37","9","9",""
"","","[854231] Electronic integrated circuits; processors and controllers, whether or not combined with memories, converters, logic circuits, amplifiers, clock and timing circuits, or other circuits","13 443","13 443",""
"","","[854233] Electronic integrated circuits; amplifiers","8 780","8 780",""
"","","[854239] Electronic integrated circuits; n.e.c. in heading no. 8542","6 336","6 336",""
"","","[854290] Parts of electronic integrated circuits","17 475","17 475",""
"","Northern Mariana Islands [MP]","[847330] Machinery; parts and accessories (other than covers, carrying cases and the like) of the machines of heading no. 8471","573","","573"
"","","[854239] Electronic integrated circuits; n.e.c. in heading no. 8542","47","47",""
"","Norway [NO]","[847330] Machinery; parts and accessories (other than covers, carrying cases and the like) of the machines of heading no. 8471","10 775 070","10 760 521","14 550"
"","","[852351] Semiconductor media; solid-state non-volatile storage devices, whether or not recorded, excluding products of Chapter 37","13 793","1 040","12 754"
"","","[852352] Semiconductor media; smart cards,  whether or not recorded, excluding products of Chapter 37","371 347","369 375","1 972"
"","","[854231] Electronic integrated circuits; processors and controllers, whether or not combined with memories, converters, logic circuits, amplifiers, clock and timing circuits, or other circuits","578 856","565 574","13 282"
"","","[854232] Electronic integrated circuits; memories","579","579",""
"","","[854233] Electronic integrated circuits; amplifiers","3 791","","3 791"
"","","[854239] Electronic integrated circuits; n.e.c. in heading no. 8542","394 587","205 881","188 706"
"","","[854290] Parts of electronic integrated circuits","70 170","","70 170"
"","Oman [OM]","[847330] Machinery; parts and accessories (other than covers, carrying cases and the like) of the machines of heading no. 8471","5 530","5 530",""
"","","[852352] Semiconductor media; smart cards,  whether or not recorded, excluding products of Chapter 37","5","5",""
"","","[854231] Electronic integrated circuits; processors and controllers, whether or not combined with memories, converters, logic circuits, amplifiers, clock and timing circuits, or other circuits","1 565","","1 565"
"","","[854239] Electronic integrated circuits; n.e.c. in heading no. 8542","4 785","4 785",""
"","","[854290] Parts of electronic integrated circuits","138","138",""
"","Pakistan [PK]","[847330] Machinery; parts and accessories (other than covers, carrying cases and the like) of the machines of heading no. 8471","205 842","205 832","10"
"","","[852351] Semiconductor media; solid-state non-volatile storage devices, whether or not recorded, excluding products of Chapter 37","220 200","220 200",""
"","","[852352] Semiconductor media; smart cards,  whether or not recorded, excluding products of Chapter 37","2 451 170","2 426 169","25 001"
"","","[854231] Electronic integrated circuits; processors and controllers, whether or not combined with memories, converters, logic circuits, amplifiers, clock and timing circuits, or other circuits","45 092","44 660","432"
"","","[854239] Electronic integrated circuits; n.e.c. in heading no. 8542","205 986","205 986",""
"","","[854290] Parts of electronic integrated circuits","137","137",""
"","Palau [PW]","[847330] Machinery; parts and accessories (other than covers, carrying cases and the like) of the machines of heading no. 8471","2 933","2 933",""
"","Panama [PA]","[847330] Machinery; parts and accessories (other than covers, carrying cases and the like) of the machines of heading no. 8471","50 971","45 311","5 660"
"","","[852351] Semiconductor media; solid-state non-volatile storage devices, whether or not recorded, excluding products of Chapter 37","113 476","113 476",""
"","","[852352] Semiconductor media; smart cards,  whether or not recorded, excluding products of Chapter 37","0","0",""
"","","[854231] Electronic integrated circuits; processors and controllers, whether or not combined with memories, converters, logic circuits, amplifiers, clock and timing circuits, or other circuits","2 278","2 278",""
"","","[854232] Electronic integrated circuits; memories","1 063","1 063",""
"","","[854239] Electronic integrated circuits; n.e.c. in heading no. 8542","2 569","689","1 880"
"","","[854290] Parts of electronic integrated circuits","2 088 818","2 088 818",""
"","Papua New Guinea [PG]","[847330] Machinery; parts and accessories (other than covers, carrying cases and the like) of the machines of heading no. 8471","114 402","114 402",""
"","","[852351] Semiconductor media; solid-state non-volatile storage devices, whether or not recorded, excluding products of Chapter 37","805","805",""
"","","[852352] Semiconductor media; smart cards,  whether or not recorded, excluding products of Chapter 37","128","128",""
"","","[854231] Electronic integrated circuits; processors and controllers, whether or not combined with memories, converters, logic circuits, amplifiers, clock and timing circuits, or other circuits","3 940","3 940",""
"","","[854232] Electronic integrated circuits; memories","574","574",""
"","","[854233] Electronic integrated circuits; amplifiers","100","100",""
"","","[854239] Electronic integrated circuits; n.e.c. in heading no. 8542","1 009","830","179"
"","","[854290] Parts of electronic integrated circuits","1 370","1 370",""
"","Paraguay [PY]","[847330] Machinery; parts and accessories (other than covers, carrying cases and the like) of the machines of heading no. 8471","188","188",""
"","Peru [PE]","[847330] Machinery; parts and accessories (other than covers, carrying cases and the like) of the machines of heading no. 8471","10 654","10 654",""
"","","[852351] Semiconductor media; solid-state non-volatile storage devices, whether or not recorded, excluding products of Chapter 37","14 488","9 710","4 778"
"","","[852352] Semiconductor media; smart cards,  whether or not recorded, excluding products of Chapter 37","72 801","72 801",""
"","","[854231] Electronic integrated circuits; processors and controllers, whether or not combined with memories, converters, logic circuits, amplifiers, clock and timing circuits, or other circuits","17 120","17 120",""
"","","[854290] Parts of electronic integrated circuits","166","166",""
"","Philippines [PH]","[847330] Machinery; parts and accessories (other than covers, carrying cases and the like) of the machines of heading no. 8471","64 321 178","12 934 025","51 387 153"
"","","[852351] Semiconductor media; solid-state non-volatile storage devices, whether or not recorded, excluding products of Chapter 37","81 124 541","3 424 419","77 700 122"
"","","[852352] Semiconductor media; smart cards,  whether or not recorded, excluding products of Chapter 37","926 787","710 606","216 181"
"","","[854231] Electronic integrated circuits; processors and controllers, whether or not combined with memories, converters, logic circuits, amplifiers, clock and timing circuits, or other circuits","617 797 332","398 542 824","219 254 507"
"","","[854232] Electronic integrated circuits; memories","19 220 438","854 174","18 366 265"
"","","[854233] Electronic integrated circuits; amplifiers","21 589 710","4 836 972","16 752 738"
"","","[854239] Electronic integrated circuits; n.e.c. in heading no. 8542","869 028 394","422 937 456","446 090 938"
"","","[854290] Parts of electronic integrated circuits","337 884 078","193 038 949","144 845 129"
"","Poland [PL]","[847330] Machinery; parts and accessories (other than covers, carrying cases and the like) of the machines of heading no. 8471","110 681 284","109 589 437","1 091 846"
"","","[852351] Semiconductor media; solid-state non-volatile storage devices, whether or not recorded, excluding products of Chapter 37","49 919 909","47 112 896","2 807 013"
"","","[852352] Semiconductor media; smart cards,  whether or not recorded, excluding products of Chapter 37","4 469","826","3 644"
"","","[854231] Electronic integrated circuits; processors and controllers, whether or not combined with memories, converters, logic circuits, amplifiers, clock and timing circuits, or other circuits","147 136 431","141 634 898","5 501 533"
"","","[854232] Electronic integrated circuits; memories","4 206 364","4 204 390","1 974"
"","","[854233] Electronic integrated circuits; amplifiers","6 108 708","6 107 588","1 119"
"","","[854239] Electronic integrated circuits; n.e.c. in heading no. 8542","6 187 859","6 066 643","121 217"
"","","[854290] Parts of electronic integrated circuits","16 892 720","15 823 594","1 069 126"
"","Portugal [PT]","[847330] Machinery; parts and accessories (other than covers, carrying cases and the like) of the machines of heading no. 8471","1 226 986","1 196 052","30 934"
"","","[852351] Semiconductor media; solid-state non-volatile storage devices, whether or not recorded, excluding products of Chapter 37","24 756","410","24 347"
"","","[852352] Semiconductor media; smart cards,  whether or not recorded, excluding products of Chapter 37","180 858","180 779","79"
"","","[854231] Electronic integrated circuits; processors and controllers, whether or not combined with memories, converters, logic circuits, amplifiers, clock and timing circuits, or other circuits","471 856","275 094","196 761"
"","","[854232] Electronic integrated circuits; memories","7 028","7 028",""
"","","[854233] Electronic integrated circuits; amplifiers","79 192","74 646","4 546"
"","","[854239] Electronic integrated circuits; n.e.c. in heading no. 8542","925 745","145 026","780 719"
"","","[854290] Parts of electronic integrated circuits","26 903","2 215","24 689"
"","Puerto Rico [PR]","[854239] Electronic integrated circuits; n.e.c. in heading no. 8542","40 874","","40 874"
"","","[854290] Parts of electronic integrated circuits","22","22",""
"","Qatar [QA]","[847330] Machinery; parts and accessories (other than covers, carrying cases and the like) of the machines of heading no. 8471","17 202","17 202",""
"","","[852351] Semiconductor media; solid-state non-volatile storage devices, whether or not recorded, excluding products of Chapter 37","233","177","56"
"","","[852352] Semiconductor media; smart cards,  whether or not recorded, excluding products of Chapter 37","187","187",""
"","","[854231] Electronic integrated circuits; processors and controllers, whether or not combined with memories, converters, logic circuits, amplifiers, clock and timing circuits, or other circuits","38 357","38 357",""
"","","[854239] Electronic integrated circuits; n.e.c. in heading no. 8542","459 089","459 089",""
"","","[854290] Parts of electronic integrated circuits","50","50",""
"","Reunion [RE]","[847330] Machinery; parts and accessories (other than covers, carrying cases and the like) of the machines of heading no. 8471","50","50",""
"","","[852351] Semiconductor media; solid-state non-volatile storage devices, whether or not recorded, excluding products of Chapter 37","262","262",""
"","Romania [RO]","[847330] Machinery; parts and accessories (other than covers, carrying cases and the like) of the machines of heading no. 8471","2 958 762","2 670 790","287 972"
"","","[852351] Semiconductor media; solid-state non-volatile storage devices, whether or not recorded, excluding products of Chapter 37","656 990","656 362","628"
"","","[852352] Semiconductor media; smart cards,  whether or not recorded, excluding products of Chapter 37","151 002","150 997","4"
"","","[854231] Electronic integrated circuits; processors and controllers, whether or not combined with memories, converters, logic circuits, amplifiers, clock and timing circuits, or other circuits","1 016 095","948 175","67 919"
"","","[854232] Electronic integrated circuits; memories","24 204","22 576","1 628"
"","","[854233] Electronic integrated circuits; amplifiers","9 262","9 262",""
"","","[854239] Electronic integrated circuits; n.e.c. in heading no. 8542","5 070 702","4 537 001","533 701"
"","","[854290] Parts of electronic integrated circuits","140 407","131 954","8 454"
"","Saudi Arabia [SA]","[847330] Machinery; parts and accessories (other than covers, carrying cases and the like) of the machines of heading no. 8471","81 507","67 552","13 954"
"","","[852351] Semiconductor media; solid-state non-volatile storage devices, whether or not recorded, excluding products of Chapter 37","3 084 852","3 076 618","8 234"
"","","[852352] Semiconductor media; smart cards,  whether or not recorded, excluding products of Chapter 37","353","331","22"
"","","[854231] Electronic integrated circuits; processors and controllers, whether or not combined with memories, converters, logic circuits, amplifiers, clock and timing circuits, or other circuits","114 998","114 998",""
"","","[854239] Electronic integrated circuits; n.e.c. in heading no. 8542","7 876","7 824","52"
"","","[854290] Parts of electronic integrated circuits","4 587","4 587",""
"","Senegal [SN]","[847330] Machinery; parts and accessories (other than covers, carrying cases and the like) of the machines of heading no. 8471","556","556",""
"","","[852352] Semiconductor media; smart cards,  whether or not recorded, excluding products of Chapter 37","10 526 895","10 526 895",""
"","SERBIA [RS]","[847330] Machinery; parts and accessories (other than covers, carrying cases and the like) of the machines of heading no. 8471","1 637","369","1 268"
"","","[854231] Electronic integrated circuits; processors and controllers, whether or not combined with memories, converters, logic circuits, amplifiers, clock and timing circuits, or other circuits","44 277","44 277",""
"","","[854233] Electronic integrated circuits; amplifiers","6 896","6 896",""
"","","[854239] Electronic integrated circuits; n.e.c. in heading no. 8542","265 443","265 443",""
"","","[854290] Parts of electronic integrated circuits","19 959","19 959",""
"","Seychelles [SC]","[847330] Machinery; parts and accessories (other than covers, carrying cases and the like) of the machines of heading no. 8471","3 058","3 058",""
"","","[854231] Electronic integrated circuits; processors and controllers, whether or not combined with memories, converters, logic circuits, amplifiers, clock and timing circuits, or other circuits","1 825","1 825",""
"","Singapore [SG]","[847330] Machinery; parts and accessories (other than covers, carrying cases and the like) of the machines of heading no. 8471","669 669 705","444 869 199","224 800 506"
"","","[852351] Semiconductor media; solid-state non-volatile storage devices, whether or not recorded, excluding products of Chapter 37","611 472 445","217 524 574","393 947 871"
"","","[852352] Semiconductor media; smart cards,  whether or not recorded, excluding products of Chapter 37","31 665 149","19 708 785","11 956 364"
"","","[854231] Electronic integrated circuits; processors and controllers, whether or not combined with memories, converters, logic circuits, amplifiers, clock and timing circuits, or other circuits","10 585 620 322","8 477 474 971","2 108 145 351"
"","","[854232] Electronic integrated circuits; memories","6 574 886 922","2 394 684 017","4 180 202 905"
"","","[854233] Electronic integrated circuits; amplifiers","1 201 472 523","640 128 481","561 344 043"
"","","[854239] Electronic integrated circuits; n.e.c. in heading no. 8542","16 267 096 373","14 079 028 387","2 188 067 986"
"","","[854290] Parts of electronic integrated circuits","3 296 420 233","1 334 628 102","1 961 792 131"
"","Slovakia [SK]","[847330] Machinery; parts and accessories (other than covers, carrying cases and the like) of the machines of heading no. 8471","44 603","227","44 376"
"","","[852351] Semiconductor media; solid-state non-volatile storage devices, whether or not recorded, excluding products of Chapter 37","541 662","532 750","8 912"
"","","[852352] Semiconductor media; smart cards,  whether or not recorded, excluding products of Chapter 37","30 510","1 923","28 586"
"","","[854231] Electronic integrated circuits; processors and controllers, whether or not combined with memories, converters, logic circuits, amplifiers, clock and timing circuits, or other circuits","131 426","114 188","17 238"
"","","[854232] Electronic integrated circuits; memories","4 193","","4 193"
"","","[854233] Electronic integrated circuits; amplifiers","106 213","104 948","1 265"
"","","[854239] Electronic integrated circuits; n.e.c. in heading no. 8542","183 396","48 609","134 787"
"","","[854290] Parts of electronic integrated circuits","11 302","2 072","9 229"
"","Slovenia [SI]","[847330] Machinery; parts and accessories (other than covers, carrying cases and the like) of the machines of heading no. 8471","9 868","1 261","8 607"
"","","[852351] Semiconductor media; solid-state non-volatile storage devices, whether or not recorded, excluding products of Chapter 37","355 434","355 434",""
"","","[852352] Semiconductor media; smart cards,  whether or not recorded, excluding products of Chapter 37","9","9",""
"","","[854231] Electronic integrated circuits; processors and controllers, whether or not combined with memories, converters, logic circuits, amplifiers, clock and timing circuits, or other circuits","124 478","21 732","102 746"
"","","[854232] Electronic integrated circuits; memories","62 458","62 458",""
"","","[854233] Electronic integrated circuits; amplifiers","1 131","","1 131"
"","","[854239] Electronic integrated circuits; n.e.c. in heading no. 8542","88 320","64 582","23 738"
"","","[854290] Parts of electronic integrated circuits","22 021","22 021",""
"","Solomon Islands [SB]","[852351] Semiconductor media; solid-state non-volatile storage devices, whether or not recorded, excluding products of Chapter 37","235","235",""
"","South Africa [ZA]","[847330] Machinery; parts and accessories (other than covers, carrying cases and the like) of the machines of heading no. 8471","1 985 733","1 983 573","2 160"
"","","[852351] Semiconductor media; solid-state non-volatile storage devices, whether or not recorded, excluding products of Chapter 37","6 353 737","6 353 737",""
"","","[852352] Semiconductor media; smart cards,  whether or not recorded, excluding products of Chapter 37","67 751","64 968","2 783"
"","","[854231] Electronic integrated circuits; processors and controllers, whether or not combined with memories, converters, logic circuits, amplifiers, clock and timing circuits, or other circuits","1 412 259","1 311 524","100 735"
"","","[854233] Electronic integrated circuits; amplifiers","598","598",""
"","","[854239] Electronic integrated circuits; n.e.c. in heading no. 8542","19 189","17 655","1 534"
"","","[854290] Parts of electronic integrated circuits","53 759","42 747","11 011"
"","Spain [ES]","[847330] Machinery; parts and accessories (other than covers, carrying cases and the like) of the machines of heading no. 8471","909 266","339 119","570 147"
"","","[852351] Semiconductor media; solid-state non-volatile storage devices, whether or not recorded, excluding products of Chapter 37","14 622 156","12 325 779","2 296 377"
"","","[852352] Semiconductor media; smart cards,  whether or not recorded, excluding products of Chapter 37","264 246","239 195","25 051"
"","","[854231] Electronic integrated circuits; processors and controllers, whether or not combined with memories, converters, logic circuits, amplifiers, clock and timing circuits, or other circuits","8 290 941","5 767 151","2 523 790"
"","","[854232] Electronic integrated circuits; memories","49 996","38 756","11 240"
"","","[854233] Electronic integrated circuits; amplifiers","35 175","16 951","18 224"
"","","[854239] Electronic integrated circuits; n.e.c. in heading no. 8542","937 439","802 275","135 164"
"","","[854290] Parts of electronic integrated circuits","2 872 434","1 867 062","1 005 372"
"","Sri Lanka [LK]","[847330] Machinery; parts and accessories (other than covers, carrying cases and the like) of the machines of heading no. 8471","361 709","359 368","2 341"
"","","[852351] Semiconductor media; solid-state non-volatile storage devices, whether or not recorded, excluding products of Chapter 37","110 267","88 607","21 661"
"","","[852352] Semiconductor media; smart cards,  whether or not recorded, excluding products of Chapter 37","1 475 341","1 475 341",""
"","","[854231] Electronic integrated circuits; processors and controllers, whether or not combined with memories, converters, logic circuits, amplifiers, clock and timing circuits, or other circuits","962 040","936 153","25 886"
"","","[854232] Electronic integrated circuits; memories","5 590","339","5 251"
"","","[854233] Electronic integrated circuits; amplifiers","20","20",""
"","","[854239] Electronic integrated circuits; n.e.c. in heading no. 8542","264 060","257 494","6 566"
"","","[854290] Parts of electronic integrated circuits","30 609","28 652","1 957"
"","Sudan [SD]","[852352] Semiconductor media; smart cards,  whether or not recorded, excluding products of Chapter 37","5","5",""
"","","[854231] Electronic integrated circuits; processors and controllers, whether or not combined with memories, converters, logic circuits, amplifiers, clock and timing circuits, or other circuits","111","111",""
"","Sweden [SE]","[847330] Machinery; parts and accessories (other than covers, carrying cases and the like) of the machines of heading no. 8471","378 945","122 738","256 207"
"","","[852351] Semiconductor media; solid-state non-volatile storage devices, whether or not recorded, excluding products of Chapter 37","1 717 815","942 658","775 156"
"","","[852352] Semiconductor media; smart cards,  whether or not recorded, excluding products of Chapter 37","600 937","14","600 923"
"","","[854231] Electronic integrated circuits; processors and controllers, whether or not combined with memories, converters, logic circuits, amplifiers, clock and timing circuits, or other circuits","3 581 329","1 928 385","1 652 945"
"","","[854232] Electronic integrated circuits; memories","1 069 304","874 183","195 121"
"","","[854233] Electronic integrated circuits; amplifiers","204 937","185 034","19 903"
"","","[854239] Electronic integrated circuits; n.e.c. in heading no. 8542","1 602 410","730 129","872 281"
"","","[854290] Parts of electronic integrated circuits","39 328 601","682 469","38 646 131"
"","Switzerland [CH]","[847330] Machinery; parts and accessories (other than covers, carrying cases and the like) of the machines of heading no. 8471","3 261 475","2 646 644","614 831"
"","","[852351] Semiconductor media; solid-state non-volatile storage devices, whether or not recorded, excluding products of Chapter 37","955 565","704 398","251 167"
"","","[852352] Semiconductor media; smart cards,  whether or not recorded, excluding products of Chapter 37","611 521","500 125","111 395"
"","","[854231] Electronic integrated circuits; processors and controllers, whether or not combined with memories, converters, logic circuits, amplifiers, clock and timing circuits, or other circuits","13 274 043","4 614 468","8 659 575"
"","","[854232] Electronic integrated circuits; memories","66 533","7 651","58 882"
"","","[854233] Electronic integrated circuits; amplifiers","62 810","12 560","50 251"
"","","[854239] Electronic integrated circuits; n.e.c. in heading no. 8542","8 316 524","2 041 315","6 275 209"
"","","[854290] Parts of electronic integrated circuits","17 255 450","8 284 174","8 971 276"
"","Taiwan [TW]","[847330] Machinery; parts and accessories (other than covers, carrying cases and the like) of the machines of heading no. 8471","4 112 594 873","341 912 141","3 770 682 733"
"","","[852351] Semiconductor media; solid-state non-volatile storage devices, whether or not recorded, excluding products of Chapter 37","1 000 182 421","517 945 926","482 236 495"
"","","[852352] Semiconductor media; smart cards,  whether or not recorded, excluding products of Chapter 37","3 106 343","1 499 366","1 606 977"
"","","[854231] Electronic integrated circuits; processors and controllers, whether or not combined with memories, converters, logic circuits, amplifiers, clock and timing circuits, or other circuits","17 829 297 719","8 298 335 590","9 530 962 129"
"","","[854232] Electronic integrated circuits; memories","4 263 331 978","2 072 729 196","2 190 602 783"
"","","[854233] Electronic integrated circuits; amplifiers","740 637 650","714 852 149","25 785 501"
"","","[854239] Electronic integrated circuits; n.e.c. in heading no. 8542","5 640 177 657","1 978 453 855","3 661 723 802"
"","","[854290] Parts of electronic integrated circuits","7 649 725 394","774 065 508","6 875 659 886"
"","Tajikistan [TJ]","[852352] Semiconductor media; smart cards,  whether or not recorded, excluding products of Chapter 37","2","2",""
"","","[854231] Electronic integrated circuits; processors and controllers, whether or not combined with memories, converters, logic circuits, amplifiers, clock and timing circuits, or other circuits","495","495",""
"","Tanzania, United Republic of [TZ]","[852352] Semiconductor media; smart cards,  whether or not recorded, excluding products of Chapter 37","256 005","256 005",""
"","","[854231] Electronic integrated circuits; processors and controllers, whether or not combined with memories, converters, logic circuits, amplifiers, clock and timing circuits, or other circuits","12 816","12 816",""
"","Thailand [TH]","[847330] Machinery; parts and accessories (other than covers, carrying cases and the like) of the machines of heading no. 8471","621 675 725","473 563 485","148 112 240"
"","","[852351] Semiconductor media; solid-state non-volatile storage devices, whether or not recorded, excluding products of Chapter 37","537 995 050","258 709 551","279 285 499"
"","","[852352] Semiconductor media; smart cards,  whether or not recorded, excluding products of Chapter 37","3 991 405","828 715","3 162 690"
"","","[854231] Electronic integrated circuits; processors and controllers, whether or not combined with memories, converters, logic circuits, amplifiers, clock and timing circuits, or other circuits","1 693 617 865","1 499 011 596","194 606 269"
"","","[854232] Electronic integrated circuits; memories","504 156 385","476 131 878","28 024 507"
"","","[854233] Electronic integrated circuits; amplifiers","39 947 647","21 060 748","18 886 900"
"","","[854239] Electronic integrated circuits; n.e.c. in heading no. 8542","1 674 176 036","1 155 172 659","519 003 378"
"","","[854290] Parts of electronic integrated circuits","733 460 598","474 258 212","259 202 386"
"","Timor-Leste [TL]","[847330] Machinery; parts and accessories (other than covers, carrying cases and the like) of the machines of heading no. 8471","8 678","8 678",""
"","Togo [TG]","[847330] Machinery; parts and accessories (other than covers, carrying cases and the like) of the machines of heading no. 8471","25 114","25 114",""
"","","[854239] Electronic integrated circuits; n.e.c. in heading no. 8542","836","836",""
"","Tonga [TO]","[854290] Parts of electronic integrated circuits","3","3",""
"","Trinidad and Tobago [TT]","[847330] Machinery; parts and accessories (other than covers, carrying cases and the like) of the machines of heading no. 8471","351","351",""
"","","[852351] Semiconductor media; solid-state non-volatile storage devices, whether or not recorded, excluding products of Chapter 37","4 885","4 885",""
"","","[852352] Semiconductor media; smart cards,  whether or not recorded, excluding products of Chapter 37","2","2",""
"","Tunisia [TN]","[847330] Machinery; parts and accessories (other than covers, carrying cases and the like) of the machines of heading no. 8471","1 356","1 356",""
"","","[852352] Semiconductor media; smart cards,  whether or not recorded, excluding products of Chapter 37","264 032","264 032",""
"","","[854231] Electronic integrated circuits; processors and controllers, whether or not combined with memories, converters, logic circuits, amplifiers, clock and timing circuits, or other circuits","155 640 180","155 636 424","3 756"
"","","[854232] Electronic integrated circuits; memories","8 819","8 819",""
"","","[854233] Electronic integrated circuits; amplifiers","4 211 110","4 211 110",""
"","","[854239] Electronic integrated circuits; n.e.c. in heading no. 8542","5 920 785","5 914 486","6 298"
"","","[854290] Parts of electronic integrated circuits","1 113 996","1 084 411","29 585"
"","Turkey [TR]","[847330] Machinery; parts and accessories (other than covers, carrying cases and the like) of the machines of heading no. 8471","12 184 111","7 418 110","4 766 001"
"","","[852351] Semiconductor media; solid-state non-volatile storage devices, whether or not recorded, excluding products of Chapter 37","21 662 731","21 622 265","40 466"
"","","[852352] Semiconductor media; smart cards,  whether or not recorded, excluding products of Chapter 37","2 511 959","2 511 649","310"
"","","[854231] Electronic integrated circuits; processors and controllers, whether or not combined with memories, converters, logic circuits, amplifiers, clock and timing circuits, or other circuits","1 505 468","1 504 864","604"
"","","[854232] Electronic integrated circuits; memories","10 470 938","10 443 014","27 924"
"","","[854239] Electronic integrated circuits; n.e.c. in heading no. 8542","1 544 863","1 539 230","5 634"
"","","[854290] Parts of electronic integrated circuits","5 716 478","5 715 412","1 066"
"","Turkmenistan [TM]","[852351] Semiconductor media; solid-state non-volatile storage devices, whether or not recorded, excluding products of Chapter 37","119","119",""
"","","[852352] Semiconductor media; smart cards,  whether or not recorded, excluding products of Chapter 37","8 555","8 555",""
"","","[854239] Electronic integrated circuits; n.e.c. in heading no. 8542","24 567","","24 567"
"","Tuvalu [TV]","[854239] Electronic integrated circuits; n.e.c. in heading no. 8542","1 806","","1 806"
"","Ukraine [UA]","[847330] Machinery; parts and accessories (other than covers, carrying cases and the like) of the machines of heading no. 8471","36 091","36 091",""
"","","[852351] Semiconductor media; solid-state non-volatile storage devices, whether or not recorded, excluding products of Chapter 37","73 395","73 395",""
"","","[854231] Electronic integrated circuits; processors and controllers, whether or not combined with memories, converters, logic circuits, amplifiers, clock and timing circuits, or other circuits","92 366","92 142","225"
"","","[854232] Electronic integrated circuits; memories","117","117",""
"","","[854239] Electronic integrated circuits; n.e.c. in heading no. 8542","803","133","670"
"","United Arab Emirates [AE]","[847330] Machinery; parts and accessories (other than covers, carrying cases and the like) of the machines of heading no. 8471","2 725 547","2 666 013","59 534"
"","","[852351] Semiconductor media; solid-state non-volatile storage devices, whether or not recorded, excluding products of Chapter 37","64 544 840","64 526 501","18 338"
"","","[852352] Semiconductor media; smart cards,  whether or not recorded, excluding products of Chapter 37","1 317 488","1 310 170","7 318"
"","","[854231] Electronic integrated circuits; processors and controllers, whether or not combined with memories, converters, logic circuits, amplifiers, clock and timing circuits, or other circuits","1 041 266","425 656","615 610"
"","","[854232] Electronic integrated circuits; memories","34 795 845","34 791 080","4 765"
"","","[854239] Electronic integrated circuits; n.e.c. in heading no. 8542","48 224","48 069","155"
"","","[854290] Parts of electronic integrated circuits","5 640 203","5 640 203",""
"","United Kingdom [GB]","[847330] Machinery; parts and accessories (other than covers, carrying cases and the like) of the machines of heading no. 8471","26 464 498","23 794 074","2 670 424"
"","","[852351] Semiconductor media; solid-state non-volatile storage devices, whether or not recorded, excluding products of Chapter 37","54 277 970","53 634 788","643 182"
"","","[852352] Semiconductor media; smart cards,  whether or not recorded, excluding products of Chapter 37","2 232 425","318 199","1 914 226"
"","","[854231] Electronic integrated circuits; processors and controllers, whether or not combined with memories, converters, logic circuits, amplifiers, clock and timing circuits, or other circuits","36 482 408","33 360 312","3 122 096"
"","","[854232] Electronic integrated circuits; memories","4 809 430","4 749 983","59 447"
"","","[854233] Electronic integrated circuits; amplifiers","373 175","284 078","89 098"
"","","[854239] Electronic integrated circuits; n.e.c. in heading no. 8542","9 999 752","3 193 069","6 806 683"
"","","[854290] Parts of electronic integrated circuits","64 623 682","31 371 188","33 252 494"
"","United states [US]","[847330] Machinery; parts and accessories (other than covers, carrying cases and the like) of the machines of heading no. 8471","2 060 015 248","1 783 033 328","276 981 920"
"","","[852351] Semiconductor media; solid-state non-volatile storage devices, whether or not recorded, excluding products of Chapter 37","3 139 288 295","2 883 068 607","256 219 688"
"","","[852352] Semiconductor media; smart cards,  whether or not recorded, excluding products of Chapter 37","119 199 018","117 019 961","2 179 057"
"","","[854231] Electronic integrated circuits; processors and controllers, whether or not combined with memories, converters, logic circuits, amplifiers, clock and timing circuits, or other circuits","13 943 412 405","7 912 493 990","6 030 918 415"
"","","[854232] Electronic integrated circuits; memories","1 620 062 024","1 582 414 977","37 647 047"
"","","[854233] Electronic integrated circuits; amplifiers","149 400 346","34 525 913","114 874 433"
"","","[854239] Electronic integrated circuits; n.e.c. in heading no. 8542","2 522 666 836","1 615 465 271","907 201 565"
"","","[854290] Parts of electronic integrated circuits","5 992 308 991","4 636 227 753","1 356 081 238"
"","Uruguay [UY]","[847330] Machinery; parts and accessories (other than covers, carrying cases and the like) of the machines of heading no. 8471","9 648","9 648",""
"","","[852351] Semiconductor media; solid-state non-volatile storage devices, whether or not recorded, excluding products of Chapter 37","81 917","81 917",""
"","","[854231] Electronic integrated circuits; processors and controllers, whether or not combined with memories, converters, logic circuits, amplifiers, clock and timing circuits, or other circuits","2 413","2 413",""
"","","[854290] Parts of electronic integrated circuits","9 573","9 573",""
"","Uzbekistan [UZ]","[847330] Machinery; parts and accessories (other than covers, carrying cases and the like) of the machines of heading no. 8471","1 003 675","1 003 675",""
"","Vanuatu [VU]","[852352] Semiconductor media; smart cards,  whether or not recorded, excluding products of Chapter 37","2","2",""
"","Venezuela [VE]","[847330] Machinery; parts and accessories (other than covers, carrying cases and the like) of the machines of heading no. 8471","118 056","","118 056"
"","","[852351] Semiconductor media; solid-state non-volatile storage devices, whether or not recorded, excluding products of Chapter 37","166","","166"
"","","[852352] Semiconductor media; smart cards,  whether or not recorded, excluding products of Chapter 37","2","2",""
"","","[854231] Electronic integrated circuits; processors and controllers, whether or not combined with memories, converters, logic circuits, amplifiers, clock and timing circuits, or other circuits","481","","481"
"","","[854239] Electronic integrated circuits; n.e.c. in heading no. 8542","4 897","","4 897"
"","Viet Nam [VN]","[847330] Machinery; parts and accessories (other than covers, carrying cases and the like) of the machines of heading no. 8471","645 879 959","138 311 969","507 567 991"
"","","[852351] Semiconductor media; solid-state non-volatile storage devices, whether or not recorded, excluding products of Chapter 37","380 804 583","259 025 518","121 779 064"
"","","[852352] Semiconductor media; smart cards,  whether or not recorded, excluding products of Chapter 37","19 691 369","19 645 556","45 814"
"","","[854231] Electronic integrated circuits; processors and controllers, whether or not combined with memories, converters, logic circuits, amplifiers, clock and timing circuits, or other circuits","4 519 991 068","3 615 976 356","904 014 712"
"","","[854232] Electronic integrated circuits; memories","537 580 170","449 899 185","87 680 985"
"","","[854233] Electronic integrated circuits; amplifiers","107 536 822","107 478 443","58 380"
"","","[854239] Electronic integrated circuits; n.e.c. in heading no. 8542","612 826 798","489 343 338","123 483 460"
"","","[854290] Parts of electronic integrated circuits","526 711 071","476 294 517","50 416 554"
"","Virgin Islands (US) [VI]","[854290] Parts of electronic integrated circuits","66","66",""
"","Virgin Islands, British [VG]","[847330] Machinery; parts and accessories (other than covers, carrying cases and the like) of the machines of heading no. 8471","10 186 065","","10 186 065"
"","Yemen [YE]","[854231] Electronic integrated circuits; processors and controllers, whether or not combined with memories, converters, logic circuits, amplifiers, clock and timing circuits, or other circuits","13 660","","13 660"
"","","[854239] Electronic integrated circuits; n.e.c. in heading no. 8542","173 378","","173 378"
"","Zambia [ZM]","[852352] Semiconductor media; smart cards,  whether or not recorded, excluding products of Chapter 37","1","1",""
"","","[854239] Electronic integrated circuits; n.e.c. in heading no. 8542","17 870","17 870",""
"","","[854290] Parts of electronic integrated circuits","3 543","3 543",""
"Myanmar","  European Union [EU-27]","[847330] Machinery; parts and accessories (other than covers, carrying cases and the like) of the machines of heading no. 8471","4 035","","4 035"
"","","[852351] Semiconductor media; solid-state non-volatile storage devices, whether or not recorded, excluding products of Chapter 37","4 132","","4 132"
"","","[854231] Electronic integrated circuits; processors and controllers, whether or not combined with memories, converters, logic circuits, amplifiers, clock and timing circuits, or other circuits","23 758","","23 758"
"","","[854233] Electronic integrated circuits; amplifiers","1 094","","1 094"
"","","[854290] Parts of electronic integrated circuits","1 420","","1 420"
""," ASEAN [00]","[847330] Machinery; parts and accessories (other than covers, carrying cases and the like) of the machines of heading no. 8471","1 664","","1 664"
"","","[852351] Semiconductor media; solid-state non-volatile storage devices, whether or not recorded, excluding products of Chapter 37","58 105","","58 105"
"","","[852352] Semiconductor media; smart cards,  whether or not recorded, excluding products of Chapter 37","166 062","","166 062"
"","","[854231] Electronic integrated circuits; processors and controllers, whether or not combined with memories, converters, logic circuits, amplifiers, clock and timing circuits, or other circuits","27 849","","27 849"
"","","[854233] Electronic integrated circuits; amplifiers","26 586","","26 586"
"","","[854239] Electronic integrated circuits; n.e.c. in heading no. 8542","222 530","","222 530"
"","","[854290] Parts of electronic integrated circuits","10 633","","10 633"
""," Extra-ASEAN [88]","[847330] Machinery; parts and accessories (other than covers, carrying cases and the like) of the machines of heading no. 8471","455 682","","455 682"
"","","[852351] Semiconductor media; solid-state non-volatile storage devices, whether or not recorded, excluding products of Chapter 37","5 542","","5 542"
"","","[852352] Semiconductor media; smart cards,  whether or not recorded, excluding products of Chapter 37","1 976 108","","1 976 108"
"","","[854231] Electronic integrated circuits; processors and controllers, whether or not combined with memories, converters, logic circuits, amplifiers, clock and timing circuits, or other circuits","1 746 628","","1 746 628"
"","","[854232] Electronic integrated circuits; memories","210","","210"
"","","[854233] Electronic integrated circuits; amplifiers","5 911","","5 911"
"","","[854239] Electronic integrated circuits; n.e.c. in heading no. 8542","32 162","","32 162"
"","","[854290] Parts of electronic integrated circuits","85 468","","85 468"
""," WORLD [99]","[847330] Machinery; parts and accessories (other than covers, carrying cases and the like) of the machines of heading no. 8471","457 346","","457 346"
"","","[852351] Semiconductor media; solid-state non-volatile storage devices, whether or not recorded, excluding products of Chapter 37","63 647","","63 647"
"","","[852352] Semiconductor media; smart cards,  whether or not recorded, excluding products of Chapter 37","2 142 170","","2 142 170"
"","","[854231] Electronic integrated circuits; processors and controllers, whether or not combined with memories, converters, logic circuits, amplifiers, clock and timing circuits, or other circuits","1 774 477","","1 774 477"
"","","[854232] Electronic integrated circuits; memories","210","","210"
"","","[854233] Electronic integrated circuits; amplifiers","32 497","","32 497"
"","","[854239] Electronic integrated circuits; n.e.c. in heading no. 8542","254 692","","254 692"
"","","[854290] Parts of electronic integrated circuits","96 101","","96 101"
"","Belgium [BE]","[854290] Parts of electronic integrated circuits","1 420","","1 420"
"","China (People's Republic of) [CN]","[847330] Machinery; parts and accessories (other than covers, carrying cases and the like) of the machines of heading no. 8471","440 980","","440 980"
"","","[852351] Semiconductor media; solid-state non-volatile storage devices, whether or not recorded, excluding products of Chapter 37","38","","38"
"","","[852352] Semiconductor media; smart cards,  whether or not recorded, excluding products of Chapter 37","855 065","","855 065"
"","","[854231] Electronic integrated circuits; processors and controllers, whether or not combined with memories, converters, logic circuits, amplifiers, clock and timing circuits, or other circuits","1 390 352","","1 390 352"
"","","[854233] Electronic integrated circuits; amplifiers","675","","675"
"","","[854239] Electronic integrated circuits; n.e.c. in heading no. 8542","28 057","","28 057"
"","","[854290] Parts of electronic integrated circuits","7 758","","7 758"
"","Denmark [DK]","[854233] Electronic integrated circuits; amplifiers","1 094","","1 094"
"","Germany [DE]","[847330] Machinery; parts and accessories (other than covers, carrying cases and the like) of the machines of heading no. 8471","4 035","","4 035"
"","","[852351] Semiconductor media; solid-state non-volatile storage devices, whether or not recorded, excluding products of Chapter 37","3 755","","3 755"
"","","[854231] Electronic integrated circuits; processors and controllers, whether or not combined with memories, converters, logic circuits, amplifiers, clock and timing circuits, or other circuits","2 454","","2 454"
"","Hong Kong [HK]","[847330] Machinery; parts and accessories (other than covers, carrying cases and the like) of the machines of heading no. 8471","200","","200"
"","","[852352] Semiconductor media; smart cards,  whether or not recorded, excluding products of Chapter 37","378 355","","378 355"
"","","[854231] Electronic integrated circuits; processors and controllers, whether or not combined with memories, converters, logic circuits, amplifiers, clock and timing circuits, or other circuits","166 518","","166 518"
"","","[854239] Electronic integrated circuits; n.e.c. in heading no. 8542","1 463","","1 463"
"","India [IN]","[847330] Machinery; parts and accessories (other than covers, carrying cases and the like) of the machines of heading no. 8471","1 818","","1 818"
"","","[854290] Parts of electronic integrated circuits","403","","403"
"","Indonesia [ID]","[854231] Electronic integrated circuits; processors and controllers, whether or not combined with memories, converters, logic circuits, amplifiers, clock and timing circuits, or other circuits","26 750","","26 750"
"","Italy [IT]","[854231] Electronic integrated circuits; processors and controllers, whether or not combined with memories, converters, logic circuits, amplifiers, clock and timing circuits, or other circuits","21 304","","21 304"
"","Japan [JP]","[847330] Machinery; parts and accessories (other than covers, carrying cases and the like) of the machines of heading no. 8471","177","","177"
"","","[854232] Electronic integrated circuits; memories","210","","210"
"","","[854233] Electronic integrated circuits; amplifiers","100","","100"
"","","[854290] Parts of electronic integrated circuits","1 442","","1 442"
"","Korea, Republic of [KR]","[847330] Machinery; parts and accessories (other than covers, carrying cases and the like) of the machines of heading no. 8471","657","","657"
"","","[852351] Semiconductor media; solid-state non-volatile storage devices, whether or not recorded, excluding products of Chapter 37","480","","480"
"","","[854231] Electronic integrated circuits; processors and controllers, whether or not combined with memories, converters, logic circuits, amplifiers, clock and timing circuits, or other circuits","2 111","","2 111"
"","Luxembourg [LU]","[852351] Semiconductor media; solid-state non-volatile storage devices, whether or not recorded, excluding products of Chapter 37","377","","377"
"","Malaysia [MY]","[847330] Machinery; parts and accessories (other than covers, carrying cases and the like) of the machines of heading no. 8471","50","","50"
"","","[854239] Electronic integrated circuits; n.e.c. in heading no. 8542","54 960","","54 960"
"","Philippines [PH]","[847330] Machinery; parts and accessories (other than covers, carrying cases and the like) of the machines of heading no. 8471","1 614","","1 614"
"","Singapore [SG]","[854233] Electronic integrated circuits; amplifiers","1 460","","1 460"
"","Taiwan [TW]","[847330] Machinery; parts and accessories (other than covers, carrying cases and the like) of the machines of heading no. 8471","7 585","","7 585"
"","","[852351] Semiconductor media; solid-state non-volatile storage devices, whether or not recorded, excluding products of Chapter 37","540","","540"
"","Thailand [TH]","[852351] Semiconductor media; solid-state non-volatile storage devices, whether or not recorded, excluding products of Chapter 37","58 105","","58 105"
"","","[852352] Semiconductor media; smart cards,  whether or not recorded, excluding products of Chapter 37","166 062","","166 062"
"","","[854231] Electronic integrated circuits; processors and controllers, whether or not combined with memories, converters, logic circuits, amplifiers, clock and timing circuits, or other circuits","1 099","","1 099"
"","","[854233] Electronic integrated circuits; amplifiers","25 126","","25 126"
"","","[854239] Electronic integrated circuits; n.e.c. in heading no. 8542","167 570","","167 570"
"","","[854290] Parts of electronic integrated circuits","10 633","","10 633"
"","United Arab Emirates [AE]","[852352] Semiconductor media; smart cards,  whether or not recorded, excluding products of Chapter 37","742 688","","742 688"
"","United Kingdom [GB]","[847330] Machinery; parts and accessories (other than covers, carrying cases and the like) of the machines of heading no. 8471","135","","135"
"","","[854239] Electronic integrated circuits; n.e.c. in heading no. 8542","300","","300"
"","United states [US]","[847330] Machinery; parts and accessories (other than covers, carrying cases and the like) of the machines of heading no. 8471","94","","94"
"","","[852351] Semiconductor media; solid-state non-volatile storage devices, whether or not recorded, excluding products of Chapter 37","352","","352"
"","","[854231] Electronic integrated circuits; processors and controllers, whether or not combined with memories, converters, logic circuits, amplifiers, clock and timing circuits, or other circuits","163 888","","163 888"
"","","[854233] Electronic integrated circuits; amplifiers","4 042","","4 042"
"","","[854239] Electronic integrated circuits; n.e.c. in heading no. 8542","2 342","","2 342"
"","","[854290] Parts of electronic integrated circuits","74 445","","74 445"
"Philippines","  European Union [EU-27]","[847330] Machinery; parts and accessories (other than covers, carrying cases and the like) of the machines of heading no. 8471","44 509 651","25 615 248","18 894 403"
"","","[852351] Semiconductor media; solid-state non-volatile storage devices, whether or not recorded, excluding products of Chapter 37","205 823 893","205 091 486","732 407"
"","","[852352] Semiconductor media; smart cards,  whether or not recorded, excluding products of Chapter 37","941 558","","941 558"
"","","[854231] Electronic integrated circuits; processors and controllers, whether or not combined with memories, converters, logic circuits, amplifiers, clock and timing circuits, or other circuits","1 115 251 898","994 826 325","120 425 573"
"","","[854232] Electronic integrated circuits; memories","432 937 940","408 341 681","24 596 259"
"","","[854233] Electronic integrated circuits; amplifiers","228 900 646","227 491 836","1 408 810"
"","","[854239] Electronic integrated circuits; n.e.c. in heading no. 8542","3 311 720 010","2 482 622 794","829 097 216"
"","","[854290] Parts of electronic integrated circuits","23 074 428","2 356 419","20 718 009"
""," ASEAN [00]","[847330] Machinery; parts and accessories (other than covers, carrying cases and the like) of the machines of heading no. 8471","1 218 817 095","1 066 771 654","152 045 441"
"","","[852351] Semiconductor media; solid-state non-volatile storage devices, whether or not recorded, excluding products of Chapter 37","112 857 764","108 603 932","4 253 832"
"","","[852352] Semiconductor media; smart cards,  whether or not recorded, excluding products of Chapter 37","6 903 599","6 898","6 896 701"
"","","[854231] Electronic integrated circuits; processors and controllers, whether or not combined with memories, converters, logic circuits, amplifiers, clock and timing circuits, or other circuits","2 052 367 372","1 825 343 633","227 023 739"
"","","[854232] Electronic integrated circuits; memories","226 634 944","209 209 653","17 425 291"
"","","[854233] Electronic integrated circuits; amplifiers","141 654 951","138 310 878","3 344 073"
"","","[854239] Electronic integrated circuits; n.e.c. in heading no. 8542","5 075 150 274","2 986 064 394","2 089 085 880"
"","","[854290] Parts of electronic integrated circuits","358 328 887","59 606 274","298 722 613"
""," Extra-ASEAN [88]","[847330] Machinery; parts and accessories (other than covers, carrying cases and the like) of the machines of heading no. 8471","1 714 688 063","348 284 534","1 366 403 529"
"","","[852351] Semiconductor media; solid-state non-volatile storage devices, whether or not recorded, excluding products of Chapter 37","703 647 704","654 459 630","49 188 074"
"","","[852352] Semiconductor media; smart cards,  whether or not recorded, excluding products of Chapter 37","28 487 408","6 810","28 480 598"
"","","[854231] Electronic integrated circuits; processors and controllers, whether or not combined with memories, converters, logic circuits, amplifiers, clock and timing circuits, or other circuits","8 356 811 989","7 384 854 017","971 957 972"
"","","[854232] Electronic integrated circuits; memories","3 151 091 316","2 595 670 430","555 420 886"
"","","[854233] Electronic integrated circuits; amplifiers","1 093 881 337","1 076 200 199","17 681 138"
"","","[854239] Electronic integrated circuits; n.e.c. in heading no. 8542","24 329 970 715","12 711 436 996","11 618 533 719"
"","","[854290] Parts of electronic integrated circuits","1 141 159 462","71 002 903","1 070 156 559"
""," WORLD [99]","[847330] Machinery; parts and accessories (other than covers, carrying cases and the like) of the machines of heading no. 8471","2 933 505 158","1 415 056 188","1 518 448 970"
"","","[852351] Semiconductor media; solid-state non-volatile storage devices, whether or not recorded, excluding products of Chapter 37","816 505 468","763 063 562","53 441 906"
"","","[852352] Semiconductor media; smart cards,  whether or not recorded, excluding products of Chapter 37","35 391 007","13 708","35 377 299"
"","","[854231] Electronic integrated circuits; processors and controllers, whether or not combined with memories, converters, logic circuits, amplifiers, clock and timing circuits, or other circuits","10 409 179 361","9 210 197 650","1 198 981 711"
"","","[854232] Electronic integrated circuits; memories","3 377 726 260","2 804 880 083","572 846 177"
"","","[854233] Electronic integrated circuits; amplifiers","1 235 536 288","1 214 511 077","21 025 211"
"","","[854239] Electronic integrated circuits; n.e.c. in heading no. 8542","29 405 120 989","15 697 501 390","13 707 619 599"
"","","[854290] Parts of electronic integrated circuits","1 499 488 349","130 609 177","1 368 879 172"
"","Afghanistan [AF]","[847330] Machinery; parts and accessories (other than covers, carrying cases and the like) of the machines of heading no. 8471","235","","235"
"","","[854231] Electronic integrated circuits; processors and controllers, whether or not combined with memories, converters, logic circuits, amplifiers, clock and timing circuits, or other circuits","738 073","738 073",""
"","","[854239] Electronic integrated circuits; n.e.c. in heading no. 8542","1 025","1 025",""
"","Albania [AL]","[847330] Machinery; parts and accessories (other than covers, carrying cases and the like) of the machines of heading no. 8471","799","","799"
"","","[854239] Electronic integrated circuits; n.e.c. in heading no. 8542","425","425",""
"","Angola [AO]","[847330] Machinery; parts and accessories (other than covers, carrying cases and the like) of the machines of heading no. 8471","7 800","7 800",""
"","Argentina [AR]","[847330] Machinery; parts and accessories (other than covers, carrying cases and the like) of the machines of heading no. 8471","189 336","189 336",""
"","","[854231] Electronic integrated circuits; processors and controllers, whether or not combined with memories, converters, logic circuits, amplifiers, clock and timing circuits, or other circuits","103 515","103 515",""
"","","[854239] Electronic integrated circuits; n.e.c. in heading no. 8542","1 462","1 462",""
"","Armenia [AM]","[847330] Machinery; parts and accessories (other than covers, carrying cases and the like) of the machines of heading no. 8471","690","690",""
"","Aruba [AW]","[847330] Machinery; parts and accessories (other than covers, carrying cases and the like) of the machines of heading no. 8471","9 156","9 156",""
"","Australia [AU]","[847330] Machinery; parts and accessories (other than covers, carrying cases and the like) of the machines of heading no. 8471","3 145 532","2 975 668","169 864"
"","","[852351] Semiconductor media; solid-state non-volatile storage devices, whether or not recorded, excluding products of Chapter 37","87 146","62 726","24 420"
"","","[852352] Semiconductor media; smart cards,  whether or not recorded, excluding products of Chapter 37","1 029","","1 029"
"","","[854231] Electronic integrated circuits; processors and controllers, whether or not combined with memories, converters, logic circuits, amplifiers, clock and timing circuits, or other circuits","2 006 134","2 002 166","3 968"
"","","[854232] Electronic integrated circuits; memories","1 431 381","1 431 381",""
"","","[854233] Electronic integrated circuits; amplifiers","3 789 591","3 788 753","838"
"","","[854239] Electronic integrated circuits; n.e.c. in heading no. 8542","20 322 896","18 374 710","1 948 186"
"","","[854290] Parts of electronic integrated circuits","240 084","","240 084"
"","Austria [AT]","[847330] Machinery; parts and accessories (other than covers, carrying cases and the like) of the machines of heading no. 8471","158 890","157 201","1 689"
"","","[852351] Semiconductor media; solid-state non-volatile storage devices, whether or not recorded, excluding products of Chapter 37","93 630","","93 630"
"","","[852352] Semiconductor media; smart cards,  whether or not recorded, excluding products of Chapter 37","1 780","","1 780"
"","","[854231] Electronic integrated circuits; processors and controllers, whether or not combined with memories, converters, logic circuits, amplifiers, clock and timing circuits, or other circuits","106 113 111","84 092 743","22 020 368"
"","","[854233] Electronic integrated circuits; amplifiers","466 076","450 400","15 676"
"","","[854239] Electronic integrated circuits; n.e.c. in heading no. 8542","56 697 919","31 854 636","24 843 283"
"","","[854290] Parts of electronic integrated circuits","334 485","","334 485"
"","Azerbaijan [AZ]","[847330] Machinery; parts and accessories (other than covers, carrying cases and the like) of the machines of heading no. 8471","14 563","14 563",""
"","Bahrain [BH]","[847330] Machinery; parts and accessories (other than covers, carrying cases and the like) of the machines of heading no. 8471","2 658","2 658",""
"","Belgium [BE]","[847330] Machinery; parts and accessories (other than covers, carrying cases and the like) of the machines of heading no. 8471","101 797","16 792","85 005"
"","","[852351] Semiconductor media; solid-state non-volatile storage devices, whether or not recorded, excluding products of Chapter 37","2 210","","2 210"
"","","[852352] Semiconductor media; smart cards,  whether or not recorded, excluding products of Chapter 37","8 261","","8 261"
"","","[854231] Electronic integrated circuits; processors and controllers, whether or not combined with memories, converters, logic circuits, amplifiers, clock and timing circuits, or other circuits","5 725 367","5 547 971","177 396"
"","","[854232] Electronic integrated circuits; memories","712 123","702 292","9 831"
"","","[854239] Electronic integrated circuits; n.e.c. in heading no. 8542","21 219 731","15 748 280","5 471 451"
"","","[854290] Parts of electronic integrated circuits","484 008","483 271","737"
"","Bhutan [BT]","[854239] Electronic integrated circuits; n.e.c. in heading no. 8542","123","","123"
"","Bosnia and Herzegovina [BA]","[847330] Machinery; parts and accessories (other than covers, carrying cases and the like) of the machines of heading no. 8471","92","92",""
"","","[852351] Semiconductor media; solid-state non-volatile storage devices, whether or not recorded, excluding products of Chapter 37","119","","119"
"","","[854239] Electronic integrated circuits; n.e.c. in heading no. 8542","65 897","63 570","2 327"
"","Brazil [BR]","[847330] Machinery; parts and accessories (other than covers, carrying cases and the like) of the machines of heading no. 8471","77 925","76 977","948"
"","","[852351] Semiconductor media; solid-state non-volatile storage devices, whether or not recorded, excluding products of Chapter 37","36 824","","36 824"
"","","[854231] Electronic integrated circuits; processors and controllers, whether or not combined with memories, converters, logic circuits, amplifiers, clock and timing circuits, or other circuits","5 680 047","5 680 047",""
"","","[854232] Electronic integrated circuits; memories","5 395 177","5 395 177",""
"","","[854233] Electronic integrated circuits; amplifiers","126 050","122 457","3 593"
"","","[854239] Electronic integrated circuits; n.e.c. in heading no. 8542","5 859 347","5 728 087","131 260"
"","","[854290] Parts of electronic integrated circuits","2 445","2 156","289"
"","Brunei Darussalam [BN]","[854239] Electronic integrated circuits; n.e.c. in heading no. 8542","6 160","","6 160"
"","Bulgaria [BG]","[847330] Machinery; parts and accessories (other than covers, carrying cases and the like) of the machines of heading no. 8471","39 577","37 968","1 609"
"","","[854231] Electronic integrated circuits; processors and controllers, whether or not combined with memories, converters, logic circuits, amplifiers, clock and timing circuits, or other circuits","2 101 915","1 154 791","947 124"
"","","[854233] Electronic integrated circuits; amplifiers","16 752","16 752",""
"","","[854239] Electronic integrated circuits; n.e.c. in heading no. 8542","58 170 967","50 357 684","7 813 283"
"","","[854290] Parts of electronic integrated circuits","151 264","","151 264"
"","Cambodia [KH]","[847330] Machinery; parts and accessories (other than covers, carrying cases and the like) of the machines of heading no. 8471","43 701","10 945","32 756"
"","","[854239] Electronic integrated circuits; n.e.c. in heading no. 8542","24 931","","24 931"
"","Canada [CA]","[847330] Machinery; parts and accessories (other than covers, carrying cases and the like) of the machines of heading no. 8471","954 953","436 583","518 370"
"","","[852351] Semiconductor media; solid-state non-volatile storage devices, whether or not recorded, excluding products of Chapter 37","8 508","","8 508"
"","","[852352] Semiconductor media; smart cards,  whether or not recorded, excluding products of Chapter 37","5 030","53","4 977"
"","","[854231] Electronic integrated circuits; processors and controllers, whether or not combined with memories, converters, logic circuits, amplifiers, clock and timing circuits, or other circuits","12 446 784","12 426 966","19 818"
"","","[854232] Electronic integrated circuits; memories","2 121 378","2 121 378",""
"","","[854233] Electronic integrated circuits; amplifiers","2 998 495","2 998 495",""
"","","[854239] Electronic integrated circuits; n.e.c. in heading no. 8542","20 504 882","15 915 512","4 589 370"
"","","[854290] Parts of electronic integrated circuits","23 278","","23 278"
"","Cayman Islands [KY]","[847330] Machinery; parts and accessories (other than covers, carrying cases and the like) of the machines of heading no. 8471","1 503","1 503",""
"","Chad [TD]","[854231] Electronic integrated circuits; processors and controllers, whether or not combined with memories, converters, logic circuits, amplifiers, clock and timing circuits, or other circuits","1 758 750","1 758 750",""
"","Chile [CL]","[847330] Machinery; parts and accessories (other than covers, carrying cases and the like) of the machines of heading no. 8471","17 852","17 852",""
"","","[852352] Semiconductor media; smart cards,  whether or not recorded, excluding products of Chapter 37","168","","168"
"","","[854231] Electronic integrated circuits; processors and controllers, whether or not combined with memories, converters, logic circuits, amplifiers, clock and timing circuits, or other circuits","444 199","444 199",""
"","","[854239] Electronic integrated circuits; n.e.c. in heading no. 8542","27 799","23 518","4 281"
"","China (People's Republic of) [CN]","[847330] Machinery; parts and accessories (other than covers, carrying cases and the like) of the machines of heading no. 8471","284 681 789","25 413 843","259 267 946"
"","","[852351] Semiconductor media; solid-state non-volatile storage devices, whether or not recorded, excluding products of Chapter 37","120 980 669","101 705 481","19 275 188"
"","","[852352] Semiconductor media; smart cards,  whether or not recorded, excluding products of Chapter 37","23 781 987","6 362","23 775 625"
"","","[854231] Electronic integrated circuits; processors and controllers, whether or not combined with memories, converters, logic circuits, amplifiers, clock and timing circuits, or other circuits","1 900 587 676","1 819 423 053","81 164 623"
"","","[854232] Electronic integrated circuits; memories","162 887 809","138 985 867","23 901 942"
"","","[854233] Electronic integrated circuits; amplifiers","30 608 609","29 636 850","971 759"
"","","[854239] Electronic integrated circuits; n.e.c. in heading no. 8542","4 103 954 098","834 167 873","3 269 786 225"
"","","[854290] Parts of electronic integrated circuits","141 895 188","55 994 118","85 901 070"
"","Colombia [CO]","[847330] Machinery; parts and accessories (other than covers, carrying cases and the like) of the machines of heading no. 8471","1 156","1 156",""
"","","[854239] Electronic integrated circuits; n.e.c. in heading no. 8542","25 263","25 263",""
"","Costa Rica [CR]","[847330] Machinery; parts and accessories (other than covers, carrying cases and the like) of the machines of heading no. 8471","47 131","461","46 670"
"","","[852351] Semiconductor media; solid-state non-volatile storage devices, whether or not recorded, excluding products of Chapter 37","57","57",""
"","","[854231] Electronic integrated circuits; processors and controllers, whether or not combined with memories, converters, logic circuits, amplifiers, clock and timing circuits, or other circuits","181 392","144 600","36 792"
"","","[854233] Electronic integrated circuits; amplifiers","47 945","47 792","153"
"","","[854239] Electronic integrated circuits; n.e.c. in heading no. 8542","1 222 848","1 212 649","10 199"
"","Côte d'Ivoire [CI]","[847330] Machinery; parts and accessories (other than covers, carrying cases and the like) of the machines of heading no. 8471","1 784","1 784",""
"","Croatia [HR]","[852352] Semiconductor media; smart cards,  whether or not recorded, excluding products of Chapter 37","288","","288"
"","","[854239] Electronic integrated circuits; n.e.c. in heading no. 8542","376 085","120 254","255 831"
"","Cyprus [CY]","[854239] Electronic integrated circuits; n.e.c. in heading no. 8542","3 093","3 093",""
"","Czech Republic [CZ]","[847330] Machinery; parts and accessories (other than covers, carrying cases and the like) of the machines of heading no. 8471","6 059 779","2 469 441","3 590 338"
"","","[852351] Semiconductor media; solid-state non-volatile storage devices, whether or not recorded, excluding products of Chapter 37","106 973 813","106 968 331","5 482"
"","","[852352] Semiconductor media; smart cards,  whether or not recorded, excluding products of Chapter 37","392","","392"
"","","[854231] Electronic integrated circuits; processors and controllers, whether or not combined with memories, converters, logic circuits, amplifiers, clock and timing circuits, or other circuits","61 250 965","31 406 284","29 844 681"
"","","[854232] Electronic integrated circuits; memories","23 090 581","23 090 581",""
"","","[854233] Electronic integrated circuits; amplifiers","1 177","","1 177"
"","","[854239] Electronic integrated circuits; n.e.c. in heading no. 8542","19 833 147","3 573 111","16 260 036"
"","","[854290] Parts of electronic integrated circuits","789","789",""
"","Denmark [DK]","[847330] Machinery; parts and accessories (other than covers, carrying cases and the like) of the machines of heading no. 8471","138 095","47 331","90 764"
"","","[852351] Semiconductor media; solid-state non-volatile storage devices, whether or not recorded, excluding products of Chapter 37","5 400","","5 400"
"","","[854231] Electronic integrated circuits; processors and controllers, whether or not combined with memories, converters, logic circuits, amplifiers, clock and timing circuits, or other circuits","1 813 409","1 792 347","21 062"
"","","[854232] Electronic integrated circuits; memories","398","","398"
"","","[854233] Electronic integrated circuits; amplifiers","9 898","","9 898"
"","","[854239] Electronic integrated circuits; n.e.c. in heading no. 8542","15 182 198","949 144","14 233 054"
"","","[854290] Parts of electronic integrated circuits","2 691","","2 691"
"","Dominica [DM]","[854231] Electronic integrated circuits; processors and controllers, whether or not combined with memories, converters, logic circuits, amplifiers, clock and timing circuits, or other circuits","13 801","","13 801"
"","Dominican Republic [DO]","[852352] Semiconductor media; smart cards,  whether or not recorded, excluding products of Chapter 37","294","","294"
"","","[854231] Electronic integrated circuits; processors and controllers, whether or not combined with memories, converters, logic circuits, amplifiers, clock and timing circuits, or other circuits","22 096","22 096",""
"","","[854233] Electronic integrated circuits; amplifiers","449 010","449 010",""
"","","[854239] Electronic integrated circuits; n.e.c. in heading no. 8542","977 835","976 491","1 344"
"","Ecuador [EC]","[847330] Machinery; parts and accessories (other than covers, carrying cases and the like) of the machines of heading no. 8471","4 667","4 667",""
"","Egypt [EG]","[847330] Machinery; parts and accessories (other than covers, carrying cases and the like) of the machines of heading no. 8471","180 615","180 615",""
"","","[852352] Semiconductor media; smart cards,  whether or not recorded, excluding products of Chapter 37","13 314","","13 314"
"","","[854231] Electronic integrated circuits; processors and controllers, whether or not combined with memories, converters, logic circuits, amplifiers, clock and timing circuits, or other circuits","1 689 406","1 689 406",""
"","","[854239] Electronic integrated circuits; n.e.c. in heading no. 8542","66 840","66 840",""
"","El Salvador [SV]","[854239] Electronic integrated circuits; n.e.c. in heading no. 8542","46 505","","46 505"
"","Estonia [EE]","[854231] Electronic integrated circuits; processors and controllers, whether or not combined with memories, converters, logic circuits, amplifiers, clock and timing circuits, or other circuits","352 753","352 753",""
"","","[854239] Electronic integrated circuits; n.e.c. in heading no. 8542","10 323 827","10 312 035","11 792"
"","Ethiopia [ET]","[854231] Electronic integrated circuits; processors and controllers, whether or not combined with memories, converters, logic circuits, amplifiers, clock and timing circuits, or other circuits","119","","119"
"","Eurasian Economic Union [EAEU]","[847330] Machinery; parts and accessories (other than covers, carrying cases and the like) of the machines of heading no. 8471","32 861","32 861",""
"","","[854239] Electronic integrated circuits; n.e.c. in heading no. 8542","2 740 397","","2 740 397"
"","Faroe Islands [FO]","[854231] Electronic integrated circuits; processors and controllers, whether or not combined with memories, converters, logic circuits, amplifiers, clock and timing circuits, or other circuits","810","810",""
"","Finland [FI]","[847330] Machinery; parts and accessories (other than covers, carrying cases and the like) of the machines of heading no. 8471","97 942","97 942",""
"","","[852351] Semiconductor media; solid-state non-volatile storage devices, whether or not recorded, excluding products of Chapter 37","124 202","","124 202"
"","","[852352] Semiconductor media; smart cards,  whether or not recorded, excluding products of Chapter 37","587","","587"
"","","[854231] Electronic integrated circuits; processors and controllers, whether or not combined with memories, converters, logic circuits, amplifiers, clock and timing circuits, or other circuits","143 104","143 104",""
"","","[854233] Electronic integrated circuits; amplifiers","286 908","286 908",""
"","","[854239] Electronic integrated circuits; n.e.c. in heading no. 8542","2 104 991","1 887 336","217 655"
"","Former Yugoslav Republic of Macedonia [MK]","[854231] Electronic integrated circuits; processors and controllers, whether or not combined with memories, converters, logic circuits, amplifiers, clock and timing circuits, or other circuits","5 814 158","5 814 158",""
"","","[854239] Electronic integrated circuits; n.e.c. in heading no. 8542","1 271","855","416"
"","France [FR]","[847330] Machinery; parts and accessories (other than covers, carrying cases and the like) of the machines of heading no. 8471","892 652","242 358","650 294"
"","","[852351] Semiconductor media; solid-state non-volatile storage devices, whether or not recorded, excluding products of Chapter 37","50 431","","50 431"
"","","[852352] Semiconductor media; smart cards,  whether or not recorded, excluding products of Chapter 37","654 338","","654 338"
"","","[854231] Electronic integrated circuits; processors and controllers, whether or not combined with memories, converters, logic circuits, amplifiers, clock and timing circuits, or other circuits","8 677 659","2 151 182","6 526 477"
"","","[854232] Electronic integrated circuits; memories","3 315 394","1 998 931","1 316 463"
"","","[854233] Electronic integrated circuits; amplifiers","132 140","108 971","23 169"
"","","[854239] Electronic integrated circuits; n.e.c. in heading no. 8542","140 217 937","15 109 998","125 107 939"
"","","[854290] Parts of electronic integrated circuits","6 739 646","1 533","6 738 113"
"","Gabon [GA]","[847330] Machinery; parts and accessories (other than covers, carrying cases and the like) of the machines of heading no. 8471","30 892","30 892",""
"","Georgia [GE]","[854239] Electronic integrated circuits; n.e.c. in heading no. 8542","178","","178"
"","Germany [DE]","[847330] Machinery; parts and accessories (other than covers, carrying cases and the like) of the machines of heading no. 8471","6 459 581","6 111 738","347 843"
"","","[852351] Semiconductor media; solid-state non-volatile storage devices, whether or not recorded, excluding products of Chapter 37","26 908 103","26 537 908","370 195"
"","","[852352] Semiconductor media; smart cards,  whether or not recorded, excluding products of Chapter 37","50 160","","50 160"
"","","[854231] Electronic integrated circuits; processors and controllers, whether or not combined with memories, converters, logic circuits, amplifiers, clock and timing circuits, or other circuits","505 097 548","493 308 696","11 788 852"
"","","[854232] Electronic integrated circuits; memories","11 180 746","10 322 354","858 392"
"","","[854233] Electronic integrated circuits; amplifiers","129 485 454","128 485 088","1 000 366"
"","","[854239] Electronic integrated circuits; n.e.c. in heading no. 8542","1 687 218 414","1 236 297 759","450 920 655"
"","","[854290] Parts of electronic integrated circuits","7 334 278","922 051","6 412 227"
"","Greece [GR]","[847330] Machinery; parts and accessories (other than covers, carrying cases and the like) of the machines of heading no. 8471","3 334","2 088","1 246"
"","","[852352] Semiconductor media; smart cards,  whether or not recorded, excluding products of Chapter 37","64 551","","64 551"
"","","[854231] Electronic integrated circuits; processors and controllers, whether or not combined with memories, converters, logic circuits, amplifiers, clock and timing circuits, or other circuits","1 893","","1 893"
"","","[854239] Electronic integrated circuits; n.e.c. in heading no. 8542","5 400","68","5 332"
"","","[854290] Parts of electronic integrated circuits","554","","554"
"","Guam [GU]","[847330] Machinery; parts and accessories (other than covers, carrying cases and the like) of the machines of heading no. 8471","373","","373"
"","Guinea [GN]","[847330] Machinery; parts and accessories (other than covers, carrying cases and the like) of the machines of heading no. 8471","117","117",""
"","Haiti [HT]","[854239] Electronic integrated circuits; n.e.c. in heading no. 8542","794","","794"
"","Honduras [HN]","[854231] Electronic integrated circuits; processors and controllers, whether or not combined with memories, converters, logic circuits, amplifiers, clock and timing circuits, or other circuits","776 221","776 221",""
"","","[854239] Electronic integrated circuits; n.e.c. in heading no. 8542","820 987","820 987",""
"","Hong Kong [HK]","[847330] Machinery; parts and accessories (other than covers, carrying cases and the like) of the machines of heading no. 8471","662 130 775","25 608 268","636 522 507"
"","","[852351] Semiconductor media; solid-state non-volatile storage devices, whether or not recorded, excluding products of Chapter 37","23 232 115","8 852 337","14 379 778"
"","","[852352] Semiconductor media; smart cards,  whether or not recorded, excluding products of Chapter 37","326 070","","326 070"
"","","[854231] Electronic integrated circuits; processors and controllers, whether or not combined with memories, converters, logic circuits, amplifiers, clock and timing circuits, or other circuits","2 309 463 815","2 284 109 947","25 353 868"
"","","[854232] Electronic integrated circuits; memories","1 078 763 737","1 075 228 468","3 535 269"
"","","[854233] Electronic integrated circuits; amplifiers","369 813 992","366 823 314","2 990 678"
"","","[854239] Electronic integrated circuits; n.e.c. in heading no. 8542","4 903 194 884","4 565 510 731","337 684 153"
"","","[854290] Parts of electronic integrated circuits","24 994 491","627 435","24 367 056"
"","Hungary [HU]","[847330] Machinery; parts and accessories (other than covers, carrying cases and the like) of the machines of heading no. 8471","10 838 897","5 243","10 833 654"
"","","[852351] Semiconductor media; solid-state non-volatile storage devices, whether or not recorded, excluding products of Chapter 37","7 807 283","7 806 179","1 104"
"","","[852352] Semiconductor media; smart cards,  whether or not recorded, excluding products of Chapter 37","49","","49"
"","","[854231] Electronic integrated circuits; processors and controllers, whether or not combined with memories, converters, logic circuits, amplifiers, clock and timing circuits, or other circuits","7 095 835","7 070 934","24 901"
"","","[854232] Electronic integrated circuits; memories","305 180","305 180",""
"","","[854233] Electronic integrated circuits; amplifiers","1 235 604","1 190 075","45 529"
"","","[854239] Electronic integrated circuits; n.e.c. in heading no. 8542","20 483 965","19 227 213","1 256 752"
"","","[854290] Parts of electronic integrated circuits","18 070","","18 070"
"","Iceland [IS]","[847330] Machinery; parts and accessories (other than covers, carrying cases and the like) of the machines of heading no. 8471","4 645","","4 645"
"","","[854231] Electronic integrated circuits; processors and controllers, whether or not combined with memories, converters, logic circuits, amplifiers, clock and timing circuits, or other circuits","486","","486"
"","","[854233] Electronic integrated circuits; amplifiers","8 120","8 120",""
"","","[854239] Electronic integrated circuits; n.e.c. in heading no. 8542","860 872","860 872",""
"","India [IN]","[847330] Machinery; parts and accessories (other than covers, carrying cases and the like) of the machines of heading no. 8471","390 834","359 819","31 015"
"","","[852351] Semiconductor media; solid-state non-volatile storage devices, whether or not recorded, excluding products of Chapter 37","2 218 135","2 209 869","8 266"
"","","[852352] Semiconductor media; smart cards,  whether or not recorded, excluding products of Chapter 37","95 510","","95 510"
"","","[854231] Electronic integrated circuits; processors and controllers, whether or not combined with memories, converters, logic circuits, amplifiers, clock and timing circuits, or other circuits","43 070 684","43 009 135","61 549"
"","","[854232] Electronic integrated circuits; memories","3 846 947","3 846 290","657"
"","","[854233] Electronic integrated circuits; amplifiers","4 901 924","4 891 173","10 751"
"","","[854239] Electronic integrated circuits; n.e.c. in heading no. 8542","101 704 489","98 775 576","2 928 913"
"","","[854290] Parts of electronic integrated circuits","15 818","12 262","3 556"
"","Indonesia [ID]","[847330] Machinery; parts and accessories (other than covers, carrying cases and the like) of the machines of heading no. 8471","4 463 527","63 335","4 400 192"
"","","[852351] Semiconductor media; solid-state non-volatile storage devices, whether or not recorded, excluding products of Chapter 37","472 864","472 249","615"
"","","[852352] Semiconductor media; smart cards,  whether or not recorded, excluding products of Chapter 37","1 676 645","","1 676 645"
"","","[854231] Electronic integrated circuits; processors and controllers, whether or not combined with memories, converters, logic circuits, amplifiers, clock and timing circuits, or other circuits","8 264 233","7 762 945","501 288"
"","","[854232] Electronic integrated circuits; memories","54 014","26 892","27 122"
"","","[854239] Electronic integrated circuits; n.e.c. in heading no. 8542","19 550 778","839 253","18 711 525"
"","","[854290] Parts of electronic integrated circuits","5 523","1 934","3 589"
"","Iraq [IQ]","[847330] Machinery; parts and accessories (other than covers, carrying cases and the like) of the machines of heading no. 8471","17 430","17 430",""
"","Ireland [IE]","[847330] Machinery; parts and accessories (other than covers, carrying cases and the like) of the machines of heading no. 8471","6 287 090","3 415 858","2 871 232"
"","","[852351] Semiconductor media; solid-state non-volatile storage devices, whether or not recorded, excluding products of Chapter 37","20 522 439","20 475 595","46 844"
"","","[852352] Semiconductor media; smart cards,  whether or not recorded, excluding products of Chapter 37","27 563","","27 563"
"","","[854231] Electronic integrated circuits; processors and controllers, whether or not combined with memories, converters, logic circuits, amplifiers, clock and timing circuits, or other circuits","934 867","742 639","192 228"
"","","[854232] Electronic integrated circuits; memories","193 861 834","193 861 720","114"
"","","[854233] Electronic integrated circuits; amplifiers","48 593","21 184","27 409"
"","","[854239] Electronic integrated circuits; n.e.c. in heading no. 8542","32 958 932","3 060 472","29 898 460"
"","","[854290] Parts of electronic integrated circuits","402 866","26 252","376 614"
"","Israel [IL]","[847330] Machinery; parts and accessories (other than covers, carrying cases and the like) of the machines of heading no. 8471","996 784","326 274","670 510"
"","","[852351] Semiconductor media; solid-state non-volatile storage devices, whether or not recorded, excluding products of Chapter 37","47 054","","47 054"
"","","[852352] Semiconductor media; smart cards,  whether or not recorded, excluding products of Chapter 37","289 527","","289 527"
"","","[854231] Electronic integrated circuits; processors and controllers, whether or not combined with memories, converters, logic circuits, amplifiers, clock and timing circuits, or other circuits","14 914 740","11 701 926","3 212 814"
"","","[854232] Electronic integrated circuits; memories","372 236","120 161","252 075"
"","","[854233] Electronic integrated circuits; amplifiers","17 041 224","16 982 321","58 903"
"","","[854239] Electronic integrated circuits; n.e.c. in heading no. 8542","147 402 042","86 734 731","60 667 311"
"","","[854290] Parts of electronic integrated circuits","713 467","73","713 394"
"","Italy [IT]","[847330] Machinery; parts and accessories (other than covers, carrying cases and the like) of the machines of heading no. 8471","212 948","34 978","177 970"
"","","[852351] Semiconductor media; solid-state non-volatile storage devices, whether or not recorded, excluding products of Chapter 37","12 261","","12 261"
"","","[852352] Semiconductor media; smart cards,  whether or not recorded, excluding products of Chapter 37","91 486","","91 486"
"","","[854231] Electronic integrated circuits; processors and controllers, whether or not combined with memories, converters, logic circuits, amplifiers, clock and timing circuits, or other circuits","49 366 170","1 239 464","48 126 706"
"","","[854232] Electronic integrated circuits; memories","22 356 933","","22 356 933"
"","","[854233] Electronic integrated circuits; amplifiers","55 627","23 603","32 024"
"","","[854239] Electronic integrated circuits; n.e.c. in heading no. 8542","115 029 664","1 611 705","113 417 959"
"","","[854290] Parts of electronic integrated circuits","5 953 591","37 088","5 916 503"
"","Jamaica [JM]","[854231] Electronic integrated circuits; processors and controllers, whether or not combined with memories, converters, logic circuits, amplifiers, clock and timing circuits, or other circuits","61 335","61 335",""
"","","[854239] Electronic integrated circuits; n.e.c. in heading no. 8542","1 055","","1 055"
"","Japan [JP]","[847330] Machinery; parts and accessories (other than covers, carrying cases and the like) of the machines of heading no. 8471","411 755 469","25 790 438","385 965 031"
"","","[852351] Semiconductor media; solid-state non-volatile storage devices, whether or not recorded, excluding products of Chapter 37","7 646 006","5 508 013","2 137 993"
"","","[852352] Semiconductor media; smart cards,  whether or not recorded, excluding products of Chapter 37","383 253","222","383 031"
"","","[854231] Electronic integrated circuits; processors and controllers, whether or not combined with memories, converters, logic circuits, amplifiers, clock and timing circuits, or other circuits","527 211 437","408 538 717","118 672 720"
"","","[854232] Electronic integrated circuits; memories","464 676 144","34 839 109","429 837 035"
"","","[854233] Electronic integrated circuits; amplifiers","96 566 471","92 359 498","4 206 973"
"","","[854239] Electronic integrated circuits; n.e.c. in heading no. 8542","1 828 137 012","952 356 573","875 780 439"
"","","[854290] Parts of electronic integrated circuits","67 025 843","1 561 293","65 464 550"
"","Jordan [JO]","[847330] Machinery; parts and accessories (other than covers, carrying cases and the like) of the machines of heading no. 8471","24 574","24 574",""
"","","[854239] Electronic integrated circuits; n.e.c. in heading no. 8542","11 926","","11 926"
"","Kazakhstan [KZ]","[847330] Machinery; parts and accessories (other than covers, carrying cases and the like) of the machines of heading no. 8471","1 262","1 262",""
"","Kenya [KE]","[847330] Machinery; parts and accessories (other than covers, carrying cases and the like) of the machines of heading no. 8471","24 179","24 149","30"
"","Korea, Republic of [KR]","[847330] Machinery; parts and accessories (other than covers, carrying cases and the like) of the machines of heading no. 8471","44 241 613","28 915 311","15 326 302"
"","","[852351] Semiconductor media; solid-state non-volatile storage devices, whether or not recorded, excluding products of Chapter 37","1 678 206","1 067 062","611 144"
"","","[852352] Semiconductor media; smart cards,  whether or not recorded, excluding products of Chapter 37","339 029","","339 029"
"","","[854231] Electronic integrated circuits; processors and controllers, whether or not combined with memories, converters, logic circuits, amplifiers, clock and timing circuits, or other circuits","521 071 987","346 534 191","174 537 796"
"","","[854232] Electronic integrated circuits; memories","71 879 660","60 781 929","11 097 731"
"","","[854233] Electronic integrated circuits; amplifiers","25 241 298","24 957 740","283 558"
"","","[854239] Electronic integrated circuits; n.e.c. in heading no. 8542","2 983 540 438","483 912 392","2 499 628 046"
"","","[854290] Parts of electronic integrated circuits","749 137 180","457 821","748 679 359"
"","Kuwait [KW]","[847330] Machinery; parts and accessories (other than covers, carrying cases and the like) of the machines of heading no. 8471","215","215",""
"","Latvia [LV]","[847330] Machinery; parts and accessories (other than covers, carrying cases and the like) of the machines of heading no. 8471","88","88",""
"","","[854232] Electronic integrated circuits; memories","8 122","8 122",""
"","","[854239] Electronic integrated circuits; n.e.c. in heading no. 8542","7 521","","7 521"
"","Liberia [LR]","[847330] Machinery; parts and accessories (other than covers, carrying cases and the like) of the machines of heading no. 8471","17 633","17 633",""
"","","[854232] Electronic integrated circuits; memories","36","","36"
"","Liechtenstein [LI]","[854239] Electronic integrated circuits; n.e.c. in heading no. 8542","175","","175"
"","Lithuania [LT]","[847330] Machinery; parts and accessories (other than covers, carrying cases and the like) of the machines of heading no. 8471","52 557","","52 557"
"","","[854231] Electronic integrated circuits; processors and controllers, whether or not combined with memories, converters, logic circuits, amplifiers, clock and timing circuits, or other circuits","334 725","334 725",""
"","","[854239] Electronic integrated circuits; n.e.c. in heading no. 8542","615 949","396 624","219 325"
"","Luxembourg [LU]","[852351] Semiconductor media; solid-state non-volatile storage devices, whether or not recorded, excluding products of Chapter 37","828","","828"
"","","[852352] Semiconductor media; smart cards,  whether or not recorded, excluding products of Chapter 37","3 817","","3 817"
"","","[854231] Electronic integrated circuits; processors and controllers, whether or not combined with memories, converters, logic circuits, amplifiers, clock and timing circuits, or other circuits","275 103","273 707","1 396"
"","","[854290] Parts of electronic integrated circuits","972","","972"
"","Macao [MO]","[847330] Machinery; parts and accessories (other than covers, carrying cases and the like) of the machines of heading no. 8471","71 649","","71 649"
"","","[852351] Semiconductor media; solid-state non-volatile storage devices, whether or not recorded, excluding products of Chapter 37","2 110","","2 110"
"","","[852352] Semiconductor media; smart cards,  whether or not recorded, excluding products of Chapter 37","10 936","","10 936"
"","","[854231] Electronic integrated circuits; processors and controllers, whether or not combined with memories, converters, logic circuits, amplifiers, clock and timing circuits, or other circuits","2 715 894","2 712 758","3 136"
"","","[854233] Electronic integrated circuits; amplifiers","5 327 871","5 327 871",""
"","","[854239] Electronic integrated circuits; n.e.c. in heading no. 8542","13 521 908","13 498 772","23 136"
"","Malawi [MW]","[854231] Electronic integrated circuits; processors and controllers, whether or not combined with memories, converters, logic circuits, amplifiers, clock and timing circuits, or other circuits","3 216","3 216",""
"","","[854239] Electronic integrated circuits; n.e.c. in heading no. 8542","143 154","143 154",""
"","Malaysia [MY]","[847330] Machinery; parts and accessories (other than covers, carrying cases and the like) of the machines of heading no. 8471","29 927 768","16 562 832","13 364 936"
"","","[852351] Semiconductor media; solid-state non-volatile storage devices, whether or not recorded, excluding products of Chapter 37","12 542 249","10 223 081","2 319 168"
"","","[852352] Semiconductor media; smart cards,  whether or not recorded, excluding products of Chapter 37","549 649","","549 649"
"","","[854231] Electronic integrated circuits; processors and controllers, whether or not combined with memories, converters, logic circuits, amplifiers, clock and timing circuits, or other circuits","468 246 655","396 261 547","71 985 108"
"","","[854232] Electronic integrated circuits; memories","21 927 577","20 046 520","1 881 057"
"","","[854233] Electronic integrated circuits; amplifiers","85 078 929","83 440 226","1 638 703"
"","","[854239] Electronic integrated circuits; n.e.c. in heading no. 8542","1 458 305 149","861 126 240","597 178 909"
"","","[854290] Parts of electronic integrated circuits","237 842 310","7 095 227","230 747 083"
"","Maldives [MV]","[847330] Machinery; parts and accessories (other than covers, carrying cases and the like) of the machines of heading no. 8471","731","731",""
"","","[854239] Electronic integrated circuits; n.e.c. in heading no. 8542","2 828","","2 828"
"","Malta [MT]","[847330] Machinery; parts and accessories (other than covers, carrying cases and the like) of the machines of heading no. 8471","3 639","3 025","614"
"","","[852351] Semiconductor media; solid-state non-volatile storage devices, whether or not recorded, excluding products of Chapter 37","48","","48"
"","","[854231] Electronic integrated circuits; processors and controllers, whether or not combined with memories, converters, logic circuits, amplifiers, clock and timing circuits, or other circuits","20 941 589","20 933 743","7 846"
"","","[854239] Electronic integrated circuits; n.e.c. in heading no. 8542","15 903 259","15 392 001","511 258"
"","Mexico [MX]","[847330] Machinery; parts and accessories (other than covers, carrying cases and the like) of the machines of heading no. 8471","9 640 639","8 886 737","753 902"
"","","[852351] Semiconductor media; solid-state non-volatile storage devices, whether or not recorded, excluding products of Chapter 37","124 477","","124 477"
"","","[852352] Semiconductor media; smart cards,  whether or not recorded, excluding products of Chapter 37","706 200","","706 200"
"","","[854231] Electronic integrated circuits; processors and controllers, whether or not combined with memories, converters, logic circuits, amplifiers, clock and timing circuits, or other circuits","239 552 119","239 388 812","163 307"
"","","[854232] Electronic integrated circuits; memories","22 238 551","22 197 370","41 181"
"","","[854233] Electronic integrated circuits; amplifiers","19 265 463","19 151 575","113 888"
"","","[854239] Electronic integrated circuits; n.e.c. in heading no. 8542","284 961 230","277 090 717","7 870 513"
"","","[854290] Parts of electronic integrated circuits","1 515 303","4 274","1 511 029"
"","Morocco [MA]","[847330] Machinery; parts and accessories (other than covers, carrying cases and the like) of the machines of heading no. 8471","17 722","17 722",""
"","","[854231] Electronic integrated circuits; processors and controllers, whether or not combined with memories, converters, logic circuits, amplifiers, clock and timing circuits, or other circuits","2 529 759","2 373 616","156 143"
"","","[854232] Electronic integrated circuits; memories","5 378","3 088","2 290"
"","","[854233] Electronic integrated circuits; amplifiers","50 397","47 481","2 916"
"","","[854239] Electronic integrated circuits; n.e.c. in heading no. 8542","2 540 320","2 455 108","85 212"
"","","[854290] Parts of electronic integrated circuits","61 006","20 421","40 585"
"","Myanmar [MM]","[847330] Machinery; parts and accessories (other than covers, carrying cases and the like) of the machines of heading no. 8471","852 768","","852 768"
"","","[854231] Electronic integrated circuits; processors and controllers, whether or not combined with memories, converters, logic circuits, amplifiers, clock and timing circuits, or other circuits","2 934","2 934",""
"","","[854233] Electronic integrated circuits; amplifiers","3 625","3 625",""
"","","[854239] Electronic integrated circuits; n.e.c. in heading no. 8542","14 435","14 256","179"
"","","[854290] Parts of electronic integrated circuits","41 139","","41 139"
"","Netherlands [NL]","[847330] Machinery; parts and accessories (other than covers, carrying cases and the like) of the machines of heading no. 8471","3 226 068","3 161 104","64 964"
"","","[852351] Semiconductor media; solid-state non-volatile storage devices, whether or not recorded, excluding products of Chapter 37","17 868","15 214","2 654"
"","","[852352] Semiconductor media; smart cards,  whether or not recorded, excluding products of Chapter 37","19 911","","19 911"
"","","[854231] Electronic integrated circuits; processors and controllers, whether or not combined with memories, converters, logic circuits, amplifiers, clock and timing circuits, or other circuits","322 523 785","322 079 782","444 003"
"","","[854232] Electronic integrated circuits; memories","164 718 136","164 674 879","43 257"
"","","[854233] Electronic integrated circuits; amplifiers","93 227 038","92 973 972","253 066"
"","","[854239] Electronic integrated circuits; n.e.c. in heading no. 8542","1 047 860 124","1 015 018 971","32 841 153"
"","","[854290] Parts of electronic integrated circuits","943 989","740 534","203 455"
"","Netherlands Antilles [AN]","[854231] Electronic integrated circuits; processors and controllers, whether or not combined with memories, converters, logic circuits, amplifiers, clock and timing circuits, or other circuits","26 046","26 046",""
"","New Zealand [NZ]","[847330] Machinery; parts and accessories (other than covers, carrying cases and the like) of the machines of heading no. 8471","1 663 391","1 650 961","12 430"
"","","[852351] Semiconductor media; solid-state non-volatile storage devices, whether or not recorded, excluding products of Chapter 37","2 860","2 860",""
"","","[852352] Semiconductor media; smart cards,  whether or not recorded, excluding products of Chapter 37","2 770","","2 770"
"","","[854231] Electronic integrated circuits; processors and controllers, whether or not combined with memories, converters, logic circuits, amplifiers, clock and timing circuits, or other circuits","1 109 698","1 108 276","1 422"
"","","[854232] Electronic integrated circuits; memories","300 684","300 684",""
"","","[854233] Electronic integrated circuits; amplifiers","2 616","2 616",""
"","","[854239] Electronic integrated circuits; n.e.c. in heading no. 8542","3 195 103","3 005 994","189 109"
"","","[854290] Parts of electronic integrated circuits","28 634","","28 634"
"","Nigeria [NG]","[847330] Machinery; parts and accessories (other than covers, carrying cases and the like) of the machines of heading no. 8471","46 931","46 931",""
"","Norway [NO]","[847330] Machinery; parts and accessories (other than covers, carrying cases and the like) of the machines of heading no. 8471","7 510","7 295","215"
"","","[852351] Semiconductor media; solid-state non-volatile storage devices, whether or not recorded, excluding products of Chapter 37","28 372","","28 372"
"","","[854231] Electronic integrated circuits; processors and controllers, whether or not combined with memories, converters, logic circuits, amplifiers, clock and timing circuits, or other circuits","31 916","31 637","279"
"","","[854233] Electronic integrated circuits; amplifiers","248 228","248 228",""
"","","[854239] Electronic integrated circuits; n.e.c. in heading no. 8542","33 006 301","32 992 285","14 016"
"","Oman [OM]","[847330] Machinery; parts and accessories (other than covers, carrying cases and the like) of the machines of heading no. 8471","5 204","5 204",""
"","Pakistan [PK]","[847330] Machinery; parts and accessories (other than covers, carrying cases and the like) of the machines of heading no. 8471","703","703",""
"","","[854233] Electronic integrated circuits; amplifiers","2 716","2 716",""
"","","[854239] Electronic integrated circuits; n.e.c. in heading no. 8542","6 121","697","5 424"
"","Panama [PA]","[847330] Machinery; parts and accessories (other than covers, carrying cases and the like) of the machines of heading no. 8471","23 547","23 312","235"
"","Papua New Guinea [PG]","[854290] Parts of electronic integrated circuits","747","","747"
"","Peru [PE]","[847330] Machinery; parts and accessories (other than covers, carrying cases and the like) of the machines of heading no. 8471","5 918","5 918",""
"","","[854239] Electronic integrated circuits; n.e.c. in heading no. 8542","3 640","3 640",""
"","Poland [PL]","[847330] Machinery; parts and accessories (other than covers, carrying cases and the like) of the machines of heading no. 8471","9 722 758","9 717 708","5 050"
"","","[852351] Semiconductor media; solid-state non-volatile storage devices, whether or not recorded, excluding products of Chapter 37","43 288 375","43 288 259","116"
"","","[852352] Semiconductor media; smart cards,  whether or not recorded, excluding products of Chapter 37","1 765","","1 765"
"","","[854231] Electronic integrated circuits; processors and controllers, whether or not combined with memories, converters, logic circuits, amplifiers, clock and timing circuits, or other circuits","3 139 520","3 138 563","957"
"","","[854232] Electronic integrated circuits; memories","3 096 552","3 096 552",""
"","","[854233] Electronic integrated circuits; amplifiers","649 918","649 918",""
"","","[854239] Electronic integrated circuits; n.e.c. in heading no. 8542","19 691 536","19 454 464","237 072"
"","","[854290] Parts of electronic integrated circuits","499 497","","499 497"
"","Portugal [PT]","[847330] Machinery; parts and accessories (other than covers, carrying cases and the like) of the machines of heading no. 8471","17 505","15 982","1 523"
"","","[854231] Electronic integrated circuits; processors and controllers, whether or not combined with memories, converters, logic circuits, amplifiers, clock and timing circuits, or other circuits","747 654","747 494","160"
"","","[854233] Electronic integrated circuits; amplifiers","771","771",""
"","","[854239] Electronic integrated circuits; n.e.c. in heading no. 8542","9 796 454","6 681 516","3 114 938"
"","","[854290] Parts of electronic integrated circuits","4 221","","4 221"
"","Puerto Rico [PR]","[847330] Machinery; parts and accessories (other than covers, carrying cases and the like) of the machines of heading no. 8471","6 732","3 839","2 893"
"","","[852351] Semiconductor media; solid-state non-volatile storage devices, whether or not recorded, excluding products of Chapter 37","193","","193"
"","","[854231] Electronic integrated circuits; processors and controllers, whether or not combined with memories, converters, logic circuits, amplifiers, clock and timing circuits, or other circuits","508 224","507 661","563"
"","","[854232] Electronic integrated circuits; memories","8 861","8 825","36"
"","","[854239] Electronic integrated circuits; n.e.c. in heading no. 8542","8 797","8 797",""
"","Qatar [QA]","[847330] Machinery; parts and accessories (other than covers, carrying cases and the like) of the machines of heading no. 8471","467","467",""
"","","[854231] Electronic integrated circuits; processors and controllers, whether or not combined with memories, converters, logic circuits, amplifiers, clock and timing circuits, or other circuits","53 928","53 928",""
"","","[854239] Electronic integrated circuits; n.e.c. in heading no. 8542","16 080","","16 080"
"","Romania [RO]","[847330] Machinery; parts and accessories (other than covers, carrying cases and the like) of the machines of heading no. 8471","87 752","71 913","15 839"
"","","[852351] Semiconductor media; solid-state non-volatile storage devices, whether or not recorded, excluding products of Chapter 37","56","","56"
"","","[854231] Electronic integrated circuits; processors and controllers, whether or not combined with memories, converters, logic circuits, amplifiers, clock and timing circuits, or other circuits","10 317 111","10 300 993","16 118"
"","","[854232] Electronic integrated circuits; memories","4 283","3 260","1 023"
"","","[854233] Electronic integrated circuits; amplifiers","3 276 689","3 276 689",""
"","","[854239] Electronic integrated circuits; n.e.c. in heading no. 8542","30 827 994","30 683 050","144 944"
"","","[854290] Parts of electronic integrated circuits","49 394","","49 394"
"","Russian Federation [RU]","[847330] Machinery; parts and accessories (other than covers, carrying cases and the like) of the machines of heading no. 8471","30 909","30 909",""
"","","[854239] Electronic integrated circuits; n.e.c. in heading no. 8542","2 740 397","","2 740 397"
"","Saint Lucia [LC]","[854231] Electronic integrated circuits; processors and controllers, whether or not combined with memories, converters, logic circuits, amplifiers, clock and timing circuits, or other circuits","666","","666"
"","Saudi Arabia [SA]","[847330] Machinery; parts and accessories (other than covers, carrying cases and the like) of the machines of heading no. 8471","426 901","426 418","483"
"","","[852351] Semiconductor media; solid-state non-volatile storage devices, whether or not recorded, excluding products of Chapter 37","44","","44"
"","","[854239] Electronic integrated circuits; n.e.c. in heading no. 8542","1 421","","1 421"
"","Senegal [SN]","[847330] Machinery; parts and accessories (other than covers, carrying cases and the like) of the machines of heading no. 8471","6 518","6 518",""
"","","[854231] Electronic integrated circuits; processors and controllers, whether or not combined with memories, converters, logic circuits, amplifiers, clock and timing circuits, or other circuits","411","411",""
"","SERBIA [RS]","[847330] Machinery; parts and accessories (other than covers, carrying cases and the like) of the machines of heading no. 8471","21 433","18 900","2 533"
"","","[854231] Electronic integrated circuits; processors and controllers, whether or not combined with memories, converters, logic circuits, amplifiers, clock and timing circuits, or other circuits","3 769 548","3 769 548",""
"","","[854233] Electronic integrated circuits; amplifiers","595","","595"
"","","[854239] Electronic integrated circuits; n.e.c. in heading no. 8542","1 760 329","1 697 488","62 841"
"","Seychelles [SC]","[854239] Electronic integrated circuits; n.e.c. in heading no. 8542","4 583","","4 583"
"","Sierra Leone [SL]","[854239] Electronic integrated circuits; n.e.c. in heading no. 8542","1 121","","1 121"
"","Singapore [SG]","[847330] Machinery; parts and accessories (other than covers, carrying cases and the like) of the machines of heading no. 8471","43 586 080","28 502 349","15 083 731"
"","","[852351] Semiconductor media; solid-state non-volatile storage devices, whether or not recorded, excluding products of Chapter 37","99 028 263","97 852 542","1 175 721"
"","","[852352] Semiconductor media; smart cards,  whether or not recorded, excluding products of Chapter 37","148 068","","148 068"
"","","[854231] Electronic integrated circuits; processors and controllers, whether or not combined with memories, converters, logic circuits, amplifiers, clock and timing circuits, or other circuits","882 104 853","769 603 905","112 500 948"
"","","[854232] Electronic integrated circuits; memories","116 216 648","101 300 661","14 915 987"
"","","[854233] Electronic integrated circuits; amplifiers","38 213 636","36 907 595","1 306 041"
"","","[854239] Electronic integrated circuits; n.e.c. in heading no. 8542","2 494 629 575","1 504 576 317","990 053 258"
"","","[854290] Parts of electronic integrated circuits","53 912 937","6 920 872","46 992 065"
"","Slovakia [SK]","[847330] Machinery; parts and accessories (other than covers, carrying cases and the like) of the machines of heading no. 8471","2 961","","2 961"
"","","[852351] Semiconductor media; solid-state non-volatile storage devices, whether or not recorded, excluding products of Chapter 37","475","","475"
"","","[854231] Electronic integrated circuits; processors and controllers, whether or not combined with memories, converters, logic circuits, amplifiers, clock and timing circuits, or other circuits","2 874 526","2 839 118","35 408"
"","","[854232] Electronic integrated circuits; memories","9 460 824","9 460 824",""
"","","[854233] Electronic integrated circuits; amplifiers","514","514",""
"","","[854239] Electronic integrated circuits; n.e.c. in heading no. 8542","2 947 738","2 681 520","266 218"
"","Slovenia [SI]","[847330] Machinery; parts and accessories (other than covers, carrying cases and the like) of the machines of heading no. 8471","34 960","","34 960"
"","","[852351] Semiconductor media; solid-state non-volatile storage devices, whether or not recorded, excluding products of Chapter 37","5 736","","5 736"
"","","[854231] Electronic integrated circuits; processors and controllers, whether or not combined with memories, converters, logic circuits, amplifiers, clock and timing circuits, or other circuits","60 968","60 968",""
"","","[854239] Electronic integrated circuits; n.e.c. in heading no. 8542","200 768","148 286","52 482"
"","South Africa [ZA]","[847330] Machinery; parts and accessories (other than covers, carrying cases and the like) of the machines of heading no. 8471","341 143","341 143",""
"","","[852352] Semiconductor media; smart cards,  whether or not recorded, excluding products of Chapter 37","3 305","","3 305"
"","","[854231] Electronic integrated circuits; processors and controllers, whether or not combined with memories, converters, logic circuits, amplifiers, clock and timing circuits, or other circuits","2 132 284","2 101 801","30 483"
"","","[854232] Electronic integrated circuits; memories","368 431","368 431",""
"","","[854233] Electronic integrated circuits; amplifiers","206 872","206 872",""
"","","[854239] Electronic integrated circuits; n.e.c. in heading no. 8542","4 117 190","4 068 376","48 814"
"","Spain [ES]","[847330] Machinery; parts and accessories (other than covers, carrying cases and the like) of the machines of heading no. 8471","55 110","6 490","48 620"
"","","[852351] Semiconductor media; solid-state non-volatile storage devices, whether or not recorded, excluding products of Chapter 37","542","","542"
"","","[852352] Semiconductor media; smart cards,  whether or not recorded, excluding products of Chapter 37","16 477","","16 477"
"","","[854231] Electronic integrated circuits; processors and controllers, whether or not combined with memories, converters, logic circuits, amplifiers, clock and timing circuits, or other circuits","3 769 808","3 592 905","176 903"
"","","[854232] Electronic integrated circuits; memories","9 848","","9 848"
"","","[854233] Electronic integrated circuits; amplifiers","7 133","6 991","142"
"","","[854239] Electronic integrated circuits; n.e.c. in heading no. 8542","2 667 848","1 063 018","1 604 830"
"","","[854290] Parts of electronic integrated circuits","5 284","","5 284"
"","Sri Lanka [LK]","[847330] Machinery; parts and accessories (other than covers, carrying cases and the like) of the machines of heading no. 8471","16 138","14 757","1 381"
"","","[854231] Electronic integrated circuits; processors and controllers, whether or not combined with memories, converters, logic circuits, amplifiers, clock and timing circuits, or other circuits","95 258","95 258",""
"","","[854233] Electronic integrated circuits; amplifiers","49 892","49 892",""
"","","[854239] Electronic integrated circuits; n.e.c. in heading no. 8542","349 435","285 200","64 235"
"","Sudan [SD]","[847330] Machinery; parts and accessories (other than covers, carrying cases and the like) of the machines of heading no. 8471","36 226","","36 226"
"","Swaziland [SZ]","[854231] Electronic integrated circuits; processors and controllers, whether or not combined with memories, converters, logic circuits, amplifiers, clock and timing circuits, or other circuits","42","42",""
"","Sweden [SE]","[847330] Machinery; parts and accessories (other than covers, carrying cases and the like) of the machines of heading no. 8471","15 671","","15 671"
"","","[852351] Semiconductor media; solid-state non-volatile storage devices, whether or not recorded, excluding products of Chapter 37","10 193","","10 193"
"","","[852352] Semiconductor media; smart cards,  whether or not recorded, excluding products of Chapter 37","133","","133"
"","","[854231] Electronic integrated circuits; processors and controllers, whether or not combined with memories, converters, logic circuits, amplifiers, clock and timing circuits, or other circuits","1 592 513","1 521 419","71 094"
"","","[854232] Electronic integrated circuits; memories","816 986","816 986",""
"","","[854233] Electronic integrated circuits; amplifiers","354","","354"
"","","[854239] Electronic integrated circuits; n.e.c. in heading no. 8542","1 374 549","990 556","383 993"
"","","[854290] Parts of electronic integrated circuits","148 829","144 901","3 928"
"","Switzerland [CH]","[847330] Machinery; parts and accessories (other than covers, carrying cases and the like) of the machines of heading no. 8471","528 455","67 997","460 458"
"","","[852351] Semiconductor media; solid-state non-volatile storage devices, whether or not recorded, excluding products of Chapter 37","44 206","132","44 074"
"","","[852352] Semiconductor media; smart cards,  whether or not recorded, excluding products of Chapter 37","15 954","","15 954"
"","","[854231] Electronic integrated circuits; processors and controllers, whether or not combined with memories, converters, logic circuits, amplifiers, clock and timing circuits, or other circuits","10 082 787","7 905 387","2 177 400"
"","","[854232] Electronic integrated circuits; memories","5 017","","5 017"
"","","[854233] Electronic integrated circuits; amplifiers","1 212 553","1 209 157","3 396"
"","","[854239] Electronic integrated circuits; n.e.c. in heading no. 8542","13 224 518","7 833 965","5 390 553"
"","","[854290] Parts of electronic integrated circuits","1 045 399","118 234","927 165"
"","Taiwan [TW]","[847330] Machinery; parts and accessories (other than covers, carrying cases and the like) of the machines of heading no. 8471","48 580 116","20 873 229","27 706 887"
"","","[852351] Semiconductor media; solid-state non-volatile storage devices, whether or not recorded, excluding products of Chapter 37","26 695 288","21 512 919","5 182 369"
"","","[852352] Semiconductor media; smart cards,  whether or not recorded, excluding products of Chapter 37","900 379","","900 379"
"","","[854231] Electronic integrated circuits; processors and controllers, whether or not combined with memories, converters, logic circuits, amplifiers, clock and timing circuits, or other circuits","1 000 562 862","738 823 073","261 739 789"
"","","[854232] Electronic integrated circuits; memories","132 540 432","71 330 656","61 209 776"
"","","[854233] Electronic integrated circuits; amplifiers","71 219 687","69 738 220","1 481 467"
"","","[854239] Electronic integrated circuits; n.e.c. in heading no. 8542","3 379 205 205","1 270 275 882","2 108 929 323"
"","","[854290] Parts of electronic integrated circuits","67 045 412","1 057 936","65 987 476"
"","Thailand [TH]","[847330] Machinery; parts and accessories (other than covers, carrying cases and the like) of the machines of heading no. 8471","1 072 848 038","956 663 750","116 184 288"
"","","[852351] Semiconductor media; solid-state non-volatile storage devices, whether or not recorded, excluding products of Chapter 37","634 781","2 326","632 455"
"","","[852352] Semiconductor media; smart cards,  whether or not recorded, excluding products of Chapter 37","4 080 600","6 730","4 073 870"
"","","[854231] Electronic integrated circuits; processors and controllers, whether or not combined with memories, converters, logic circuits, amplifiers, clock and timing circuits, or other circuits","464 344 573","426 721 412","37 623 161"
"","","[854232] Electronic integrated circuits; memories","4 217 841","3 634 202","583 639"
"","","[854233] Electronic integrated circuits; amplifiers","11 929 316","11 570 756","358 560"
"","","[854239] Electronic integrated circuits; n.e.c. in heading no. 8542","855 555 481","400 261 601","455 293 880"
"","","[854290] Parts of electronic integrated circuits","26 329 005","5 985 879","20 343 126"
"","Togo [TG]","[847330] Machinery; parts and accessories (other than covers, carrying cases and the like) of the machines of heading no. 8471","1 256","1 256",""
"","Tunisia [TN]","[854231] Electronic integrated circuits; processors and controllers, whether or not combined with memories, converters, logic circuits, amplifiers, clock and timing circuits, or other circuits","2 262 255","2 262 255",""
"","","[854233] Electronic integrated circuits; amplifiers","418 149","418 149",""
"","","[854239] Electronic integrated circuits; n.e.c. in heading no. 8542","3 009 131","2 977 283","31 848"
"","Turkey [TR]","[847330] Machinery; parts and accessories (other than covers, carrying cases and the like) of the machines of heading no. 8471","84 279","83 625","654"
"","","[854231] Electronic integrated circuits; processors and controllers, whether or not combined with memories, converters, logic circuits, amplifiers, clock and timing circuits, or other circuits","61 257","60 345","912"
"","","[854232] Electronic integrated circuits; memories","1 781 546","1 781 546",""
"","","[854233] Electronic integrated circuits; amplifiers","2 331 111","2 331 111",""
"","","[854239] Electronic integrated circuits; n.e.c. in heading no. 8542","11 164 352","10 867 684","296 668"
"","","[854290] Parts of electronic integrated circuits","518","","518"
"","Turks and Caicos Islands [TC]","[854239] Electronic integrated circuits; n.e.c. in heading no. 8542","19 923","","19 923"
"","Uganda [UG]","[847330] Machinery; parts and accessories (other than covers, carrying cases and the like) of the machines of heading no. 8471","2 488","2 488",""
"","Ukraine [UA]","[847330] Machinery; parts and accessories (other than covers, carrying cases and the like) of the machines of heading no. 8471","17 501","17 501",""
"","","[854231] Electronic integrated circuits; processors and controllers, whether or not combined with memories, converters, logic circuits, amplifiers, clock and timing circuits, or other circuits","24 407","24 407",""
"","","[854232] Electronic integrated circuits; memories","19 538","19 538",""
"","","[854233] Electronic integrated circuits; amplifiers","196 317","196 317",""
"","","[854239] Electronic integrated circuits; n.e.c. in heading no. 8542","2 924 094","2 920 998","3 096"
"","United Arab Emirates [AE]","[847330] Machinery; parts and accessories (other than covers, carrying cases and the like) of the machines of heading no. 8471","101 289","63 035","38 254"
"","","[852351] Semiconductor media; solid-state non-volatile storage devices, whether or not recorded, excluding products of Chapter 37","771","","771"
"","","[852352] Semiconductor media; smart cards,  whether or not recorded, excluding products of Chapter 37","278","","278"
"","","[854231] Electronic integrated circuits; processors and controllers, whether or not combined with memories, converters, logic circuits, amplifiers, clock and timing circuits, or other circuits","721 207","75 928","645 279"
"","","[854232] Electronic integrated circuits; memories","2 150 560","2 147 956","2 604"
"","","[854233] Electronic integrated circuits; amplifiers","198","198",""
"","","[854239] Electronic integrated circuits; n.e.c. in heading no. 8542","498 286","22 648","475 638"
"","United Kingdom [GB]","[847330] Machinery; parts and accessories (other than covers, carrying cases and the like) of the machines of heading no. 8471","1 455 014","1 240 124","214 890"
"","","[852351] Semiconductor media; solid-state non-volatile storage devices, whether or not recorded, excluding products of Chapter 37","237 297","","237 297"
"","","[852352] Semiconductor media; smart cards,  whether or not recorded, excluding products of Chapter 37","63 778","","63 778"
"","","[854231] Electronic integrated circuits; processors and controllers, whether or not combined with memories, converters, logic circuits, amplifiers, clock and timing circuits, or other circuits","5 825 149","4 976 265","848 884"
"","","[854232] Electronic integrated circuits; memories","8 826 745","8 783 904","42 841"
"","","[854233] Electronic integrated circuits; amplifiers","7 764 614","7 732 674","31 940"
"","","[854239] Electronic integrated circuits; n.e.c. in heading no. 8542","91 495 342","58 313 475","33 181 867"
"","","[854290] Parts of electronic integrated circuits","901 591","374 125","527 466"
"","United States  Minor Outlying islands [UM]","[854231] Electronic integrated circuits; processors and controllers, whether or not combined with memories, converters, logic circuits, amplifiers, clock and timing circuits, or other circuits","17 160","17 160",""
"","","[854239] Electronic integrated circuits; n.e.c. in heading no. 8542","28 800","28 800",""
"","United states [US]","[847330] Machinery; parts and accessories (other than covers, carrying cases and the like) of the machines of heading no. 8471","198 001 885","178 321 125","19 680 760"
"","","[852351] Semiconductor media; solid-state non-volatile storage devices, whether or not recorded, excluding products of Chapter 37","314 753 354","308 446 688","6 306 666"
"","","[852352] Semiconductor media; smart cards,  whether or not recorded, excluding products of Chapter 37","607 039","173","606 866"
"","","[854231] Electronic integrated circuits; processors and controllers, whether or not combined with memories, converters, logic circuits, amplifiers, clock and timing circuits, or other circuits","621 389 872","438 704 090","182 685 782"
"","","[854232] Electronic integrated circuits; memories","758 533 128","757 636 991","896 137"
"","","[854233] Electronic integrated circuits; amplifiers","205 090 683","198 979 763","6 110 920"
"","","[854239] Electronic integrated circuits; n.e.c. in heading no. 8542","3 051 547 728","1 474 793 097","1 576 754 631"
"","","[854290] Parts of electronic integrated circuits","63 438 630","8 416 336","55 022 294"
"","Uruguay [UY]","[847330] Machinery; parts and accessories (other than covers, carrying cases and the like) of the machines of heading no. 8471","4 036","4 036",""
"","Venezuela [VE]","[847330] Machinery; parts and accessories (other than covers, carrying cases and the like) of the machines of heading no. 8471","54 432","54 401","31"
"","","[854231] Electronic integrated circuits; processors and controllers, whether or not combined with memories, converters, logic circuits, amplifiers, clock and timing circuits, or other circuits","9 483","9 483",""
"","Viet Nam [VN]","[847330] Machinery; parts and accessories (other than covers, carrying cases and the like) of the machines of heading no. 8471","67 095 213","64 968 443","2 126 770"
"","","[852351] Semiconductor media; solid-state non-volatile storage devices, whether or not recorded, excluding products of Chapter 37","179 607","53 734","125 873"
"","","[852352] Semiconductor media; smart cards,  whether or not recorded, excluding products of Chapter 37","448 637","168","448 469"
"","","[854231] Electronic integrated circuits; processors and controllers, whether or not combined with memories, converters, logic circuits, amplifiers, clock and timing circuits, or other circuits","229 404 124","224 990 890","4 413 234"
"","","[854232] Electronic integrated circuits; memories","84 218 864","84 201 378","17 486"
"","","[854233] Electronic integrated circuits; amplifiers","6 429 445","6 388 676","40 769"
"","","[854239] Electronic integrated circuits; n.e.c. in heading no. 8542","247 063 765","219 246 727","27 817 038"
"","","[854290] Parts of electronic integrated circuits","40 197 973","39 602 362","595 611"
"","Virgin Islands (US) [VI]","[854231] Electronic integrated circuits; processors and controllers, whether or not combined with memories, converters, logic circuits, amplifiers, clock and timing circuits, or other circuits","16 978","16 978",""
"","Zimbabwe [ZW]","[847330] Machinery; parts and accessories (other than covers, carrying cases and the like) of the machines of heading no. 8471","218","218",""
"Singapore","  European Union [EU-27]","[847330] Machinery; parts and accessories (other than covers, carrying cases and the like) of the machines of heading no. 8471","711 404 800","656 833 594","54 571 206"
"","","[852351] Semiconductor media; solid-state non-volatile storage devices, whether or not recorded, excluding products of Chapter 37","319 184 960","289 725 429","29 459 531"
"","","[852352] Semiconductor media; smart cards,  whether or not recorded, excluding products of Chapter 37","26 867 855","23 102 264","3 765 591"
"","","[854231] Electronic integrated circuits; processors and controllers, whether or not combined with memories, converters, logic circuits, amplifiers, clock and timing circuits, or other circuits","4 126 599 545","3 341 393 590","785 205 954"
"","","[854232] Electronic integrated circuits; memories","507 167 460","402 619 995","104 547 464"
"","","[854233] Electronic integrated circuits; amplifiers","192 280 342","85 899 850","106 380 492"
"","","[854239] Electronic integrated circuits; n.e.c. in heading no. 8542","3 801 099 545","1 841 371 961","1 959 727 584"
"","","[854290] Parts of electronic integrated circuits","83 891 591","6 266 918","77 624 673"
""," ASEAN [00]","[847330] Machinery; parts and accessories (other than covers, carrying cases and the like) of the machines of heading no. 8471","5 810 109 044","2 676 644 160","3 133 464 883"
"","","[852351] Semiconductor media; solid-state non-volatile storage devices, whether or not recorded, excluding products of Chapter 37","2 546 195 849","883 861 562","1 662 334 286"
"","","[852352] Semiconductor media; smart cards,  whether or not recorded, excluding products of Chapter 37","43 011 352","9 561 274","33 450 078"
"","","[854231] Electronic integrated circuits; processors and controllers, whether or not combined with memories, converters, logic circuits, amplifiers, clock and timing circuits, or other circuits","29 433 357 833","20 514 974 635","8 918 383 199"
"","","[854232] Electronic integrated circuits; memories","6 892 217 379","4 617 413 140","2 274 804 239"
"","","[854233] Electronic integrated circuits; amplifiers","714 110 074","370 747 015","343 363 060"
"","","[854239] Electronic integrated circuits; n.e.c. in heading no. 8542","15 719 307 301","9 501 865 612","6 217 441 689"
"","","[854290] Parts of electronic integrated circuits","1 872 985 489","1 116 809 099","756 176 391"
""," Extra-ASEAN [88]","[847330] Machinery; parts and accessories (other than covers, carrying cases and the like) of the machines of heading no. 8471","19 024 050 644","9 287 007 870","9 737 042 774"
"","","[852351] Semiconductor media; solid-state non-volatile storage devices, whether or not recorded, excluding products of Chapter 37","5 317 693 861","3 982 833 410","1 334 860 451"
"","","[852352] Semiconductor media; smart cards,  whether or not recorded, excluding products of Chapter 37","130 725 273","78 306 201","52 419 072"
"","","[854231] Electronic integrated circuits; processors and controllers, whether or not combined with memories, converters, logic circuits, amplifiers, clock and timing circuits, or other circuits","109 967 069 520","56 560 509 790","53 406 559 730"
"","","[854232] Electronic integrated circuits; memories","19 822 701 332","12 746 004 307","7 076 697 026"
"","","[854233] Electronic integrated circuits; amplifiers","5 817 186 190","3 272 866 941","2 544 319 249"
"","","[854239] Electronic integrated circuits; n.e.c. in heading no. 8542","56 439 233 575","26 310 855 413","30 128 378 163"
"","","[854290] Parts of electronic integrated circuits","2 722 431 712","676 109 742","2 046 321 970"
""," WORLD [99]","[847330] Machinery; parts and accessories (other than covers, carrying cases and the like) of the machines of heading no. 8471","24 834 159 688","11 963 652 031","12 870 507 657"
"","","[852351] Semiconductor media; solid-state non-volatile storage devices, whether or not recorded, excluding products of Chapter 37","7 863 889 710","4 866 694 972","2 997 194 738"
"","","[852352] Semiconductor media; smart cards,  whether or not recorded, excluding products of Chapter 37","173 736 626","87 867 476","85 869 150"
"","","[854231] Electronic integrated circuits; processors and controllers, whether or not combined with memories, converters, logic circuits, amplifiers, clock and timing circuits, or other circuits","139 400 427 354","77 075 484 425","62 324 942 929"
"","","[854232] Electronic integrated circuits; memories","26 714 918 711","17 363 417 446","9 351 501 265"
"","","[854233] Electronic integrated circuits; amplifiers","6 531 296 264","3 643 613 955","2 887 682 309"
"","","[854239] Electronic integrated circuits; n.e.c. in heading no. 8542","72 158 540 877","35 812 721 025","36 345 819 852"
"","","[854290] Parts of electronic integrated circuits","4 595 417 201","1 792 918 841","2 802 498 360"
"","Afghanistan [AF]","[847330] Machinery; parts and accessories (other than covers, carrying cases and the like) of the machines of heading no. 8471","103","","103"
"","","[854239] Electronic integrated circuits; n.e.c. in heading no. 8542","4 137","","4 137"
"","Albania [AL]","[847330] Machinery; parts and accessories (other than covers, carrying cases and the like) of the machines of heading no. 8471","49","","49"
"","","[852352] Semiconductor media; smart cards,  whether or not recorded, excluding products of Chapter 37","26 274","26 274",""
"","","[854231] Electronic integrated circuits; processors and controllers, whether or not combined with memories, converters, logic circuits, amplifiers, clock and timing circuits, or other circuits","24 280","","24 280"
"","","[854239] Electronic integrated circuits; n.e.c. in heading no. 8542","1 205","1 192","13"
"","Algeria [DZ]","[847330] Machinery; parts and accessories (other than covers, carrying cases and the like) of the machines of heading no. 8471","4 343","4 343",""
"","","[854231] Electronic integrated circuits; processors and controllers, whether or not combined with memories, converters, logic circuits, amplifiers, clock and timing circuits, or other circuits","1 344 140","1 344 140",""
"","American Samoa [AS]","[854231] Electronic integrated circuits; processors and controllers, whether or not combined with memories, converters, logic circuits, amplifiers, clock and timing circuits, or other circuits","4 641","","4 641"
"","Andorra [AD]","[847330] Machinery; parts and accessories (other than covers, carrying cases and the like) of the machines of heading no. 8471","895","","895"
"","","[852351] Semiconductor media; solid-state non-volatile storage devices, whether or not recorded, excluding products of Chapter 37","5 243","","5 243"
"","","[854231] Electronic integrated circuits; processors and controllers, whether or not combined with memories, converters, logic circuits, amplifiers, clock and timing circuits, or other circuits","2 463 013","2 463 013",""
"","","[854232] Electronic integrated circuits; memories","466","","466"
"","","[854239] Electronic integrated circuits; n.e.c. in heading no. 8542","968 559","957 839","10 720"
"","","[854290] Parts of electronic integrated circuits","94 274","","94 274"
"","Angola [AO]","[847330] Machinery; parts and accessories (other than covers, carrying cases and the like) of the machines of heading no. 8471","16 036","16 036",""
"","","[852351] Semiconductor media; solid-state non-volatile storage devices, whether or not recorded, excluding products of Chapter 37","185 774","185 774",""
"","","[854231] Electronic integrated circuits; processors and controllers, whether or not combined with memories, converters, logic circuits, amplifiers, clock and timing circuits, or other circuits","15 973","15 973",""
"","","[854233] Electronic integrated circuits; amplifiers","7 665","7 665",""
"","","[854239] Electronic integrated circuits; n.e.c. in heading no. 8542","5 502","5 502",""
"","Anguilla [AI]","[854231] Electronic integrated circuits; processors and controllers, whether or not combined with memories, converters, logic circuits, amplifiers, clock and timing circuits, or other circuits","1 142","","1 142"
"","Argentina [AR]","[847330] Machinery; parts and accessories (other than covers, carrying cases and the like) of the machines of heading no. 8471","38 093","8 938","29 155"
"","","[852351] Semiconductor media; solid-state non-volatile storage devices, whether or not recorded, excluding products of Chapter 37","19 567","19 567",""
"","","[854231] Electronic integrated circuits; processors and controllers, whether or not combined with memories, converters, logic circuits, amplifiers, clock and timing circuits, or other circuits","11 296 379","11 296 379",""
"","","[854232] Electronic integrated circuits; memories","771 300","771 300",""
"","","[854233] Electronic integrated circuits; amplifiers","348 118","348 118",""
"","","[854239] Electronic integrated circuits; n.e.c. in heading no. 8542","2 011 767","2 011 767",""
"","Aruba [AW]","[852351] Semiconductor media; solid-state non-volatile storage devices, whether or not recorded, excluding products of Chapter 37","211 067","211 067",""
"","Australia [AU]","[847330] Machinery; parts and accessories (other than covers, carrying cases and the like) of the machines of heading no. 8471","65 079 908","63 337 432","1 742 475"
"","","[852351] Semiconductor media; solid-state non-volatile storage devices, whether or not recorded, excluding products of Chapter 37","8 318 314","8 199 286","119 029"
"","","[852352] Semiconductor media; smart cards,  whether or not recorded, excluding products of Chapter 37","1 355 838","786 427","569 411"
"","","[854231] Electronic integrated circuits; processors and controllers, whether or not combined with memories, converters, logic circuits, amplifiers, clock and timing circuits, or other circuits","55 900 132","55 438 622","461 509"
"","","[854232] Electronic integrated circuits; memories","3 625 699","3 601 939","23 760"
"","","[854233] Electronic integrated circuits; amplifiers","509 114","502 974","6 140"
"","","[854239] Electronic integrated circuits; n.e.c. in heading no. 8542","15 223 360","14 768 830","454 530"
"","","[854290] Parts of electronic integrated circuits","222 634","171 804","50 830"
"","Austria [AT]","[847330] Machinery; parts and accessories (other than covers, carrying cases and the like) of the machines of heading no. 8471","687 366","342 823","344 542"
"","","[852351] Semiconductor media; solid-state non-volatile storage devices, whether or not recorded, excluding products of Chapter 37","474 943","158 081","316 862"
"","","[852352] Semiconductor media; smart cards,  whether or not recorded, excluding products of Chapter 37","23 126","1 647","21 479"
"","","[854231] Electronic integrated circuits; processors and controllers, whether or not combined with memories, converters, logic circuits, amplifiers, clock and timing circuits, or other circuits","17 338 734","12 266 024","5 072 710"
"","","[854232] Electronic integrated circuits; memories","3 723 348","3 633 558","89 790"
"","","[854233] Electronic integrated circuits; amplifiers","248 212","126 243","121 969"
"","","[854239] Electronic integrated circuits; n.e.c. in heading no. 8542","134 434 759","35 648 114","98 786 646"
"","","[854290] Parts of electronic integrated circuits","600 140","33 028","567 113"
"","Azerbaijan [AZ]","[847330] Machinery; parts and accessories (other than covers, carrying cases and the like) of the machines of heading no. 8471","6 840","6 840",""
"","","[852351] Semiconductor media; solid-state non-volatile storage devices, whether or not recorded, excluding products of Chapter 37","216 717","216 717",""
"","Bahrain [BH]","[847330] Machinery; parts and accessories (other than covers, carrying cases and the like) of the machines of heading no. 8471","18 016","12 523","5 493"
"","","[852351] Semiconductor media; solid-state non-volatile storage devices, whether or not recorded, excluding products of Chapter 37","2 869","1 863","1 005"
"","","[852352] Semiconductor media; smart cards,  whether or not recorded, excluding products of Chapter 37","2 572","1 746","826"
"","","[854239] Electronic integrated circuits; n.e.c. in heading no. 8542","445","445",""
"","","[854290] Parts of electronic integrated circuits","195","195",""
"","Bangladesh [BD]","[847330] Machinery; parts and accessories (other than covers, carrying cases and the like) of the machines of heading no. 8471","8 115 539","8 112 285","3 255"
"","","[852351] Semiconductor media; solid-state non-volatile storage devices, whether or not recorded, excluding products of Chapter 37","225 625","213 136","12 489"
"","","[852352] Semiconductor media; smart cards,  whether or not recorded, excluding products of Chapter 37","61 598","61 598",""
"","","[854231] Electronic integrated circuits; processors and controllers, whether or not combined with memories, converters, logic circuits, amplifiers, clock and timing circuits, or other circuits","1 007 618","1 007 453","165"
"","","[854232] Electronic integrated circuits; memories","2 027","2 027",""
"","","[854233] Electronic integrated circuits; amplifiers","15 201","15 201",""
"","","[854239] Electronic integrated circuits; n.e.c. in heading no. 8542","611 363","611 363",""
"","","[854290] Parts of electronic integrated circuits","80 845","80 845",""
"","Belgium [BE]","[847330] Machinery; parts and accessories (other than covers, carrying cases and the like) of the machines of heading no. 8471","4 233 153","1 219 566","3 013 587"
"","","[852351] Semiconductor media; solid-state non-volatile storage devices, whether or not recorded, excluding products of Chapter 37","161 593","159 000","2 594"
"","","[852352] Semiconductor media; smart cards,  whether or not recorded, excluding products of Chapter 37","18 946","51","18 895"
"","","[854231] Electronic integrated circuits; processors and controllers, whether or not combined with memories, converters, logic circuits, amplifiers, clock and timing circuits, or other circuits","55 017 812","53 807 021","1 210 791"
"","","[854232] Electronic integrated circuits; memories","374 622","166 400","208 222"
"","","[854233] Electronic integrated circuits; amplifiers","45 025","45 020","5"
"","","[854239] Electronic integrated circuits; n.e.c. in heading no. 8542","3 873 423","571 789","3 301 634"
"","","[854290] Parts of electronic integrated circuits","1 028 894","50 248","978 646"
"","Belize [BZ]","[852351] Semiconductor media; solid-state non-volatile storage devices, whether or not recorded, excluding products of Chapter 37","124","","124"
"","Benin [BJ]","[852351] Semiconductor media; solid-state non-volatile storage devices, whether or not recorded, excluding products of Chapter 37","4 050","4 050",""
"","Bhutan [BT]","[847330] Machinery; parts and accessories (other than covers, carrying cases and the like) of the machines of heading no. 8471","265 139","264 732","407"
"","","[852351] Semiconductor media; solid-state non-volatile storage devices, whether or not recorded, excluding products of Chapter 37","7 396","7 396",""
"","","[854231] Electronic integrated circuits; processors and controllers, whether or not combined with memories, converters, logic circuits, amplifiers, clock and timing circuits, or other circuits","4 566","4 566",""
"","Bolivia [BO]","[852351] Semiconductor media; solid-state non-volatile storage devices, whether or not recorded, excluding products of Chapter 37","818","818",""
"","Bosnia and Herzegovina [BA]","[847330] Machinery; parts and accessories (other than covers, carrying cases and the like) of the machines of heading no. 8471","6 079","6 079",""
"","","[852352] Semiconductor media; smart cards,  whether or not recorded, excluding products of Chapter 37","35","","35"
"","","[854239] Electronic integrated circuits; n.e.c. in heading no. 8542","2 563","2 563",""
"","Botswana [BW]","[854239] Electronic integrated circuits; n.e.c. in heading no. 8542","93 879","93 879",""
"","Brazil [BR]","[847330] Machinery; parts and accessories (other than covers, carrying cases and the like) of the machines of heading no. 8471","736 281","607 954","128 326"
"","","[852351] Semiconductor media; solid-state non-volatile storage devices, whether or not recorded, excluding products of Chapter 37","2 012 366","2 011 839","527"
"","","[852352] Semiconductor media; smart cards,  whether or not recorded, excluding products of Chapter 37","41 883","41 879","3"
"","","[854231] Electronic integrated circuits; processors and controllers, whether or not combined with memories, converters, logic circuits, amplifiers, clock and timing circuits, or other circuits","167 631 940","167 586 285","45 655"
"","","[854232] Electronic integrated circuits; memories","4 528 190","4 470 505","57 684"
"","","[854233] Electronic integrated circuits; amplifiers","1 736 679","1 736 017","661"
"","","[854239] Electronic integrated circuits; n.e.c. in heading no. 8542","85 954 384","85 953 543","841"
"","","[854290] Parts of electronic integrated circuits","135 416","128 927","6 489"
"","British Indian Ocean Territory [IO]","[847330] Machinery; parts and accessories (other than covers, carrying cases and the like) of the machines of heading no. 8471","398","398",""
"","Brunei Darussalam [BN]","[847330] Machinery; parts and accessories (other than covers, carrying cases and the like) of the machines of heading no. 8471","1 792 065","1 766 494","25 570"
"","","[852351] Semiconductor media; solid-state non-volatile storage devices, whether or not recorded, excluding products of Chapter 37","114 376","111 790","2 586"
"","","[852352] Semiconductor media; smart cards,  whether or not recorded, excluding products of Chapter 37","766 190","765 975","215"
"","","[854231] Electronic integrated circuits; processors and controllers, whether or not combined with memories, converters, logic circuits, amplifiers, clock and timing circuits, or other circuits","394 837","394 384","453"
"","","[854232] Electronic integrated circuits; memories","2 096","2 096",""
"","","[854233] Electronic integrated circuits; amplifiers","1 388","1 388",""
"","","[854239] Electronic integrated circuits; n.e.c. in heading no. 8542","96 399","95 187","1 212"
"","","[854290] Parts of electronic integrated circuits","268 370","268 370",""
"","Bulgaria [BG]","[847330] Machinery; parts and accessories (other than covers, carrying cases and the like) of the machines of heading no. 8471","44 072","13 547","30 524"
"","","[852352] Semiconductor media; smart cards,  whether or not recorded, excluding products of Chapter 37","2 579","","2 579"
"","","[854231] Electronic integrated circuits; processors and controllers, whether or not combined with memories, converters, logic circuits, amplifiers, clock and timing circuits, or other circuits","405 285","304 285","101 000"
"","","[854232] Electronic integrated circuits; memories","6 760","6 760",""
"","","[854233] Electronic integrated circuits; amplifiers","85 497","85 497",""
"","","[854239] Electronic integrated circuits; n.e.c. in heading no. 8542","806 033","594 450","211 583"
"","","[854290] Parts of electronic integrated circuits","1 176 039","","1 176 039"
"","Burkina Faso [BF]","[847330] Machinery; parts and accessories (other than covers, carrying cases and the like) of the machines of heading no. 8471","3 898","","3 898"
"","","[852351] Semiconductor media; solid-state non-volatile storage devices, whether or not recorded, excluding products of Chapter 37","1 135","1 135",""
"","","[854231] Electronic integrated circuits; processors and controllers, whether or not combined with memories, converters, logic circuits, amplifiers, clock and timing circuits, or other circuits","1 232","","1 232"
"","Burundi [BI]","[852351] Semiconductor media; solid-state non-volatile storage devices, whether or not recorded, excluding products of Chapter 37","1 742","1 742",""
"","Cambodia [KH]","[847330] Machinery; parts and accessories (other than covers, carrying cases and the like) of the machines of heading no. 8471","676 317","667 075","9 242"
"","","[852351] Semiconductor media; solid-state non-volatile storage devices, whether or not recorded, excluding products of Chapter 37","155 300","155 300",""
"","","[852352] Semiconductor media; smart cards,  whether or not recorded, excluding products of Chapter 37","84 667","84 666","1"
"","","[854231] Electronic integrated circuits; processors and controllers, whether or not combined with memories, converters, logic circuits, amplifiers, clock and timing circuits, or other circuits","78 196","78 141","56"
"","","[854232] Electronic integrated circuits; memories","4 442","4 442",""
"","","[854239] Electronic integrated circuits; n.e.c. in heading no. 8542","104 044","88 700","15 344"
"","","[854290] Parts of electronic integrated circuits","23 682","20 215","3 467"
"","Cameroon [CM]","[847330] Machinery; parts and accessories (other than covers, carrying cases and the like) of the machines of heading no. 8471","12 451","12 203","248"
"","","[852351] Semiconductor media; solid-state non-volatile storage devices, whether or not recorded, excluding products of Chapter 37","8 073","7 844","229"
"","","[854231] Electronic integrated circuits; processors and controllers, whether or not combined with memories, converters, logic circuits, amplifiers, clock and timing circuits, or other circuits","618 655","502 108","116 547"
"","","[854232] Electronic integrated circuits; memories","5","","5"
"","","[854290] Parts of electronic integrated circuits","753","","753"
"","Canada [CA]","[847330] Machinery; parts and accessories (other than covers, carrying cases and the like) of the machines of heading no. 8471","14 209 495","3 572 611","10 636 884"
"","","[852351] Semiconductor media; solid-state non-volatile storage devices, whether or not recorded, excluding products of Chapter 37","7 889 659","6 391 279","1 498 381"
"","","[852352] Semiconductor media; smart cards,  whether or not recorded, excluding products of Chapter 37","737 768","713 426","24 341"
"","","[854231] Electronic integrated circuits; processors and controllers, whether or not combined with memories, converters, logic circuits, amplifiers, clock and timing circuits, or other circuits","166 814 682","38 456 656","128 358 026"
"","","[854232] Electronic integrated circuits; memories","5 167 713","5 156 283","11 430"
"","","[854233] Electronic integrated circuits; amplifiers","4 446 765","4 418 162","28 603"
"","","[854239] Electronic integrated circuits; n.e.c. in heading no. 8542","87 978 353","86 764 570","1 213 783"
"","","[854290] Parts of electronic integrated circuits","489 008","272 373","216 635"
"","Cape-Verde [CV]","[847330] Machinery; parts and accessories (other than covers, carrying cases and the like) of the machines of heading no. 8471","1 803","","1 803"
"","Cayman Islands [KY]","[854239] Electronic integrated circuits; n.e.c. in heading no. 8542","118 086","","118 086"
"","Chad [TD]","[847330] Machinery; parts and accessories (other than covers, carrying cases and the like) of the machines of heading no. 8471","12","","12"
"","Chile [CL]","[847330] Machinery; parts and accessories (other than covers, carrying cases and the like) of the machines of heading no. 8471","37 129","25 433","11 696"
"","","[852351] Semiconductor media; solid-state non-volatile storage devices, whether or not recorded, excluding products of Chapter 37","27 914","27 622","291"
"","","[854231] Electronic integrated circuits; processors and controllers, whether or not combined with memories, converters, logic circuits, amplifiers, clock and timing circuits, or other circuits","46 988","1 745","45 243"
"","","[854239] Electronic integrated circuits; n.e.c. in heading no. 8542","7 337","4 417","2 920"
"","China (People's Republic of) [CN]","[847330] Machinery; parts and accessories (other than covers, carrying cases and the like) of the machines of heading no. 8471","1 621 297 257","221 363 428","1 399 933 829"
"","","[852351] Semiconductor media; solid-state non-volatile storage devices, whether or not recorded, excluding products of Chapter 37","790 519 816","547 945 138","242 574 678"
"","","[852352] Semiconductor media; smart cards,  whether or not recorded, excluding products of Chapter 37","33 830 504","2 328 108","31 502 396"
"","","[854231] Electronic integrated circuits; processors and controllers, whether or not combined with memories, converters, logic circuits, amplifiers, clock and timing circuits, or other circuits","14 709 873 371","10 440 458 323","4 269 415 047"
"","","[854232] Electronic integrated circuits; memories","1 776 325 271","841 353 029","934 972 241"
"","","[854233] Electronic integrated circuits; amplifiers","738 019 303","560 366 192","177 653 111"
"","","[854239] Electronic integrated circuits; n.e.c. in heading no. 8542","9 474 735 827","6 628 503 554","2 846 232 273"
"","","[854290] Parts of electronic integrated circuits","705 666 271","242 096 414","463 569 857"
"","Christmas Islands [CX]","[847330] Machinery; parts and accessories (other than covers, carrying cases and the like) of the machines of heading no. 8471","297","","297"
"","Cocos Islands (or Keeling Islands) [CC]","[854231] Electronic integrated circuits; processors and controllers, whether or not combined with memories, converters, logic circuits, amplifiers, clock and timing circuits, or other circuits","10 903","","10 903"
"","","[854232] Electronic integrated circuits; memories","4 008","","4 008"
"","","[854239] Electronic integrated circuits; n.e.c. in heading no. 8542","3 393","","3 393"
"","Colombia [CO]","[847330] Machinery; parts and accessories (other than covers, carrying cases and the like) of the machines of heading no. 8471","4 634","4 634",""
"","","[852351] Semiconductor media; solid-state non-volatile storage devices, whether or not recorded, excluding products of Chapter 37","357 037","357 037",""
"","","[852352] Semiconductor media; smart cards,  whether or not recorded, excluding products of Chapter 37","27","","27"
"","","[854231] Electronic integrated circuits; processors and controllers, whether or not combined with memories, converters, logic circuits, amplifiers, clock and timing circuits, or other circuits","198 118","198 118",""
"","","[854239] Electronic integrated circuits; n.e.c. in heading no. 8542","436 989","436 989",""
"","Congo (Dem. Rep. of) [CD]","[852351] Semiconductor media; solid-state non-volatile storage devices, whether or not recorded, excluding products of Chapter 37","352","352",""
"","Congo [CG]","[847330] Machinery; parts and accessories (other than covers, carrying cases and the like) of the machines of heading no. 8471","2 221","2 221",""
"","Cook Islands [CK]","[854231] Electronic integrated circuits; processors and controllers, whether or not combined with memories, converters, logic circuits, amplifiers, clock and timing circuits, or other circuits","812","","812"
"","","[854239] Electronic integrated circuits; n.e.c. in heading no. 8542","397","","397"
"","Costa Rica [CR]","[847330] Machinery; parts and accessories (other than covers, carrying cases and the like) of the machines of heading no. 8471","1 130 443","373 818","756 626"
"","","[852351] Semiconductor media; solid-state non-volatile storage devices, whether or not recorded, excluding products of Chapter 37","8 140","4 964","3 175"
"","","[852352] Semiconductor media; smart cards,  whether or not recorded, excluding products of Chapter 37","4 557","4 054","503"
"","","[854231] Electronic integrated circuits; processors and controllers, whether or not combined with memories, converters, logic circuits, amplifiers, clock and timing circuits, or other circuits","359 378 284","1 402 043","357 976 241"
"","","[854232] Electronic integrated circuits; memories","31 162","31 162",""
"","","[854233] Electronic integrated circuits; amplifiers","29 350","29 350",""
"","","[854239] Electronic integrated circuits; n.e.c. in heading no. 8542","1 907 050","1 207 630","699 419"
"","","[854290] Parts of electronic integrated circuits","603 743","","603 743"
"","Côte d'Ivoire [CI]","[847330] Machinery; parts and accessories (other than covers, carrying cases and the like) of the machines of heading no. 8471","2 454","2 454",""
"","Croatia [HR]","[847330] Machinery; parts and accessories (other than covers, carrying cases and the like) of the machines of heading no. 8471","7 663","","7 663"
"","","[852351] Semiconductor media; solid-state non-volatile storage devices, whether or not recorded, excluding products of Chapter 37","1 175","","1 175"
"","","[852352] Semiconductor media; smart cards,  whether or not recorded, excluding products of Chapter 37","58 379","58 379",""
"","","[854231] Electronic integrated circuits; processors and controllers, whether or not combined with memories, converters, logic circuits, amplifiers, clock and timing circuits, or other circuits","42 163","38 776","3 388"
"","","[854232] Electronic integrated circuits; memories","97","","97"
"","","[854233] Electronic integrated circuits; amplifiers","1 697","1 697",""
"","","[854239] Electronic integrated circuits; n.e.c. in heading no. 8542","230 816","229 454","1 362"
"","","[854290] Parts of electronic integrated circuits","83 849","","83 849"
"","Cyprus [CY]","[847330] Machinery; parts and accessories (other than covers, carrying cases and the like) of the machines of heading no. 8471","1 150 969","56 858","1 094 111"
"","","[852351] Semiconductor media; solid-state non-volatile storage devices, whether or not recorded, excluding products of Chapter 37","40","","40"
"","","[852352] Semiconductor media; smart cards,  whether or not recorded, excluding products of Chapter 37","36","","36"
"","","[854231] Electronic integrated circuits; processors and controllers, whether or not combined with memories, converters, logic circuits, amplifiers, clock and timing circuits, or other circuits","462","","462"
"","","[854239] Electronic integrated circuits; n.e.c. in heading no. 8542","3 695","","3 695"
"","","[854290] Parts of electronic integrated circuits","17 852","17 852",""
"","Czech Republic [CZ]","[847330] Machinery; parts and accessories (other than covers, carrying cases and the like) of the machines of heading no. 8471","145 404 253","142 896 746","2 507 508"
"","","[852351] Semiconductor media; solid-state non-volatile storage devices, whether or not recorded, excluding products of Chapter 37","18 478 292","15 625 437","2 852 855"
"","","[852352] Semiconductor media; smart cards,  whether or not recorded, excluding products of Chapter 37","6 318 572","6 028 474","290 097"
"","","[854231] Electronic integrated circuits; processors and controllers, whether or not combined with memories, converters, logic circuits, amplifiers, clock and timing circuits, or other circuits","50 677 663","50 443 739","233 925"
"","","[854232] Electronic integrated circuits; memories","4 281 277","1 459 662","2 821 615"
"","","[854233] Electronic integrated circuits; amplifiers","301 282","283 335","17 947"
"","","[854239] Electronic integrated circuits; n.e.c. in heading no. 8542","36 910 939","4 427 990","32 482 948"
"","","[854290] Parts of electronic integrated circuits","2 362 172","147 031","2 215 141"
"","Denmark [DK]","[847330] Machinery; parts and accessories (other than covers, carrying cases and the like) of the machines of heading no. 8471","4 110 338","3 778 323","332 015"
"","","[852351] Semiconductor media; solid-state non-volatile storage devices, whether or not recorded, excluding products of Chapter 37","124 979","22 385","102 594"
"","","[852352] Semiconductor media; smart cards,  whether or not recorded, excluding products of Chapter 37","40 090","34 814","5 276"
"","","[854231] Electronic integrated circuits; processors and controllers, whether or not combined with memories, converters, logic circuits, amplifiers, clock and timing circuits, or other circuits","1 079 297","962 441","116 855"
"","","[854232] Electronic integrated circuits; memories","55 121","40 235","14 886"
"","","[854233] Electronic integrated circuits; amplifiers","433 218","426 676","6 542"
"","","[854239] Electronic integrated circuits; n.e.c. in heading no. 8542","1 686 317","1 496 518","189 799"
"","","[854290] Parts of electronic integrated circuits","30 817","","30 817"
"","Djibouti [DJ]","[852351] Semiconductor media; solid-state non-volatile storage devices, whether or not recorded, excluding products of Chapter 37","9 082","9 082",""
"","","[852352] Semiconductor media; smart cards,  whether or not recorded, excluding products of Chapter 37","3 367","3 367",""
"","","[854239] Electronic integrated circuits; n.e.c. in heading no. 8542","296","296",""
"","Dominica [DM]","[854239] Electronic integrated circuits; n.e.c. in heading no. 8542","432 960","","432 960"
"","Dominican Republic [DO]","[847330] Machinery; parts and accessories (other than covers, carrying cases and the like) of the machines of heading no. 8471","641 136","641 136",""
"","","[852351] Semiconductor media; solid-state non-volatile storage devices, whether or not recorded, excluding products of Chapter 37","1 099","1 099",""
"","","[852352] Semiconductor media; smart cards,  whether or not recorded, excluding products of Chapter 37","8 825","","8 825"
"","","[854231] Electronic integrated circuits; processors and controllers, whether or not combined with memories, converters, logic circuits, amplifiers, clock and timing circuits, or other circuits","5 866 184","153 461","5 712 723"
"","","[854233] Electronic integrated circuits; amplifiers","136","136",""
"","","[854239] Electronic integrated circuits; n.e.c. in heading no. 8542","222 609","222 609",""
"","","[854290] Parts of electronic integrated circuits","28 014","","28 014"
"","Ecuador [EC]","[847330] Machinery; parts and accessories (other than covers, carrying cases and the like) of the machines of heading no. 8471","95 833","95 833",""
"","","[854231] Electronic integrated circuits; processors and controllers, whether or not combined with memories, converters, logic circuits, amplifiers, clock and timing circuits, or other circuits","3 678 247","3 678 247",""
"","Egypt [EG]","[847330] Machinery; parts and accessories (other than covers, carrying cases and the like) of the machines of heading no. 8471","25 793","23 359","2 435"
"","","[852351] Semiconductor media; solid-state non-volatile storage devices, whether or not recorded, excluding products of Chapter 37","63 896","63 896",""
"","","[852352] Semiconductor media; smart cards,  whether or not recorded, excluding products of Chapter 37","12 404","3 293","9 112"
"","","[854231] Electronic integrated circuits; processors and controllers, whether or not combined with memories, converters, logic circuits, amplifiers, clock and timing circuits, or other circuits","11 523 193","11 515 825","7 369"
"","","[854232] Electronic integrated circuits; memories","1 137 135","1 137 135",""
"","","[854233] Electronic integrated circuits; amplifiers","106 602","106 602",""
"","","[854239] Electronic integrated circuits; n.e.c. in heading no. 8542","2 052 389","2 052 389",""
"","El Salvador [SV]","[847330] Machinery; parts and accessories (other than covers, carrying cases and the like) of the machines of heading no. 8471","225","","225"
"","","[852351] Semiconductor media; solid-state non-volatile storage devices, whether or not recorded, excluding products of Chapter 37","3 572","3 572",""
"","","[854231] Electronic integrated circuits; processors and controllers, whether or not combined with memories, converters, logic circuits, amplifiers, clock and timing circuits, or other circuits","22 539","22 539",""
"","","[854239] Electronic integrated circuits; n.e.c. in heading no. 8542","6 072","","6 072"
"","","[854290] Parts of electronic integrated circuits","1 280 797","","1 280 797"
"","Equatorial Guinea [GQ]","[852352] Semiconductor media; smart cards,  whether or not recorded, excluding products of Chapter 37","11","11",""
"","","[854231] Electronic integrated circuits; processors and controllers, whether or not combined with memories, converters, logic circuits, amplifiers, clock and timing circuits, or other circuits","6 450","6 450",""
"","Estonia [EE]","[847330] Machinery; parts and accessories (other than covers, carrying cases and the like) of the machines of heading no. 8471","1 061 281","1 052 728","8 552"
"","","[852351] Semiconductor media; solid-state non-volatile storage devices, whether or not recorded, excluding products of Chapter 37","92 931","91 314","1 617"
"","","[854231] Electronic integrated circuits; processors and controllers, whether or not combined with memories, converters, logic circuits, amplifiers, clock and timing circuits, or other circuits","112 281","99 266","13 015"
"","","[854232] Electronic integrated circuits; memories","168","","168"
"","","[854233] Electronic integrated circuits; amplifiers","60 573","47 473","13 100"
"","","[854239] Electronic integrated circuits; n.e.c. in heading no. 8542","755 875","718 502","37 372"
"","","[854290] Parts of electronic integrated circuits","11 019","11 019",""
"","Ethiopia [ET]","[847330] Machinery; parts and accessories (other than covers, carrying cases and the like) of the machines of heading no. 8471","147 892","147 892",""
"","","[852351] Semiconductor media; solid-state non-volatile storage devices, whether or not recorded, excluding products of Chapter 37","9 768","9 768",""
"","","[854239] Electronic integrated circuits; n.e.c. in heading no. 8542","19 939","19 939",""
"","Eurasian Economic Union [EAEU]","[847330] Machinery; parts and accessories (other than covers, carrying cases and the like) of the machines of heading no. 8471","202 393","200 651","1 742"
"","","[852351] Semiconductor media; solid-state non-volatile storage devices, whether or not recorded, excluding products of Chapter 37","396 970","396 970",""
"","","[854231] Electronic integrated circuits; processors and controllers, whether or not combined with memories, converters, logic circuits, amplifiers, clock and timing circuits, or other circuits","305 737","305 737",""
"","","[854239] Electronic integrated circuits; n.e.c. in heading no. 8542","170 753","170 753",""
"","Faroe Islands [FO]","[854239] Electronic integrated circuits; n.e.c. in heading no. 8542","36 269","","36 269"
"","Fiji [FJ]","[847330] Machinery; parts and accessories (other than covers, carrying cases and the like) of the machines of heading no. 8471","92 299","92 298","1"
"","","[852351] Semiconductor media; solid-state non-volatile storage devices, whether or not recorded, excluding products of Chapter 37","23 919","23 919",""
"","","[854231] Electronic integrated circuits; processors and controllers, whether or not combined with memories, converters, logic circuits, amplifiers, clock and timing circuits, or other circuits","1 491","1 491",""
"","Finland [FI]","[847330] Machinery; parts and accessories (other than covers, carrying cases and the like) of the machines of heading no. 8471","472 107","431 317","40 791"
"","","[852351] Semiconductor media; solid-state non-volatile storage devices, whether or not recorded, excluding products of Chapter 37","425 682","405 739","19 943"
"","","[852352] Semiconductor media; smart cards,  whether or not recorded, excluding products of Chapter 37","38 351","37 365","986"
"","","[854231] Electronic integrated circuits; processors and controllers, whether or not combined with memories, converters, logic circuits, amplifiers, clock and timing circuits, or other circuits","201 243 921","200 746 710","497 211"
"","","[854232] Electronic integrated circuits; memories","186 123","181 050","5 072"
"","","[854233] Electronic integrated circuits; amplifiers","206 416","205 833","583"
"","","[854239] Electronic integrated circuits; n.e.c. in heading no. 8542","3 535 227","3 477 841","57 387"
"","","[854290] Parts of electronic integrated circuits","283 679","","283 679"
"","Former Yugoslav Republic of Macedonia [MK]","[852351] Semiconductor media; solid-state non-volatile storage devices, whether or not recorded, excluding products of Chapter 37","2 224","2 224",""
"","","[854231] Electronic integrated circuits; processors and controllers, whether or not combined with memories, converters, logic circuits, amplifiers, clock and timing circuits, or other circuits","361 087","361 087",""
"","","[854233] Electronic integrated circuits; amplifiers","185 099","185 099",""
"","","[854239] Electronic integrated circuits; n.e.c. in heading no. 8542","2 324 406","2 324 406",""
"","","[854290] Parts of electronic integrated circuits","10 726","","10 726"
"","France [FR]","[847330] Machinery; parts and accessories (other than covers, carrying cases and the like) of the machines of heading no. 8471","44 642 662","38 389 695","6 252 967"
"","","[852351] Semiconductor media; solid-state non-volatile storage devices, whether or not recorded, excluding products of Chapter 37","83 629 905","81 746 185","1 883 720"
"","","[852352] Semiconductor media; smart cards,  whether or not recorded, excluding products of Chapter 37","4 240 559","3 344 729","895 829"
"","","[854231] Electronic integrated circuits; processors and controllers, whether or not combined with memories, converters, logic circuits, amplifiers, clock and timing circuits, or other circuits","531 458 349","75 035 054","456 423 294"
"","","[854232] Electronic integrated circuits; memories","206 457 833","110 970 435","95 487 398"
"","","[854233] Electronic integrated circuits; amplifiers","16 538 539","846 236","15 692 303"
"","","[854239] Electronic integrated circuits; n.e.c. in heading no. 8542","413 648 661","55 837 878","357 810 783"
"","","[854290] Parts of electronic integrated circuits","48 323 723","3 557 861","44 765 862"
"","French Polynesia [PF]","[847330] Machinery; parts and accessories (other than covers, carrying cases and the like) of the machines of heading no. 8471","317","317",""
"","","[852351] Semiconductor media; solid-state non-volatile storage devices, whether or not recorded, excluding products of Chapter 37","59","59",""
"","","[854233] Electronic integrated circuits; amplifiers","52","52",""
"","French Southern Territories [TF]","[854231] Electronic integrated circuits; processors and controllers, whether or not combined with memories, converters, logic circuits, amplifiers, clock and timing circuits, or other circuits","11 730","","11 730"
"","Gabon [GA]","[852351] Semiconductor media; solid-state non-volatile storage devices, whether or not recorded, excluding products of Chapter 37","37 448","37 448",""
"","Gambia [GM]","[847330] Machinery; parts and accessories (other than covers, carrying cases and the like) of the machines of heading no. 8471","1 404","","1 404"
"","","[854290] Parts of electronic integrated circuits","637","","637"
"","Georgia [GE]","[847330] Machinery; parts and accessories (other than covers, carrying cases and the like) of the machines of heading no. 8471","22 723","21 393","1 329"
"","","[854231] Electronic integrated circuits; processors and controllers, whether or not combined with memories, converters, logic circuits, amplifiers, clock and timing circuits, or other circuits","1 638","","1 638"
"","","[854239] Electronic integrated circuits; n.e.c. in heading no. 8542","3 562","","3 562"
"","Germany [DE]","[847330] Machinery; parts and accessories (other than covers, carrying cases and the like) of the machines of heading no. 8471","21 727 023","7 876 813","13 850 210"
"","","[852351] Semiconductor media; solid-state non-volatile storage devices, whether or not recorded, excluding products of Chapter 37","46 477 035","33 405 763","13 071 273"
"","","[852352] Semiconductor media; smart cards,  whether or not recorded, excluding products of Chapter 37","4 415 504","2 835 886","1 579 617"
"","","[854231] Electronic integrated circuits; processors and controllers, whether or not combined with memories, converters, logic circuits, amplifiers, clock and timing circuits, or other circuits","1 483 297 339","1 266 685 617","216 611 722"
"","","[854232] Electronic integrated circuits; memories","150 965 149","147 075 758","3 889 391"
"","","[854233] Electronic integrated circuits; amplifiers","69 505 385","51 823 433","17 681 952"
"","","[854239] Electronic integrated circuits; n.e.c. in heading no. 8542","1 779 764 052","1 293 574 465","486 189 587"
"","","[854290] Parts of electronic integrated circuits","23 349 757","1 479 399","21 870 358"
"","Ghana [GH]","[852351] Semiconductor media; solid-state non-volatile storage devices, whether or not recorded, excluding products of Chapter 37","2 222","2 222",""
"","","[854231] Electronic integrated circuits; processors and controllers, whether or not combined with memories, converters, logic circuits, amplifiers, clock and timing circuits, or other circuits","6 300","6 300",""
"","","[854239] Electronic integrated circuits; n.e.c. in heading no. 8542","40","","40"
"","Gibraltar [GI]","[852351] Semiconductor media; solid-state non-volatile storage devices, whether or not recorded, excluding products of Chapter 37","1","","1"
"","Greece [GR]","[847330] Machinery; parts and accessories (other than covers, carrying cases and the like) of the machines of heading no. 8471","250 927","235 722","15 205"
"","","[852351] Semiconductor media; solid-state non-volatile storage devices, whether or not recorded, excluding products of Chapter 37","9 064","4 798","4 266"
"","","[852352] Semiconductor media; smart cards,  whether or not recorded, excluding products of Chapter 37","145 602","145 266","336"
"","","[854231] Electronic integrated circuits; processors and controllers, whether or not combined with memories, converters, logic circuits, amplifiers, clock and timing circuits, or other circuits","239 067","239 067",""
"","","[854232] Electronic integrated circuits; memories","55 641","55 641",""
"","","[854233] Electronic integrated circuits; amplifiers","17 970","17 970",""
"","","[854239] Electronic integrated circuits; n.e.c. in heading no. 8542","169 730","166 125","3 606"
"","","[854290] Parts of electronic integrated circuits","125","","125"
"","Guam [GU]","[847330] Machinery; parts and accessories (other than covers, carrying cases and the like) of the machines of heading no. 8471","203 981","203 981",""
"","","[852351] Semiconductor media; solid-state non-volatile storage devices, whether or not recorded, excluding products of Chapter 37","919","919",""
"","","[852352] Semiconductor media; smart cards,  whether or not recorded, excluding products of Chapter 37","801","801",""
"","","[854231] Electronic integrated circuits; processors and controllers, whether or not combined with memories, converters, logic circuits, amplifiers, clock and timing circuits, or other circuits","8 338","8 338",""
"","","[854290] Parts of electronic integrated circuits","1 312","","1 312"
"","Guatemala [GT]","[847330] Machinery; parts and accessories (other than covers, carrying cases and the like) of the machines of heading no. 8471","1 767","","1 767"
"","","[852351] Semiconductor media; solid-state non-volatile storage devices, whether or not recorded, excluding products of Chapter 37","522","522",""
"","","[852352] Semiconductor media; smart cards,  whether or not recorded, excluding products of Chapter 37","21","21",""
"","","[854290] Parts of electronic integrated circuits","564","","564"
"","GUERNSEY  [GG]","[847330] Machinery; parts and accessories (other than covers, carrying cases and the like) of the machines of heading no. 8471","35 219","","35 219"
"","Guinea [GN]","[847330] Machinery; parts and accessories (other than covers, carrying cases and the like) of the machines of heading no. 8471","515","","515"
"","Guinea-Bissau [GW]","[854231] Electronic integrated circuits; processors and controllers, whether or not combined with memories, converters, logic circuits, amplifiers, clock and timing circuits, or other circuits","119 293","","119 293"
"","Guyana [GY]","[847330] Machinery; parts and accessories (other than covers, carrying cases and the like) of the machines of heading no. 8471","39 381","39 381",""
"","Haiti [HT]","[847330] Machinery; parts and accessories (other than covers, carrying cases and the like) of the machines of heading no. 8471","3 177","3 177",""
"","","[854239] Electronic integrated circuits; n.e.c. in heading no. 8542","16","","16"
"","Heard Island and McDonald Islands [HM]","[847330] Machinery; parts and accessories (other than covers, carrying cases and the like) of the machines of heading no. 8471","292","","292"
"","Honduras [HN]","[847330] Machinery; parts and accessories (other than covers, carrying cases and the like) of the machines of heading no. 8471","1 158","1 158",""
"","","[854231] Electronic integrated circuits; processors and controllers, whether or not combined with memories, converters, logic circuits, amplifiers, clock and timing circuits, or other circuits","1 876","1 876",""
"","","[854239] Electronic integrated circuits; n.e.c. in heading no. 8542","661 699","661 699",""
"","","[854290] Parts of electronic integrated circuits","51 282","","51 282"
"","Hong Kong [HK]","[847330] Machinery; parts and accessories (other than covers, carrying cases and the like) of the machines of heading no. 8471","710 921 254","693 136 321","17 784 933"
"","","[852351] Semiconductor media; solid-state non-volatile storage devices, whether or not recorded, excluding products of Chapter 37","229 244 979","225 038 854","4 206 125"
"","","[852352] Semiconductor media; smart cards,  whether or not recorded, excluding products of Chapter 37","1 606 080","1 161 098","444 982"
"","","[854231] Electronic integrated circuits; processors and controllers, whether or not combined with memories, converters, logic circuits, amplifiers, clock and timing circuits, or other circuits","25 970 565 354","25 954 046 045","16 519 310"
"","","[854232] Electronic integrated circuits; memories","5 190 741 732","5 182 021 590","8 720 143"
"","","[854233] Electronic integrated circuits; amplifiers","1 834 674 727","1 833 430 982","1 243 745"
"","","[854239] Electronic integrated circuits; n.e.c. in heading no. 8542","8 197 089 041","8 143 304 606","53 784 435"
"","","[854290] Parts of electronic integrated circuits","87 458 069","80 308 680","7 149 389"
"","Hungary [HU]","[847330] Machinery; parts and accessories (other than covers, carrying cases and the like) of the machines of heading no. 8471","14 652 475","13 350 238","1 302 237"
"","","[852351] Semiconductor media; solid-state non-volatile storage devices, whether or not recorded, excluding products of Chapter 37","13 081 490","9 470 933","3 610 557"
"","","[852352] Semiconductor media; smart cards,  whether or not recorded, excluding products of Chapter 37","67 054","","67 054"
"","","[854231] Electronic integrated circuits; processors and controllers, whether or not combined with memories, converters, logic circuits, amplifiers, clock and timing circuits, or other circuits","43 011 632","42 935 032","76 600"
"","","[854232] Electronic integrated circuits; memories","16 630 306","16 629 777","529"
"","","[854233] Electronic integrated circuits; amplifiers","9 810 739","9 790 845","19 893"
"","","[854239] Electronic integrated circuits; n.e.c. in heading no. 8542","35 495 672","35 449 272","46 400"
"","","[854290] Parts of electronic integrated circuits","3 330 712","246 136","3 084 576"
"","Iceland [IS]","[847330] Machinery; parts and accessories (other than covers, carrying cases and the like) of the machines of heading no. 8471","2 072","906","1 167"
"","","[854231] Electronic integrated circuits; processors and controllers, whether or not combined with memories, converters, logic circuits, amplifiers, clock and timing circuits, or other circuits","2 152","","2 152"
"","","[854239] Electronic integrated circuits; n.e.c. in heading no. 8542","3 878","","3 878"
"","India [IN]","[847330] Machinery; parts and accessories (other than covers, carrying cases and the like) of the machines of heading no. 8471","209 158 932","171 056 353","38 102 579"
"","","[852351] Semiconductor media; solid-state non-volatile storage devices, whether or not recorded, excluding products of Chapter 37","233 920 713","232 689 844","1 230 869"
"","","[852352] Semiconductor media; smart cards,  whether or not recorded, excluding products of Chapter 37","1 659 814","1 448 928","210 886"
"","","[854231] Electronic integrated circuits; processors and controllers, whether or not combined with memories, converters, logic circuits, amplifiers, clock and timing circuits, or other circuits","1 438 716 381","1 432 039 494","6 676 887"
"","","[854232] Electronic integrated circuits; memories","311 291 179","304 758 163","6 533 015"
"","","[854233] Electronic integrated circuits; amplifiers","82 687 633","82 554 671","132 962"
"","","[854239] Electronic integrated circuits; n.e.c. in heading no. 8542","791 746 534","790 377 666","1 368 868"
"","","[854290] Parts of electronic integrated circuits","57 495 544","55 783 344","1 712 201"
"","Indonesia [ID]","[847330] Machinery; parts and accessories (other than covers, carrying cases and the like) of the machines of heading no. 8471","500 846 075","300 392 742","200 453 333"
"","","[852351] Semiconductor media; solid-state non-volatile storage devices, whether or not recorded, excluding products of Chapter 37","9 889 211","9 755 408","133 803"
"","","[852352] Semiconductor media; smart cards,  whether or not recorded, excluding products of Chapter 37","2 705 877","2 658 149","47 727"
"","","[854231] Electronic integrated circuits; processors and controllers, whether or not combined with memories, converters, logic circuits, amplifiers, clock and timing circuits, or other circuits","921 188 859","895 499 039","25 689 820"
"","","[854232] Electronic integrated circuits; memories","24 650 666","24 302 872","347 794"
"","","[854233] Electronic integrated circuits; amplifiers","19 901 391","19 741 132","160 259"
"","","[854239] Electronic integrated circuits; n.e.c. in heading no. 8542","1 057 722 205","846 193 067","211 529 138"
"","","[854290] Parts of electronic integrated circuits","450 012 899","422 454 965","27 557 934"
"","Iraq [IQ]","[847330] Machinery; parts and accessories (other than covers, carrying cases and the like) of the machines of heading no. 8471","297","297",""
"","","[852351] Semiconductor media; solid-state non-volatile storage devices, whether or not recorded, excluding products of Chapter 37","30 780","30 780",""
"","","[852352] Semiconductor media; smart cards,  whether or not recorded, excluding products of Chapter 37","2","2",""
"","","[854231] Electronic integrated circuits; processors and controllers, whether or not combined with memories, converters, logic circuits, amplifiers, clock and timing circuits, or other circuits","42 020","42 020",""
"","","[854232] Electronic integrated circuits; memories","27 188","27 188",""
"","Ireland [IE]","[847330] Machinery; parts and accessories (other than covers, carrying cases and the like) of the machines of heading no. 8471","171 703 920","150 108 982","21 594 938"
"","","[852351] Semiconductor media; solid-state non-volatile storage devices, whether or not recorded, excluding products of Chapter 37","22 663 464","21 945 369","718 095"
"","","[852352] Semiconductor media; smart cards,  whether or not recorded, excluding products of Chapter 37","4 496 613","4 406 160","90 453"
"","","[854231] Electronic integrated circuits; processors and controllers, whether or not combined with memories, converters, logic circuits, amplifiers, clock and timing circuits, or other circuits","22 035 200","21 893 370","141 830"
"","","[854232] Electronic integrated circuits; memories","21 377","2 925","18 452"
"","","[854233] Electronic integrated circuits; amplifiers","219 356","3 351","216 005"
"","","[854239] Electronic integrated circuits; n.e.c. in heading no. 8542","15 603 610","2 545 498","13 058 112"
"","","[854290] Parts of electronic integrated circuits","25 969","3 278","22 690"
"","Israel [IL]","[847330] Machinery; parts and accessories (other than covers, carrying cases and the like) of the machines of heading no. 8471","7 090 220","3 225 240","3 864 980"
"","","[852351] Semiconductor media; solid-state non-volatile storage devices, whether or not recorded, excluding products of Chapter 37","1 854 600","1 657 898","196 702"
"","","[852352] Semiconductor media; smart cards,  whether or not recorded, excluding products of Chapter 37","45 922","29 297","16 625"
"","","[854231] Electronic integrated circuits; processors and controllers, whether or not combined with memories, converters, logic circuits, amplifiers, clock and timing circuits, or other circuits","61 799 555","58 729 856","3 069 699"
"","","[854232] Electronic integrated circuits; memories","4 576 927","4 450 902","126 024"
"","","[854233] Electronic integrated circuits; amplifiers","3 889 819","3 715 775","174 045"
"","","[854239] Electronic integrated circuits; n.e.c. in heading no. 8542","27 464 139","17 253 860","10 210 279"
"","","[854290] Parts of electronic integrated circuits","13 710","2 647","11 063"
"","Italy [IT]","[847330] Machinery; parts and accessories (other than covers, carrying cases and the like) of the machines of heading no. 8471","1 412 472","663 351","749 121"
"","","[852351] Semiconductor media; solid-state non-volatile storage devices, whether or not recorded, excluding products of Chapter 37","204 596","75 451","129 145"
"","","[852352] Semiconductor media; smart cards,  whether or not recorded, excluding products of Chapter 37","2 634 177","2 456 535","177 642"
"","","[854231] Electronic integrated circuits; processors and controllers, whether or not combined with memories, converters, logic circuits, amplifiers, clock and timing circuits, or other circuits","43 995 256","16 173 057","27 822 198"
"","","[854232] Electronic integrated circuits; memories","1 867 383","1 803 204","64 179"
"","","[854233] Electronic integrated circuits; amplifiers","73 398 339","878 096","72 520 243"
"","","[854239] Electronic integrated circuits; n.e.c. in heading no. 8542","856 246 623","113 395 855","742 850 769"
"","","[854290] Parts of electronic integrated circuits","1 053 933","283 747","770 187"
"","Jamaica [JM]","[847330] Machinery; parts and accessories (other than covers, carrying cases and the like) of the machines of heading no. 8471","2 900","2 900",""
"","Japan [JP]","[847330] Machinery; parts and accessories (other than covers, carrying cases and the like) of the machines of heading no. 8471","300 206 842","273 346 315","26 860 527"
"","","[852351] Semiconductor media; solid-state non-volatile storage devices, whether or not recorded, excluding products of Chapter 37","72 731 978","51 597 859","21 134 119"
"","","[852352] Semiconductor media; smart cards,  whether or not recorded, excluding products of Chapter 37","3 417 912","3 228 631","189 281"
"","","[854231] Electronic integrated circuits; processors and controllers, whether or not combined with memories, converters, logic circuits, amplifiers, clock and timing circuits, or other circuits","6 990 150 366","978 929 484","6 011 220 881"
"","","[854232] Electronic integrated circuits; memories","1 112 144 632","516 458 961","595 685 670"
"","","[854233] Electronic integrated circuits; amplifiers","56 176 290","36 771 037","19 405 253"
"","","[854239] Electronic integrated circuits; n.e.c. in heading no. 8542","1 338 957 765","1 000 573 554","338 384 211"
"","","[854290] Parts of electronic integrated circuits","100 326 188","29 273 777","71 052 411"
"","Jersey [JE]","[852351] Semiconductor media; solid-state non-volatile storage devices, whether or not recorded, excluding products of Chapter 37","815","815",""
"","Jordan [JO]","[847330] Machinery; parts and accessories (other than covers, carrying cases and the like) of the machines of heading no. 8471","7 200","7 200",""
"","","[852351] Semiconductor media; solid-state non-volatile storage devices, whether or not recorded, excluding products of Chapter 37","177","","177"
"","","[852352] Semiconductor media; smart cards,  whether or not recorded, excluding products of Chapter 37","73 376","73 376",""
"","","[854239] Electronic integrated circuits; n.e.c. in heading no. 8542","2 889","2 889",""
"","Kazakhstan [KZ]","[847330] Machinery; parts and accessories (other than covers, carrying cases and the like) of the machines of heading no. 8471","55 721","55 721",""
"","","[852351] Semiconductor media; solid-state non-volatile storage devices, whether or not recorded, excluding products of Chapter 37","2 358","2 358",""
"","","[854231] Electronic integrated circuits; processors and controllers, whether or not combined with memories, converters, logic circuits, amplifiers, clock and timing circuits, or other circuits","305 737","305 737",""
"","","[854239] Electronic integrated circuits; n.e.c. in heading no. 8542","170 753","170 753",""
"","Kenya [KE]","[847330] Machinery; parts and accessories (other than covers, carrying cases and the like) of the machines of heading no. 8471","1 121","782","340"
"","","[852351] Semiconductor media; solid-state non-volatile storage devices, whether or not recorded, excluding products of Chapter 37","21 998","21 998",""
"","","[854231] Electronic integrated circuits; processors and controllers, whether or not combined with memories, converters, logic circuits, amplifiers, clock and timing circuits, or other circuits","435 956","435 956",""
"","","[854233] Electronic integrated circuits; amplifiers","1 001 502","","1 001 502"
"","","[854239] Electronic integrated circuits; n.e.c. in heading no. 8542","114","","114"
"","Korea, Republic of [KR]","[847330] Machinery; parts and accessories (other than covers, carrying cases and the like) of the machines of heading no. 8471","1 159 610 763","65 055 071","1 094 555 693"
"","","[852351] Semiconductor media; solid-state non-volatile storage devices, whether or not recorded, excluding products of Chapter 37","324 823 492","24 386 590","300 436 902"
"","","[852352] Semiconductor media; smart cards,  whether or not recorded, excluding products of Chapter 37","3 607 513","214 840","3 392 674"
"","","[854231] Electronic integrated circuits; processors and controllers, whether or not combined with memories, converters, logic circuits, amplifiers, clock and timing circuits, or other circuits","18 245 021 186","3 706 399 726","14 538 621 460"
"","","[854232] Electronic integrated circuits; memories","2 131 559 953","1 058 340 578","1 073 219 375"
"","","[854233] Electronic integrated circuits; amplifiers","2 187 039 733","178 331 258","2 008 708 475"
"","","[854239] Electronic integrated circuits; n.e.c. in heading no. 8542","4 198 261 902","1 947 149 285","2 251 112 617"
"","","[854290] Parts of electronic integrated circuits","258 702 820","11 396 615","247 306 205"
"","Kuwait [KW]","[847330] Machinery; parts and accessories (other than covers, carrying cases and the like) of the machines of heading no. 8471","6 079","1 686","4 393"
"","","[852351] Semiconductor media; solid-state non-volatile storage devices, whether or not recorded, excluding products of Chapter 37","56 371","49 382","6 989"
"","","[854232] Electronic integrated circuits; memories","5 003","5 003",""
"","Kyrgyzstan [KG]","[847330] Machinery; parts and accessories (other than covers, carrying cases and the like) of the machines of heading no. 8471","24 181","24 181",""
"","Lao PDR [LA]","[847330] Machinery; parts and accessories (other than covers, carrying cases and the like) of the machines of heading no. 8471","166 211","149 599","16 613"
"","","[852351] Semiconductor media; solid-state non-volatile storage devices, whether or not recorded, excluding products of Chapter 37","73 120","73 120",""
"","","[854231] Electronic integrated circuits; processors and controllers, whether or not combined with memories, converters, logic circuits, amplifiers, clock and timing circuits, or other circuits","626","626",""
"","","[854290] Parts of electronic integrated circuits","1 856","1 856",""
"","Latvia [LV]","[847330] Machinery; parts and accessories (other than covers, carrying cases and the like) of the machines of heading no. 8471","439 782","211 547","228 235"
"","","[852351] Semiconductor media; solid-state non-volatile storage devices, whether or not recorded, excluding products of Chapter 37","28 191","28 191",""
"","","[852352] Semiconductor media; smart cards,  whether or not recorded, excluding products of Chapter 37","222 434","220 547","1 887"
"","","[854231] Electronic integrated circuits; processors and controllers, whether or not combined with memories, converters, logic circuits, amplifiers, clock and timing circuits, or other circuits","15 890 394","15 889 664","731"
"","","[854232] Electronic integrated circuits; memories","89 660","89 660",""
"","","[854233] Electronic integrated circuits; amplifiers","701 169","701 169",""
"","","[854239] Electronic integrated circuits; n.e.c. in heading no. 8542","9 772 557","9 772 557",""
"","Lebanon [LB]","[847330] Machinery; parts and accessories (other than covers, carrying cases and the like) of the machines of heading no. 8471","96 712","5 238","91 473"
"","","[852351] Semiconductor media; solid-state non-volatile storage devices, whether or not recorded, excluding products of Chapter 37","2 333","2 333",""
"","","[852352] Semiconductor media; smart cards,  whether or not recorded, excluding products of Chapter 37","2","2",""
"","","[854231] Electronic integrated circuits; processors and controllers, whether or not combined with memories, converters, logic circuits, amplifiers, clock and timing circuits, or other circuits","46 900","46 856","44"
"","Lesotho [LS]","[847330] Machinery; parts and accessories (other than covers, carrying cases and the like) of the machines of heading no. 8471","13 383","6 653","6 730"
"","Liberia [LR]","[847330] Machinery; parts and accessories (other than covers, carrying cases and the like) of the machines of heading no. 8471","503","503",""
"","Libyan Arab Jamahiriya [LY]","[852352] Semiconductor media; smart cards,  whether or not recorded, excluding products of Chapter 37","10","10",""
"","Lithuania [LT]","[847330] Machinery; parts and accessories (other than covers, carrying cases and the like) of the machines of heading no. 8471","98 920","92 877","6 043"
"","","[852351] Semiconductor media; solid-state non-volatile storage devices, whether or not recorded, excluding products of Chapter 37","10 446","10 446",""
"","","[852352] Semiconductor media; smart cards,  whether or not recorded, excluding products of Chapter 37","160","","160"
"","","[854231] Electronic integrated circuits; processors and controllers, whether or not combined with memories, converters, logic circuits, amplifiers, clock and timing circuits, or other circuits","48 775","19 052","29 722"
"","","[854232] Electronic integrated circuits; memories","392 954","392 954",""
"","","[854233] Electronic integrated circuits; amplifiers","39 821","39 821",""
"","","[854239] Electronic integrated circuits; n.e.c. in heading no. 8542","200 141","120 736","79 405"
"","","[854290] Parts of electronic integrated circuits","655","","655"
"","Luxembourg [LU]","[847330] Machinery; parts and accessories (other than covers, carrying cases and the like) of the machines of heading no. 8471","4 802","4 603","199"
"","","[852351] Semiconductor media; solid-state non-volatile storage devices, whether or not recorded, excluding products of Chapter 37","294","","294"
"","","[852352] Semiconductor media; smart cards,  whether or not recorded, excluding products of Chapter 37","213","","213"
"","","[854231] Electronic integrated circuits; processors and controllers, whether or not combined with memories, converters, logic circuits, amplifiers, clock and timing circuits, or other circuits","1 824 702","1 824 702",""
"","","[854233] Electronic integrated circuits; amplifiers","19 695","19 695",""
"","","[854239] Electronic integrated circuits; n.e.c. in heading no. 8542","103 023","103 023",""
"","Macao [MO]","[847330] Machinery; parts and accessories (other than covers, carrying cases and the like) of the machines of heading no. 8471","326 986","239 162","87 824"
"","","[852351] Semiconductor media; solid-state non-volatile storage devices, whether or not recorded, excluding products of Chapter 37","35 036","35 036",""
"","","[852352] Semiconductor media; smart cards,  whether or not recorded, excluding products of Chapter 37","211","211",""
"","","[854231] Electronic integrated circuits; processors and controllers, whether or not combined with memories, converters, logic circuits, amplifiers, clock and timing circuits, or other circuits","131 141","131 141",""
"","","[854232] Electronic integrated circuits; memories","61 543","61 543",""
"","","[854233] Electronic integrated circuits; amplifiers","1 917","1 913","4"
"","","[854239] Electronic integrated circuits; n.e.c. in heading no. 8542","3 541 762","3 488 004","53 757"
"","","[854290] Parts of electronic integrated circuits","69 563","69 563",""
"","Madagascar [MG]","[852351] Semiconductor media; solid-state non-volatile storage devices, whether or not recorded, excluding products of Chapter 37","15 540","15 540",""
"","Malawi [MW]","[854231] Electronic integrated circuits; processors and controllers, whether or not combined with memories, converters, logic circuits, amplifiers, clock and timing circuits, or other circuits","246","","246"
"","","[854239] Electronic integrated circuits; n.e.c. in heading no. 8542","6 515","","6 515"
"","Malaysia [MY]","[847330] Machinery; parts and accessories (other than covers, carrying cases and the like) of the machines of heading no. 8471","3 317 114 142","2 101 863 455","1 215 250 687"
"","","[852351] Semiconductor media; solid-state non-volatile storage devices, whether or not recorded, excluding products of Chapter 37","1 243 160 689","681 463 668","561 697 020"
"","","[852352] Semiconductor media; smart cards,  whether or not recorded, excluding products of Chapter 37","30 853 808","2 431 976","28 421 832"
"","","[854231] Electronic integrated circuits; processors and controllers, whether or not combined with memories, converters, logic circuits, amplifiers, clock and timing circuits, or other circuits","9 853 822 694","2 956 466 516","6 897 356 177"
"","","[854232] Electronic integrated circuits; memories","5 804 496 115","3 850 891 030","1 953 605 085"
"","","[854233] Electronic integrated circuits; amplifiers","458 730 450","182 828 202","275 902 249"
"","","[854239] Electronic integrated circuits; n.e.c. in heading no. 8542","8 022 865 459","3 981 950 547","4 040 914 912"
"","","[854290] Parts of electronic integrated circuits","1 112 626 188","548 127 417","564 498 771"
"","Maldives [MV]","[847330] Machinery; parts and accessories (other than covers, carrying cases and the like) of the machines of heading no. 8471","1 140 084","1 139 649","434"
"","","[852351] Semiconductor media; solid-state non-volatile storage devices, whether or not recorded, excluding products of Chapter 37","47 209","47 209",""
"","","[852352] Semiconductor media; smart cards,  whether or not recorded, excluding products of Chapter 37","8 033","8 033",""
"","","[854231] Electronic integrated circuits; processors and controllers, whether or not combined with memories, converters, logic circuits, amplifiers, clock and timing circuits, or other circuits","18 960","15 665","3 296"
"","","[854232] Electronic integrated circuits; memories","416","416",""
"","","[854239] Electronic integrated circuits; n.e.c. in heading no. 8542","740","","740"
"","","[854290] Parts of electronic integrated circuits","7 531","7 531",""
"","Mali [ML]","[847330] Machinery; parts and accessories (other than covers, carrying cases and the like) of the machines of heading no. 8471","2 770","","2 770"
"","","[852351] Semiconductor media; solid-state non-volatile storage devices, whether or not recorded, excluding products of Chapter 37","1 083","1 083",""
"","","[854231] Electronic integrated circuits; processors and controllers, whether or not combined with memories, converters, logic circuits, amplifiers, clock and timing circuits, or other circuits","146 727","146 727",""
"","","[854239] Electronic integrated circuits; n.e.c. in heading no. 8542","66 856","66 856",""
"","Malta [MT]","[847330] Machinery; parts and accessories (other than covers, carrying cases and the like) of the machines of heading no. 8471","69 049","14 786","54 263"
"","","[852351] Semiconductor media; solid-state non-volatile storage devices, whether or not recorded, excluding products of Chapter 37","12 789","5","12 785"
"","","[852352] Semiconductor media; smart cards,  whether or not recorded, excluding products of Chapter 37","16 104","15 142","963"
"","","[854231] Electronic integrated circuits; processors and controllers, whether or not combined with memories, converters, logic circuits, amplifiers, clock and timing circuits, or other circuits","64 219 203","893 646","63 325 556"
"","","[854232] Electronic integrated circuits; memories","6 843","6 843",""
"","","[854233] Electronic integrated circuits; amplifiers","9 926","4 917","5 010"
"","","[854239] Electronic integrated circuits; n.e.c. in heading no. 8542","71 143 839","35 456 835","35 687 004"
"","","[854290] Parts of electronic integrated circuits","688 763","145 318","543 445"
"","Marshall Islands [MH]","[854231] Electronic integrated circuits; processors and controllers, whether or not combined with memories, converters, logic circuits, amplifiers, clock and timing circuits, or other circuits","2 936","","2 936"
"","","[854239] Electronic integrated circuits; n.e.c. in heading no. 8542","140","","140"
"","Mauritania [MR]","[854231] Electronic integrated circuits; processors and controllers, whether or not combined with memories, converters, logic circuits, amplifiers, clock and timing circuits, or other circuits","156","","156"
"","","[854239] Electronic integrated circuits; n.e.c. in heading no. 8542","5 231","","5 231"
"","","[854290] Parts of electronic integrated circuits","2 799","2 799",""
"","Mauritius [MU]","[847330] Machinery; parts and accessories (other than covers, carrying cases and the like) of the machines of heading no. 8471","138 560","138 560",""
"","","[852351] Semiconductor media; solid-state non-volatile storage devices, whether or not recorded, excluding products of Chapter 37","67 780","67 780",""
"","","[852352] Semiconductor media; smart cards,  whether or not recorded, excluding products of Chapter 37","47 199","47 199",""
"","","[854231] Electronic integrated circuits; processors and controllers, whether or not combined with memories, converters, logic circuits, amplifiers, clock and timing circuits, or other circuits","1 419 140","1 419 140",""
"","","[854239] Electronic integrated circuits; n.e.c. in heading no. 8542","313 798","313 798",""
"","Mexico [MX]","[847330] Machinery; parts and accessories (other than covers, carrying cases and the like) of the machines of heading no. 8471","436 501 658","263 373 124","173 128 533"
"","","[852351] Semiconductor media; solid-state non-volatile storage devices, whether or not recorded, excluding products of Chapter 37","85 166 825","79 775 313","5 391 513"
"","","[852352] Semiconductor media; smart cards,  whether or not recorded, excluding products of Chapter 37","2 198 968","185 615","2 013 353"
"","","[854231] Electronic integrated circuits; processors and controllers, whether or not combined with memories, converters, logic circuits, amplifiers, clock and timing circuits, or other circuits","2 633 930 349","2 629 996 727","3 933 621"
"","","[854232] Electronic integrated circuits; memories","59 334 191","58 138 327","1 195 864"
"","","[854233] Electronic integrated circuits; amplifiers","77 849 099","63 781 923","14 067 177"
"","","[854239] Electronic integrated circuits; n.e.c. in heading no. 8542","554 907 115","501 580 199","53 326 916"
"","","[854290] Parts of electronic integrated circuits","11 584 649","2 778 086","8 806 564"
"","Micronesia, Federated States of [FM]","[847330] Machinery; parts and accessories (other than covers, carrying cases and the like) of the machines of heading no. 8471","528","528",""
"","Moldova, Republic of [MD]","[847330] Machinery; parts and accessories (other than covers, carrying cases and the like) of the machines of heading no. 8471","1 187","1 187",""
"","Monaco [MC]","[854231] Electronic integrated circuits; processors and controllers, whether or not combined with memories, converters, logic circuits, amplifiers, clock and timing circuits, or other circuits","2 013","","2 013"
"","Mongolia [MN]","[847330] Machinery; parts and accessories (other than covers, carrying cases and the like) of the machines of heading no. 8471","179 519","179 519",""
"","","[852351] Semiconductor media; solid-state non-volatile storage devices, whether or not recorded, excluding products of Chapter 37","39 415","39 415",""
"","","[852352] Semiconductor media; smart cards,  whether or not recorded, excluding products of Chapter 37","8 623","8 623",""
"","","[854231] Electronic integrated circuits; processors and controllers, whether or not combined with memories, converters, logic circuits, amplifiers, clock and timing circuits, or other circuits","15 698","15 698",""
"","","[854290] Parts of electronic integrated circuits","66 983","66 983",""
"","MONTENEGRO [ME]","[847330] Machinery; parts and accessories (other than covers, carrying cases and the like) of the machines of heading no. 8471","75 180","14 319","60 861"
"","","[854239] Electronic integrated circuits; n.e.c. in heading no. 8542","172","","172"
"","Montserrat [MS]","[852351] Semiconductor media; solid-state non-volatile storage devices, whether or not recorded, excluding products of Chapter 37","5","5",""
"","Morocco [MA]","[847330] Machinery; parts and accessories (other than covers, carrying cases and the like) of the machines of heading no. 8471","63 588","62 046","1 542"
"","","[852351] Semiconductor media; solid-state non-volatile storage devices, whether or not recorded, excluding products of Chapter 37","268","268",""
"","","[854231] Electronic integrated circuits; processors and controllers, whether or not combined with memories, converters, logic circuits, amplifiers, clock and timing circuits, or other circuits","101 491 531","55 758 220","45 733 311"
"","","[854232] Electronic integrated circuits; memories","580 231","127 202","453 029"
"","","[854233] Electronic integrated circuits; amplifiers","25 823 763","14 099 345","11 724 419"
"","","[854239] Electronic integrated circuits; n.e.c. in heading no. 8542","114 597 092","75 170 281","39 426 811"
"","","[854290] Parts of electronic integrated circuits","1 985 010","1 261 124","723 886"
"","Mozambique [MZ]","[852351] Semiconductor media; solid-state non-volatile storage devices, whether or not recorded, excluding products of Chapter 37","2 143","2 143",""
"","","[854239] Electronic integrated circuits; n.e.c. in heading no. 8542","15 115","","15 115"
"","Myanmar [MM]","[847330] Machinery; parts and accessories (other than covers, carrying cases and the like) of the machines of heading no. 8471","1 260 921","1 111 735","149 186"
"","","[852351] Semiconductor media; solid-state non-volatile storage devices, whether or not recorded, excluding products of Chapter 37","40 066","39 863","203"
"","","[852352] Semiconductor media; smart cards,  whether or not recorded, excluding products of Chapter 37","51 444","51 444",""
"","","[854231] Electronic integrated circuits; processors and controllers, whether or not combined with memories, converters, logic circuits, amplifiers, clock and timing circuits, or other circuits","2 825 174","262 219","2 562 955"
"","","[854232] Electronic integrated circuits; memories","25 800","25 800",""
"","","[854239] Electronic integrated circuits; n.e.c. in heading no. 8542","6 467 030","6 438 008","29 022"
"","","[854290] Parts of electronic integrated circuits","1 368","879","489"
"","Namibia [NA]","[847330] Machinery; parts and accessories (other than covers, carrying cases and the like) of the machines of heading no. 8471","32 976","4 591","28 385"
"","","[852351] Semiconductor media; solid-state non-volatile storage devices, whether or not recorded, excluding products of Chapter 37","3 475","","3 475"
"","","[854231] Electronic integrated circuits; processors and controllers, whether or not combined with memories, converters, logic circuits, amplifiers, clock and timing circuits, or other circuits","374 620","","374 620"
"","","[854232] Electronic integrated circuits; memories","32","","32"
"","","[854233] Electronic integrated circuits; amplifiers","113","","113"
"","","[854239] Electronic integrated circuits; n.e.c. in heading no. 8542","20 838","14 874","5 964"
"","","[854290] Parts of electronic integrated circuits","15 544","","15 544"
"","Nepal [NP]","[847330] Machinery; parts and accessories (other than covers, carrying cases and the like) of the machines of heading no. 8471","610 915","610 761","154"
"","","[852351] Semiconductor media; solid-state non-volatile storage devices, whether or not recorded, excluding products of Chapter 37","350 653","350 653",""
"","","[852352] Semiconductor media; smart cards,  whether or not recorded, excluding products of Chapter 37","89 129","89 129",""
"","","[854231] Electronic integrated circuits; processors and controllers, whether or not combined with memories, converters, logic circuits, amplifiers, clock and timing circuits, or other circuits","32 068","32 068",""
"","","[854232] Electronic integrated circuits; memories","15","15",""
"","","[854239] Electronic integrated circuits; n.e.c. in heading no. 8542","1 245","1 245",""
"","","[854290] Parts of electronic integrated circuits","2 808","2 808",""
"","Netherlands [NL]","[847330] Machinery; parts and accessories (other than covers, carrying cases and the like) of the machines of heading no. 8471","251 262 069","250 177 374","1 084 695"
"","","[852351] Semiconductor media; solid-state non-volatile storage devices, whether or not recorded, excluding products of Chapter 37","131 966 694","126 115 992","5 850 702"
"","","[852352] Semiconductor media; smart cards,  whether or not recorded, excluding products of Chapter 37","940 824","844 517","96 307"
"","","[854231] Electronic integrated circuits; processors and controllers, whether or not combined with memories, converters, logic circuits, amplifiers, clock and timing circuits, or other circuits","1 120 209 024","1 118 228 626","1 980 399"
"","","[854232] Electronic integrated circuits; memories","78 297 576","76 522 190","1 775 387"
"","","[854233] Electronic integrated circuits; amplifiers","18 837 068","18 756 251","80 817"
"","","[854239] Electronic integrated circuits; n.e.c. in heading no. 8542","189 165 656","185 790 369","3 375 287"
"","","[854290] Parts of electronic integrated circuits","416 599","254 562","162 037"
"","New Caledonia [NC]","[847330] Machinery; parts and accessories (other than covers, carrying cases and the like) of the machines of heading no. 8471","2 413","2 413",""
"","","[854231] Electronic integrated circuits; processors and controllers, whether or not combined with memories, converters, logic circuits, amplifiers, clock and timing circuits, or other circuits","1 028","1 028",""
"","","[854290] Parts of electronic integrated circuits","587","","587"
"","New Zealand [NZ]","[847330] Machinery; parts and accessories (other than covers, carrying cases and the like) of the machines of heading no. 8471","6 419 691","6 170 194","249 497"
"","","[852351] Semiconductor media; solid-state non-volatile storage devices, whether or not recorded, excluding products of Chapter 37","1 063 400","1 036 818","26 582"
"","","[852352] Semiconductor media; smart cards,  whether or not recorded, excluding products of Chapter 37","123 119","67 825","55 294"
"","","[854231] Electronic integrated circuits; processors and controllers, whether or not combined with memories, converters, logic circuits, amplifiers, clock and timing circuits, or other circuits","2 402 630","2 402 067","563"
"","","[854232] Electronic integrated circuits; memories","435 927","435 516","411"
"","","[854233] Electronic integrated circuits; amplifiers","402 655","402 655",""
"","","[854239] Electronic integrated circuits; n.e.c. in heading no. 8542","4 071 870","3 970 770","101 100"
"","","[854290] Parts of electronic integrated circuits","66 232","9 128","57 103"
"","Nicaragua [NI]","[852351] Semiconductor media; solid-state non-volatile storage devices, whether or not recorded, excluding products of Chapter 37","626","626",""
"","Niger [NE]","[847330] Machinery; parts and accessories (other than covers, carrying cases and the like) of the machines of heading no. 8471","107","","107"
"","","[852351] Semiconductor media; solid-state non-volatile storage devices, whether or not recorded, excluding products of Chapter 37","780","780",""
"","Nigeria [NG]","[847330] Machinery; parts and accessories (other than covers, carrying cases and the like) of the machines of heading no. 8471","28 206","26 026","2 180"
"","","[852351] Semiconductor media; solid-state non-volatile storage devices, whether or not recorded, excluding products of Chapter 37","165 690","165 690",""
"","","[852352] Semiconductor media; smart cards,  whether or not recorded, excluding products of Chapter 37","38","","38"
"","","[854231] Electronic integrated circuits; processors and controllers, whether or not combined with memories, converters, logic circuits, amplifiers, clock and timing circuits, or other circuits","7 641 012","7 641 012",""
"","","[854232] Electronic integrated circuits; memories","39 183","39 183",""
"","","[854239] Electronic integrated circuits; n.e.c. in heading no. 8542","988","","988"
"","Northern Mariana Islands [MP]","[847330] Machinery; parts and accessories (other than covers, carrying cases and the like) of the machines of heading no. 8471","264","","264"
"","","[852351] Semiconductor media; solid-state non-volatile storage devices, whether or not recorded, excluding products of Chapter 37","7","7",""
"","Norway [NO]","[847330] Machinery; parts and accessories (other than covers, carrying cases and the like) of the machines of heading no. 8471","866 358","25 368","840 990"
"","","[852351] Semiconductor media; solid-state non-volatile storage devices, whether or not recorded, excluding products of Chapter 37","98 697","73 548","25 149"
"","","[852352] Semiconductor media; smart cards,  whether or not recorded, excluding products of Chapter 37","781","","781"
"","","[854231] Electronic integrated circuits; processors and controllers, whether or not combined with memories, converters, logic circuits, amplifiers, clock and timing circuits, or other circuits","1 662 646","1 347 352","315 294"
"","","[854232] Electronic integrated circuits; memories","335 985","335 620","365"
"","","[854233] Electronic integrated circuits; amplifiers","104 806","87 560","17 246"
"","","[854239] Electronic integrated circuits; n.e.c. in heading no. 8542","3 901 528","2 589 094","1 312 434"
"","","[854290] Parts of electronic integrated circuits","113 394","","113 394"
"","Oman [OM]","[847330] Machinery; parts and accessories (other than covers, carrying cases and the like) of the machines of heading no. 8471","20 610","20 610",""
"","","[852351] Semiconductor media; solid-state non-volatile storage devices, whether or not recorded, excluding products of Chapter 37","13 645","13 645",""
"","","[852352] Semiconductor media; smart cards,  whether or not recorded, excluding products of Chapter 37","2 206","2 206",""
"","","[854232] Electronic integrated circuits; memories","267","","267"
"","","[854239] Electronic integrated circuits; n.e.c. in heading no. 8542","39 042","39 042",""
"","Pakistan [PK]","[847330] Machinery; parts and accessories (other than covers, carrying cases and the like) of the machines of heading no. 8471","2 822 109","2 704 393","117 716"
"","","[852351] Semiconductor media; solid-state non-volatile storage devices, whether or not recorded, excluding products of Chapter 37","144 564","144 125","439"
"","","[852352] Semiconductor media; smart cards,  whether or not recorded, excluding products of Chapter 37","198 419","198 295","124"
"","","[854231] Electronic integrated circuits; processors and controllers, whether or not combined with memories, converters, logic circuits, amplifiers, clock and timing circuits, or other circuits","1 386 202","1 384 604","1 598"
"","","[854233] Electronic integrated circuits; amplifiers","5 042","5 042",""
"","","[854239] Electronic integrated circuits; n.e.c. in heading no. 8542","267 329","267 324","5"
"","","[854290] Parts of electronic integrated circuits","143 737","143 737",""
"","Palau [PW]","[852351] Semiconductor media; solid-state non-volatile storage devices, whether or not recorded, excluding products of Chapter 37","101","101",""
"","Panama [PA]","[847330] Machinery; parts and accessories (other than covers, carrying cases and the like) of the machines of heading no. 8471","6 388","6 388",""
"","","[852351] Semiconductor media; solid-state non-volatile storage devices, whether or not recorded, excluding products of Chapter 37","60 414","28 687","31 727"
"","","[852352] Semiconductor media; smart cards,  whether or not recorded, excluding products of Chapter 37","1 042","1 042",""
"","","[854231] Electronic integrated circuits; processors and controllers, whether or not combined with memories, converters, logic circuits, amplifiers, clock and timing circuits, or other circuits","122","122",""
"","","[854233] Electronic integrated circuits; amplifiers","57","57",""
"","","[854239] Electronic integrated circuits; n.e.c. in heading no. 8542","12 195","277","11 919"
"","Papua New Guinea [PG]","[847330] Machinery; parts and accessories (other than covers, carrying cases and the like) of the machines of heading no. 8471","66 348","66 348",""
"","","[852351] Semiconductor media; solid-state non-volatile storage devices, whether or not recorded, excluding products of Chapter 37","45 593","45 300","293"
"","","[852352] Semiconductor media; smart cards,  whether or not recorded, excluding products of Chapter 37","169","169",""
"","","[854231] Electronic integrated circuits; processors and controllers, whether or not combined with memories, converters, logic circuits, amplifiers, clock and timing circuits, or other circuits","3 307","1 793","1 514"
"","","[854239] Electronic integrated circuits; n.e.c. in heading no. 8542","15 834","15 389","444"
"","Peru [PE]","[847330] Machinery; parts and accessories (other than covers, carrying cases and the like) of the machines of heading no. 8471","18 496","17 817","678"
"","","[852351] Semiconductor media; solid-state non-volatile storage devices, whether or not recorded, excluding products of Chapter 37","14 181","14 181",""
"","","[854239] Electronic integrated circuits; n.e.c. in heading no. 8542","7 137","7 137",""
"","Philippines [PH]","[847330] Machinery; parts and accessories (other than covers, carrying cases and the like) of the machines of heading no. 8471","197 673 352","54 767 733","142 905 619"
"","","[852351] Semiconductor media; solid-state non-volatile storage devices, whether or not recorded, excluding products of Chapter 37","37 562 415","2 311 356","35 251 059"
"","","[852352] Semiconductor media; smart cards,  whether or not recorded, excluding products of Chapter 37","411 618","379 098","32 520"
"","","[854231] Electronic integrated circuits; processors and controllers, whether or not combined with memories, converters, logic circuits, amplifiers, clock and timing circuits, or other circuits","1 721 993 461","361 508 608","1 360 484 853"
"","","[854232] Electronic integrated circuits; memories","47 647 106","21 686 386","25 960 721"
"","","[854233] Electronic integrated circuits; amplifiers","40 914 005","10 816 837","30 097 168"
"","","[854239] Electronic integrated circuits; n.e.c. in heading no. 8542","1 567 328 287","742 523 234","824 805 052"
"","","[854290] Parts of electronic integrated circuits","90 241 309","18 678 756","71 562 553"
"","Pitcairn [PN]","[854239] Electronic integrated circuits; n.e.c. in heading no. 8542","341","","341"
"","Poland [PL]","[847330] Machinery; parts and accessories (other than covers, carrying cases and the like) of the machines of heading no. 8471","44 510 640","43 571 434","939 206"
"","","[852351] Semiconductor media; solid-state non-volatile storage devices, whether or not recorded, excluding products of Chapter 37","64 437","42 245","22 192"
"","","[852352] Semiconductor media; smart cards,  whether or not recorded, excluding products of Chapter 37","1 173 560","712 027","461 533"
"","","[854231] Electronic integrated circuits; processors and controllers, whether or not combined with memories, converters, logic circuits, amplifiers, clock and timing circuits, or other circuits","109 535 547","109 043 318","492 229"
"","","[854232] Electronic integrated circuits; memories","24 070 126","24 068 287","1 839"
"","","[854233] Electronic integrated circuits; amplifiers","373 241","372 926","316"
"","","[854239] Electronic integrated circuits; n.e.c. in heading no. 8542","26 773 665","26 678 951","94 714"
"","","[854290] Parts of electronic integrated circuits","84 502","","84 502"
"","Portugal [PT]","[847330] Machinery; parts and accessories (other than covers, carrying cases and the like) of the machines of heading no. 8471","103 801","70 241","33 560"
"","","[852352] Semiconductor media; smart cards,  whether or not recorded, excluding products of Chapter 37","17 723","5 305","12 418"
"","","[854231] Electronic integrated circuits; processors and controllers, whether or not combined with memories, converters, logic circuits, amplifiers, clock and timing circuits, or other circuits","328 544 834","318 947 281","9 597 553"
"","","[854232] Electronic integrated circuits; memories","7 527 184","7 527 184",""
"","","[854233] Electronic integrated circuits; amplifiers","46 925","46 925",""
"","","[854239] Electronic integrated circuits; n.e.c. in heading no. 8542","193 649 377","8 809 166","184 840 211"
"","","[854290] Parts of electronic integrated circuits","64 059","","64 059"
"","Puerto Rico [PR]","[847330] Machinery; parts and accessories (other than covers, carrying cases and the like) of the machines of heading no. 8471","3 881 554","486 267","3 395 287"
"","","[852351] Semiconductor media; solid-state non-volatile storage devices, whether or not recorded, excluding products of Chapter 37","1 828","1 195","633"
"","","[852352] Semiconductor media; smart cards,  whether or not recorded, excluding products of Chapter 37","14 475","14 475",""
"","","[854231] Electronic integrated circuits; processors and controllers, whether or not combined with memories, converters, logic circuits, amplifiers, clock and timing circuits, or other circuits","456 208","191 824","264 384"
"","","[854232] Electronic integrated circuits; memories","96","","96"
"","","[854233] Electronic integrated circuits; amplifiers","3 826","3 826",""
"","","[854239] Electronic integrated circuits; n.e.c. in heading no. 8542","178 939","178 939",""
"","Qatar [QA]","[847330] Machinery; parts and accessories (other than covers, carrying cases and the like) of the machines of heading no. 8471","258 510","258 510",""
"","","[852351] Semiconductor media; solid-state non-volatile storage devices, whether or not recorded, excluding products of Chapter 37","26 996","26 996",""
"","","[852352] Semiconductor media; smart cards,  whether or not recorded, excluding products of Chapter 37","107 462","107 462",""
"","","[854231] Electronic integrated circuits; processors and controllers, whether or not combined with memories, converters, logic circuits, amplifiers, clock and timing circuits, or other circuits","2 752 851","2 752 851",""
"","","[854233] Electronic integrated circuits; amplifiers","5 895","5 895",""
"","","[854239] Electronic integrated circuits; n.e.c. in heading no. 8542","45 188","45 188",""
"","","[854290] Parts of electronic integrated circuits","50 522","50 522",""
"","Reunion [RE]","[847330] Machinery; parts and accessories (other than covers, carrying cases and the like) of the machines of heading no. 8471","711","","711"
"","Romania [RO]","[847330] Machinery; parts and accessories (other than covers, carrying cases and the like) of the machines of heading no. 8471","1 293 013","1 033 277","259 736"
"","","[852351] Semiconductor media; solid-state non-volatile storage devices, whether or not recorded, excluding products of Chapter 37","100 904","80 063","20 841"
"","","[852352] Semiconductor media; smart cards,  whether or not recorded, excluding products of Chapter 37","1 412","1 412",""
"","","[854231] Electronic integrated circuits; processors and controllers, whether or not combined with memories, converters, logic circuits, amplifiers, clock and timing circuits, or other circuits","24 882 665","24 795 997","86 669"
"","","[854232] Electronic integrated circuits; memories","1 542 951","1 412 010","130 940"
"","","[854233] Electronic integrated circuits; amplifiers","534 657","534 657",""
"","","[854239] Electronic integrated circuits; n.e.c. in heading no. 8542","16 310 682","16 293 367","17 315"
"","","[854290] Parts of electronic integrated circuits","15 196","10 848","4 348"
"","Russian Federation [RU]","[847330] Machinery; parts and accessories (other than covers, carrying cases and the like) of the machines of heading no. 8471","122 492","120 749","1 742"
"","","[852351] Semiconductor media; solid-state non-volatile storage devices, whether or not recorded, excluding products of Chapter 37","394 612","394 612",""
"","Rwanda [RW]","[847330] Machinery; parts and accessories (other than covers, carrying cases and the like) of the machines of heading no. 8471","50 086","","50 086"
"","Saint Helena [SH]","[852351] Semiconductor media; solid-state non-volatile storage devices, whether or not recorded, excluding products of Chapter 37","1 042","","1 042"
"","Saint Pierre and Miquelon [PM]","[854239] Electronic integrated circuits; n.e.c. in heading no. 8542","1 282","","1 282"
"","San Marino [SM]","[854290] Parts of electronic integrated circuits","2 327","","2 327"
"","Sao Tomé and Principe [ST]","[854239] Electronic integrated circuits; n.e.c. in heading no. 8542","12 826","","12 826"
"","Saudi Arabia [SA]","[847330] Machinery; parts and accessories (other than covers, carrying cases and the like) of the machines of heading no. 8471","212 986","150 904","62 082"
"","","[852351] Semiconductor media; solid-state non-volatile storage devices, whether or not recorded, excluding products of Chapter 37","304 781","303 762","1 019"
"","","[852352] Semiconductor media; smart cards,  whether or not recorded, excluding products of Chapter 37","13 330 454","13 330 441","12"
"","","[854231] Electronic integrated circuits; processors and controllers, whether or not combined with memories, converters, logic circuits, amplifiers, clock and timing circuits, or other circuits","5 631 980","5 631 479","502"
"","","[854233] Electronic integrated circuits; amplifiers","24 687","24 687",""
"","","[854239] Electronic integrated circuits; n.e.c. in heading no. 8542","279 635","279 635",""
"","","[854290] Parts of electronic integrated circuits","43 275","43 275",""
"","Senegal [SN]","[847330] Machinery; parts and accessories (other than covers, carrying cases and the like) of the machines of heading no. 8471","77","","77"
"","","[852352] Semiconductor media; smart cards,  whether or not recorded, excluding products of Chapter 37","42 875","42 840","36"
"","SERBIA [RS]","[847330] Machinery; parts and accessories (other than covers, carrying cases and the like) of the machines of heading no. 8471","56 686","2 434","54 252"
"","","[852351] Semiconductor media; solid-state non-volatile storage devices, whether or not recorded, excluding products of Chapter 37","4 239","4 239",""
"","","[852352] Semiconductor media; smart cards,  whether or not recorded, excluding products of Chapter 37","34 232","34 207","25"
"","","[854231] Electronic integrated circuits; processors and controllers, whether or not combined with memories, converters, logic circuits, amplifiers, clock and timing circuits, or other circuits","1 174 148","1 174 148",""
"","","[854232] Electronic integrated circuits; memories","172 963","172 963",""
"","","[854233] Electronic integrated circuits; amplifiers","27 423","27 423",""
"","","[854239] Electronic integrated circuits; n.e.c. in heading no. 8542","2 124 654","2 108 145","16 510"
"","","[854290] Parts of electronic integrated circuits","445 451","445 451",""
"","Seychelles [SC]","[847330] Machinery; parts and accessories (other than covers, carrying cases and the like) of the machines of heading no. 8471","110 194","106 248","3 946"
"","","[852352] Semiconductor media; smart cards,  whether or not recorded, excluding products of Chapter 37","893","893",""
"","","[854290] Parts of electronic integrated circuits","10 297","10 297",""
"","Sierra Leone [SL]","[847330] Machinery; parts and accessories (other than covers, carrying cases and the like) of the machines of heading no. 8471","534","","534"
"","Slovakia [SK]","[847330] Machinery; parts and accessories (other than covers, carrying cases and the like) of the machines of heading no. 8471","696 629","545 385","151 244"
"","","[852351] Semiconductor media; solid-state non-volatile storage devices, whether or not recorded, excluding products of Chapter 37","10 353","1 903","8 451"
"","","[852352] Semiconductor media; smart cards,  whether or not recorded, excluding products of Chapter 37","2 394","2 394",""
"","","[854231] Electronic integrated circuits; processors and controllers, whether or not combined with memories, converters, logic circuits, amplifiers, clock and timing circuits, or other circuits","745 743","720 846","24 897"
"","","[854232] Electronic integrated circuits; memories","1 839 667","1 838 838","829"
"","","[854233] Electronic integrated circuits; amplifiers","92 154","91 504","650"
"","","[854239] Electronic integrated circuits; n.e.c. in heading no. 8542","5 947 852","5 898 838","49 014"
"","","[854290] Parts of electronic integrated circuits","151 620","","151 620"
"","Slovenia [SI]","[847330] Machinery; parts and accessories (other than covers, carrying cases and the like) of the machines of heading no. 8471","236 087","107 608","128 479"
"","","[852351] Semiconductor media; solid-state non-volatile storage devices, whether or not recorded, excluding products of Chapter 37","91 355","89 877","1 478"
"","","[854231] Electronic integrated circuits; processors and controllers, whether or not combined with memories, converters, logic circuits, amplifiers, clock and timing circuits, or other circuits","724 474","629 013","95 461"
"","","[854232] Electronic integrated circuits; memories","71 754","71 306","447"
"","","[854233] Electronic integrated circuits; amplifiers","21 598","21 053","545"
"","","[854239] Electronic integrated circuits; n.e.c. in heading no. 8542","130 584","121 985","8 599"
"","","[854290] Parts of electronic integrated circuits","337 793","","337 793"
"","Solomon Islands [SB]","[847330] Machinery; parts and accessories (other than covers, carrying cases and the like) of the machines of heading no. 8471","273","","273"
"","","[852351] Semiconductor media; solid-state non-volatile storage devices, whether or not recorded, excluding products of Chapter 37","4 525","4 525",""
"","South Africa [ZA]","[847330] Machinery; parts and accessories (other than covers, carrying cases and the like) of the machines of heading no. 8471","69 442","67 504","1 938"
"","","[852351] Semiconductor media; solid-state non-volatile storage devices, whether or not recorded, excluding products of Chapter 37","99 423","99 090","334"
"","","[852352] Semiconductor media; smart cards,  whether or not recorded, excluding products of Chapter 37","2 543 444","2 543 377","67"
"","","[854231] Electronic integrated circuits; processors and controllers, whether or not combined with memories, converters, logic circuits, amplifiers, clock and timing circuits, or other circuits","2 252 500","2 226 042","26 457"
"","","[854232] Electronic integrated circuits; memories","182 350","182 345","5"
"","","[854233] Electronic integrated circuits; amplifiers","121 106","121 106",""
"","","[854239] Electronic integrated circuits; n.e.c. in heading no. 8542","888 085","887 873","212"
"","","[854290] Parts of electronic integrated circuits","8 379","8 379",""
"","South Sudan [SS]","[852351] Semiconductor media; solid-state non-volatile storage devices, whether or not recorded, excluding products of Chapter 37","2 137","2 137",""
"","Spain [ES]","[847330] Machinery; parts and accessories (other than covers, carrying cases and the like) of the machines of heading no. 8471","874 555","513 694","360 861"
"","","[852351] Semiconductor media; solid-state non-volatile storage devices, whether or not recorded, excluding products of Chapter 37","107 488","102 496","4 992"
"","","[852352] Semiconductor media; smart cards,  whether or not recorded, excluding products of Chapter 37","1 981 491","1 951 614","29 877"
"","","[854231] Electronic integrated circuits; processors and controllers, whether or not combined with memories, converters, logic circuits, amplifiers, clock and timing circuits, or other circuits","5 183 207","4 798 528","384 679"
"","","[854232] Electronic integrated circuits; memories","37 137","11 061","26 075"
"","","[854233] Electronic integrated circuits; amplifiers","421 893","420 258","1 635"
"","","[854239] Electronic integrated circuits; n.e.c. in heading no. 8542","2 255 953","2 216 433","39 519"
"","","[854290] Parts of electronic integrated circuits","410 263","12 044","398 219"
"","Sri Lanka [LK]","[847330] Machinery; parts and accessories (other than covers, carrying cases and the like) of the machines of heading no. 8471","1 767 655","1 643 365","124 290"
"","","[852351] Semiconductor media; solid-state non-volatile storage devices, whether or not recorded, excluding products of Chapter 37","526 943","526 943",""
"","","[852352] Semiconductor media; smart cards,  whether or not recorded, excluding products of Chapter 37","22 815","22 815",""
"","","[854231] Electronic integrated circuits; processors and controllers, whether or not combined with memories, converters, logic circuits, amplifiers, clock and timing circuits, or other circuits","1 852 905","1 852 600","305"
"","","[854232] Electronic integrated circuits; memories","462 813","462 813",""
"","","[854233] Electronic integrated circuits; amplifiers","130 720","130 720",""
"","","[854239] Electronic integrated circuits; n.e.c. in heading no. 8542","2 388 302","2 385 801","2 501"
"","","[854290] Parts of electronic integrated circuits","267 391","253 814","13 577"
"","St Kitts and Nevis [KN]","[854239] Electronic integrated circuits; n.e.c. in heading no. 8542","1 244 613","1 244 613",""
"","Sudan [SD]","[852351] Semiconductor media; solid-state non-volatile storage devices, whether or not recorded, excluding products of Chapter 37","246","","246"
"","Swaziland [SZ]","[854231] Electronic integrated circuits; processors and controllers, whether or not combined with memories, converters, logic circuits, amplifiers, clock and timing circuits, or other circuits","1 794","","1 794"
"","","[854232] Electronic integrated circuits; memories","11 092","","11 092"
"","","[854239] Electronic integrated circuits; n.e.c. in heading no. 8542","5 866","5 866",""
"","Sweden [SE]","[847330] Machinery; parts and accessories (other than covers, carrying cases and the like) of the machines of heading no. 8471","254 771","74 058","180 713"
"","","[852351] Semiconductor media; solid-state non-volatile storage devices, whether or not recorded, excluding products of Chapter 37","966 816","143 756","823 060"
"","","[852352] Semiconductor media; smart cards,  whether or not recorded, excluding products of Chapter 37","11 952","","11 952"
"","","[854231] Electronic integrated circuits; processors and controllers, whether or not combined with memories, converters, logic circuits, amplifiers, clock and timing circuits, or other circuits","4 836 516","3 973 457","863 059"
"","","[854232] Electronic integrated circuits; memories","8 666 404","8 654 257","12 147"
"","","[854233] Electronic integrated circuits; amplifiers","309 948","308 970","978"
"","","[854239] Electronic integrated circuits; n.e.c. in heading no. 8542","2 480 781","1 975 950","504 832"
"","","[854290] Parts of electronic integrated circuits","43 460","14 549","28 911"
"","Switzerland [CH]","[847330] Machinery; parts and accessories (other than covers, carrying cases and the like) of the machines of heading no. 8471","4 330 609","1 132 005","3 198 604"
"","","[852351] Semiconductor media; solid-state non-volatile storage devices, whether or not recorded, excluding products of Chapter 37","1 127 009","28 376","1 098 633"
"","","[852352] Semiconductor media; smart cards,  whether or not recorded, excluding products of Chapter 37","75 688","33 632","42 056"
"","","[854231] Electronic integrated circuits; processors and controllers, whether or not combined with memories, converters, logic circuits, amplifiers, clock and timing circuits, or other circuits","6 386 772","4 602 577","1 784 195"
"","","[854232] Electronic integrated circuits; memories","3 212 484","2 949 757","262 727"
"","","[854233] Electronic integrated circuits; amplifiers","722 203","596 515","125 688"
"","","[854239] Electronic integrated circuits; n.e.c. in heading no. 8542","10 792 372","6 633 707","4 158 665"
"","","[854290] Parts of electronic integrated circuits","1 057 255","230 441","826 814"
"","Syrian Arab Republic [SY]","[852352] Semiconductor media; smart cards,  whether or not recorded, excluding products of Chapter 37","1","1",""
"","Taiwan [TW]","[847330] Machinery; parts and accessories (other than covers, carrying cases and the like) of the machines of heading no. 8471","11 694 570 458","4 908 073 196","6 786 497 262"
"","","[852351] Semiconductor media; solid-state non-volatile storage devices, whether or not recorded, excluding products of Chapter 37","1 095 097 808","439 374 094","655 723 714"
"","","[852352] Semiconductor media; smart cards,  whether or not recorded, excluding products of Chapter 37","2 675 012","492 760","2 182 251"
"","","[854231] Electronic integrated circuits; processors and controllers, whether or not combined with memories, converters, logic circuits, amplifiers, clock and timing circuits, or other circuits","31 236 606 120","4 337 111 638","26 899 494 483"
"","","[854232] Electronic integrated circuits; memories","7 899 076 284","3 944 052 501","3 955 023 784"
"","","[854233] Electronic integrated circuits; amplifiers","498 391 608","322 586 250","175 805 358"
"","","[854239] Electronic integrated circuits; n.e.c. in heading no. 8542","26 034 071 161","3 803 971 506","22 230 099 655"
"","","[854290] Parts of electronic integrated circuits","1 308 928 293","234 618 221","1 074 310 072"
"","Tajikistan [TJ]","[854231] Electronic integrated circuits; processors and controllers, whether or not combined with memories, converters, logic circuits, amplifiers, clock and timing circuits, or other circuits","58 344","58 344",""
"","Tanzania, United Republic of [TZ]","[852351] Semiconductor media; solid-state non-volatile storage devices, whether or not recorded, excluding products of Chapter 37","17 162","17 162",""
"","","[854231] Electronic integrated circuits; processors and controllers, whether or not combined with memories, converters, logic circuits, amplifiers, clock and timing circuits, or other circuits","217 450","217 450",""
"","","[854239] Electronic integrated circuits; n.e.c. in heading no. 8542","5 053","","5 053"
"","Thailand [TH]","[847330] Machinery; parts and accessories (other than covers, carrying cases and the like) of the machines of heading no. 8471","246 088 851","61 609 506","184 479 345"
"","","[852351] Semiconductor media; solid-state non-volatile storage devices, whether or not recorded, excluding products of Chapter 37","982 657 483","107 988 485","874 668 998"
"","","[852352] Semiconductor media; smart cards,  whether or not recorded, excluding products of Chapter 37","5 962 548","1 071 884","4 890 665"
"","","[854231] Electronic integrated circuits; processors and controllers, whether or not combined with memories, converters, logic circuits, amplifiers, clock and timing circuits, or other circuits","9 808 439 121","9 500 358 081","308 081 040"
"","","[854232] Electronic integrated circuits; memories","478 450 363","197 578 666","280 871 696"
"","","[854233] Electronic integrated circuits; amplifiers","56 913 635","19 733 214","37 180 421"
"","","[854239] Electronic integrated circuits; n.e.c. in heading no. 8542","3 118 040 569","2 322 129 285","795 911 284"
"","","[854290] Parts of electronic integrated circuits","172 077 711","113 495 732","58 581 979"
"","Timor-Leste [TL]","[847330] Machinery; parts and accessories (other than covers, carrying cases and the like) of the machines of heading no. 8471","97 901","97 901",""
"","","[852351] Semiconductor media; solid-state non-volatile storage devices, whether or not recorded, excluding products of Chapter 37","239","239",""
"","","[854231] Electronic integrated circuits; processors and controllers, whether or not combined with memories, converters, logic circuits, amplifiers, clock and timing circuits, or other circuits","1 723","1 723",""
"","","[854239] Electronic integrated circuits; n.e.c. in heading no. 8542","576","","576"
"","Togo [TG]","[847330] Machinery; parts and accessories (other than covers, carrying cases and the like) of the machines of heading no. 8471","37 544","37 544",""
"","","[852351] Semiconductor media; solid-state non-volatile storage devices, whether or not recorded, excluding products of Chapter 37","14 233","14 233",""
"","Trinidad and Tobago [TT]","[847330] Machinery; parts and accessories (other than covers, carrying cases and the like) of the machines of heading no. 8471","58 436","58 318","118"
"","","[854231] Electronic integrated circuits; processors and controllers, whether or not combined with memories, converters, logic circuits, amplifiers, clock and timing circuits, or other circuits","17 146","","17 146"
"","Tunisia [TN]","[847330] Machinery; parts and accessories (other than covers, carrying cases and the like) of the machines of heading no. 8471","10 113","6 403","3 710"
"","","[852351] Semiconductor media; solid-state non-volatile storage devices, whether or not recorded, excluding products of Chapter 37","916","916",""
"","","[852352] Semiconductor media; smart cards,  whether or not recorded, excluding products of Chapter 37","383 944","383 944",""
"","","[854231] Electronic integrated circuits; processors and controllers, whether or not combined with memories, converters, logic circuits, amplifiers, clock and timing circuits, or other circuits","11 324 278","11 322 515","1 764"
"","","[854232] Electronic integrated circuits; memories","441 604","441 604",""
"","","[854233] Electronic integrated circuits; amplifiers","66 920","66 920",""
"","","[854239] Electronic integrated circuits; n.e.c. in heading no. 8542","4 112 803","4 094 868","17 935"
"","","[854290] Parts of electronic integrated circuits","49 782","","49 782"
"","Turkey [TR]","[847330] Machinery; parts and accessories (other than covers, carrying cases and the like) of the machines of heading no. 8471","1 087 171","1 079 351","7 820"
"","","[852351] Semiconductor media; solid-state non-volatile storage devices, whether or not recorded, excluding products of Chapter 37","277 353","276 976","376"
"","","[852352] Semiconductor media; smart cards,  whether or not recorded, excluding products of Chapter 37","558","342","217"
"","","[854231] Electronic integrated circuits; processors and controllers, whether or not combined with memories, converters, logic circuits, amplifiers, clock and timing circuits, or other circuits","15 245 490","15 244 031","1 459"
"","","[854232] Electronic integrated circuits; memories","464 823","105 178","359 645"
"","","[854233] Electronic integrated circuits; amplifiers","247 935","247 449","486"
"","","[854239] Electronic integrated circuits; n.e.c. in heading no. 8542","4 791 408","4 781 407","10 001"
"","","[854290] Parts of electronic integrated circuits","554 163","553 757","407"
"","Turkmenistan [TM]","[854239] Electronic integrated circuits; n.e.c. in heading no. 8542","1 039","","1 039"
"","","[854290] Parts of electronic integrated circuits","53","53",""
"","Turks and Caicos Islands [TC]","[854232] Electronic integrated circuits; memories","63 269","63 269",""
"","","[854239] Electronic integrated circuits; n.e.c. in heading no. 8542","64 129","","64 129"
"","Tuvalu [TV]","[847330] Machinery; parts and accessories (other than covers, carrying cases and the like) of the machines of heading no. 8471","100","","100"
"","","[854239] Electronic integrated circuits; n.e.c. in heading no. 8542","9 767","","9 767"
"","Uganda [UG]","[847330] Machinery; parts and accessories (other than covers, carrying cases and the like) of the machines of heading no. 8471","4 423","4 423",""
"","","[852351] Semiconductor media; solid-state non-volatile storage devices, whether or not recorded, excluding products of Chapter 37","4 840","4 840",""
"","","[854231] Electronic integrated circuits; processors and controllers, whether or not combined with memories, converters, logic circuits, amplifiers, clock and timing circuits, or other circuits","7 059","7 059",""
"","Ukraine [UA]","[847330] Machinery; parts and accessories (other than covers, carrying cases and the like) of the machines of heading no. 8471","16 007","229","15 778"
"","","[852351] Semiconductor media; solid-state non-volatile storage devices, whether or not recorded, excluding products of Chapter 37","683 524","683 320","204"
"","","[854231] Electronic integrated circuits; processors and controllers, whether or not combined with memories, converters, logic circuits, amplifiers, clock and timing circuits, or other circuits","13 960","13 960",""
"","","[854232] Electronic integrated circuits; memories","4 009","","4 009"
"","","[854233] Electronic integrated circuits; amplifiers","135 798","135 798",""
"","","[854239] Electronic integrated circuits; n.e.c. in heading no. 8542","263 283","263 263","20"
"","United Arab Emirates [AE]","[847330] Machinery; parts and accessories (other than covers, carrying cases and the like) of the machines of heading no. 8471","5 686 398","5 527 139","159 259"
"","","[852351] Semiconductor media; solid-state non-volatile storage devices, whether or not recorded, excluding products of Chapter 37","831 566","748 547","83 018"
"","","[852352] Semiconductor media; smart cards,  whether or not recorded, excluding products of Chapter 37","184 374","179 962","4 412"
"","","[854231] Electronic integrated circuits; processors and controllers, whether or not combined with memories, converters, logic circuits, amplifiers, clock and timing circuits, or other circuits","2 664 743","2 495 022","169 721"
"","","[854232] Electronic integrated circuits; memories","2 091 197","7 261","2 083 937"
"","","[854233] Electronic integrated circuits; amplifiers","60 564","60 456","108"
"","","[854239] Electronic integrated circuits; n.e.c. in heading no. 8542","1 026 784","773 434","253 350"
"","","[854290] Parts of electronic integrated circuits","12 314","12 314",""
"","United Kingdom [GB]","[847330] Machinery; parts and accessories (other than covers, carrying cases and the like) of the machines of heading no. 8471","19 887 597","16 949 249","2 938 347"
"","","[852351] Semiconductor media; solid-state non-volatile storage devices, whether or not recorded, excluding products of Chapter 37","1 601 841","830 716","771 125"
"","","[852352] Semiconductor media; smart cards,  whether or not recorded, excluding products of Chapter 37","2 190 982","1 965 100","225 882"
"","","[854231] Electronic integrated circuits; processors and controllers, whether or not combined with memories, converters, logic circuits, amplifiers, clock and timing circuits, or other circuits","32 327 576","29 787 730","2 539 846"
"","","[854232] Electronic integrated circuits; memories","2 490 127","2 079 518","410 609"
"","","[854233] Electronic integrated circuits; amplifiers","1 785 774","979 263","806 511"
"","","[854239] Electronic integrated circuits; n.e.c. in heading no. 8542","24 287 900","16 488 334","7 799 566"
"","","[854290] Parts of electronic integrated circuits","1 465 881","307 331","1 158 550"
"","United States  Minor Outlying islands [UM]","[847330] Machinery; parts and accessories (other than covers, carrying cases and the like) of the machines of heading no. 8471","895","","895"
"","","[854233] Electronic integrated circuits; amplifiers","48 775","48 775",""
"","","[854239] Electronic integrated circuits; n.e.c. in heading no. 8542","1 922","1 922",""
"","United states [US]","[847330] Machinery; parts and accessories (other than covers, carrying cases and the like) of the machines of heading no. 8471","2 031 562 003","1 914 730 203","116 831 800"
"","","[852351] Semiconductor media; solid-state non-volatile storage devices, whether or not recorded, excluding products of Chapter 37","2 137 278 052","2 066 463 868","70 814 183"
"","","[852352] Semiconductor media; smart cards,  whether or not recorded, excluding products of Chapter 37","33 073 180","25 314 173","7 759 007"
"","","[854231] Electronic integrated circuits; processors and controllers, whether or not combined with memories, converters, logic circuits, amplifiers, clock and timing circuits, or other circuits","3 565 484 567","3 237 227 356","328 257 211"
"","","[854232] Electronic integrated circuits; memories","804 133 382","411 143 515","392 989 867"
"","","[854233] Electronic integrated circuits; amplifiers","108 071 372","81 034 221","27 037 152"
"","","[854239] Electronic integrated circuits; n.e.c. in heading no. 8542","1 640 204 114","1 312 376 626","327 827 489"
"","","[854290] Parts of electronic integrated circuits","98 923 097","9 451 590","89 471 508"
"","Uruguay [UY]","[847330] Machinery; parts and accessories (other than covers, carrying cases and the like) of the machines of heading no. 8471","4 832","4 832",""
"","","[854239] Electronic integrated circuits; n.e.c. in heading no. 8542","6 140","","6 140"
"","Uzbekistan [UZ]","[854231] Electronic integrated circuits; processors and controllers, whether or not combined with memories, converters, logic circuits, amplifiers, clock and timing circuits, or other circuits","713","","713"
"","Vanuatu [VU]","[847330] Machinery; parts and accessories (other than covers, carrying cases and the like) of the machines of heading no. 8471","29 266","","29 266"
"","Venezuela [VE]","[852351] Semiconductor media; solid-state non-volatile storage devices, whether or not recorded, excluding products of Chapter 37","162","","162"
"","Viet Nam [VN]","[847330] Machinery; parts and accessories (other than covers, carrying cases and the like) of the machines of heading no. 8471","1 544 393 209","154 217 921","1 390 175 288"
"","","[852351] Semiconductor media; solid-state non-volatile storage devices, whether or not recorded, excluding products of Chapter 37","272 542 951","81 962 333","190 580 618"
"","","[852352] Semiconductor media; smart cards,  whether or not recorded, excluding products of Chapter 37","2 175 200","2 118 083","57 118"
"","","[854231] Electronic integrated circuits; processors and controllers, whether or not combined with memories, converters, logic circuits, amplifiers, clock and timing circuits, or other circuits","7 124 613 142","6 800 405 298","324 207 844"
"","","[854232] Electronic integrated circuits; memories","536 940 790","522 921 847","14 018 944"
"","","[854233] Electronic integrated circuits; amplifiers","137 649 204","137 626 242","22 962"
"","","[854239] Electronic integrated circuits; n.e.c. in heading no. 8542","1 946 682 731","1 602 447 583","344 235 148"
"","","[854290] Parts of electronic integrated circuits","47 732 106","13 760 909","33 971 197"
"","Virgin Islands (US) [VI]","[854239] Electronic integrated circuits; n.e.c. in heading no. 8542","7 385","","7 385"
"","Yemen [YE]","[854239] Electronic integrated circuits; n.e.c. in heading no. 8542","4 625","","4 625"
"","Zambia [ZM]","[847330] Machinery; parts and accessories (other than covers, carrying cases and the like) of the machines of heading no. 8471","2 691","2 691",""
"","","[852351] Semiconductor media; solid-state non-volatile storage devices, whether or not recorded, excluding products of Chapter 37","1 411","1 411",""
"","Zimbabwe [ZW]","[847330] Machinery; parts and accessories (other than covers, carrying cases and the like) of the machines of heading no. 8471","56","56",""
"","","[852352] Semiconductor media; smart cards,  whether or not recorded, excluding products of Chapter 37","1 977","1 977",""
"Thailand","  European Union [EU-27]","[847330] Machinery; parts and accessories (other than covers, carrying cases and the like) of the machines of heading no. 8471","488 455 260","486 248 292","2 206 969"
"","","[852351] Semiconductor media; solid-state non-volatile storage devices, whether or not recorded, excluding products of Chapter 37","19 339 138","5 357 462","13 981 675"
"","","[852352] Semiconductor media; smart cards,  whether or not recorded, excluding products of Chapter 37","7 420 045","6 882 715","537 330"
"","","[854231] Electronic integrated circuits; processors and controllers, whether or not combined with memories, converters, logic circuits, amplifiers, clock and timing circuits, or other circuits","181 399 135","92 750 791","88 648 344"
"","","[854232] Electronic integrated circuits; memories","15 990 800","5 257 964","10 732 836"
"","","[854233] Electronic integrated circuits; amplifiers","15 169 763","14 951 929","217 833"
"","","[854239] Electronic integrated circuits; n.e.c. in heading no. 8542","1 024 855 110","794 228 347","230 626 763"
"","","[854290] Parts of electronic integrated circuits","649 726 476","39 433 514","610 292 962"
""," ASEAN [00]","[847330] Machinery; parts and accessories (other than covers, carrying cases and the like) of the machines of heading no. 8471","2 103 461 513","431 639 275","1 671 822 238"
"","","[852351] Semiconductor media; solid-state non-volatile storage devices, whether or not recorded, excluding products of Chapter 37","319 263 008","100 484 436","218 778 572"
"","","[852352] Semiconductor media; smart cards,  whether or not recorded, excluding products of Chapter 37","10 061 513","8 675 079","1 386 434"
"","","[854231] Electronic integrated circuits; processors and controllers, whether or not combined with memories, converters, logic circuits, amplifiers, clock and timing circuits, or other circuits","4 115 169 924","309 065 738","3 806 104 186"
"","","[854232] Electronic integrated circuits; memories","714 286 855","316 131 402","398 155 452"
"","","[854233] Electronic integrated circuits; amplifiers","100 133 248","20 638 476","79 494 772"
"","","[854239] Electronic integrated circuits; n.e.c. in heading no. 8542","4 188 879 505","1 810 752 184","2 378 127 321"
"","","[854290] Parts of electronic integrated circuits","942 870 744","482 530 369","460 340 375"
""," Extra-ASEAN [88]","[847330] Machinery; parts and accessories (other than covers, carrying cases and the like) of the machines of heading no. 8471","7 905 906 989","5 411 611 961","2 494 295 028"
"","","[852351] Semiconductor media; solid-state non-volatile storage devices, whether or not recorded, excluding products of Chapter 37","642 509 680","268 063 655","374 446 025"
"","","[852352] Semiconductor media; smart cards,  whether or not recorded, excluding products of Chapter 37","34 519 525","21 182 896","13 336 629"
"","","[854231] Electronic integrated circuits; processors and controllers, whether or not combined with memories, converters, logic circuits, amplifiers, clock and timing circuits, or other circuits","17 020 865 500","2 153 922 609","14 866 942 890"
"","","[854232] Electronic integrated circuits; memories","1 297 591 558","175 684 716","1 121 906 842"
"","","[854233] Electronic integrated circuits; amplifiers","327 434 821","61 779 643","265 655 178"
"","","[854239] Electronic integrated circuits; n.e.c. in heading no. 8542","12 580 245 501","5 275 726 103","7 304 519 398"
"","","[854290] Parts of electronic integrated circuits","4 339 415 852","502 727 646","3 836 688 206"
""," WORLD [99]","[847330] Machinery; parts and accessories (other than covers, carrying cases and the like) of the machines of heading no. 8471","10 009 368 501","5 843 251 236","4 166 117 266"
"","","[852351] Semiconductor media; solid-state non-volatile storage devices, whether or not recorded, excluding products of Chapter 37","961 772 689","368 548 091","593 224 597"
"","","[852352] Semiconductor media; smart cards,  whether or not recorded, excluding products of Chapter 37","44 581 038","29 857 975","14 723 063"
"","","[854231] Electronic integrated circuits; processors and controllers, whether or not combined with memories, converters, logic circuits, amplifiers, clock and timing circuits, or other circuits","21 136 035 424","2 462 988 347","18 673 047 077"
"","","[854232] Electronic integrated circuits; memories","2 011 878 413","491 816 118","1 520 062 295"
"","","[854233] Electronic integrated circuits; amplifiers","427 568 070","82 418 119","345 149 951"
"","","[854239] Electronic integrated circuits; n.e.c. in heading no. 8542","16 769 125 005","7 086 478 287","9 682 646 719"
"","","[854290] Parts of electronic integrated circuits","5 282 286 596","985 258 015","4 297 028 582"
"","Andorra [AD]","[854231] Electronic integrated circuits; processors and controllers, whether or not combined with memories, converters, logic circuits, amplifiers, clock and timing circuits, or other circuits","13","","13"
"","","[854239] Electronic integrated circuits; n.e.c. in heading no. 8542","1 190 419","1 141 433","48 986"
"","Argentina [AR]","[847330] Machinery; parts and accessories (other than covers, carrying cases and the like) of the machines of heading no. 8471","27 617","","27 617"
"","","[852351] Semiconductor media; solid-state non-volatile storage devices, whether or not recorded, excluding products of Chapter 37","110","","110"
"","","[852352] Semiconductor media; smart cards,  whether or not recorded, excluding products of Chapter 37","18","","18"
"","","[854231] Electronic integrated circuits; processors and controllers, whether or not combined with memories, converters, logic circuits, amplifiers, clock and timing circuits, or other circuits","475 568","475 568",""
"","","[854233] Electronic integrated circuits; amplifiers","1 983","1 983",""
"","","[854239] Electronic integrated circuits; n.e.c. in heading no. 8542","100 127","100 127",""
"","","[854290] Parts of electronic integrated circuits","1 022","1 022",""
"","Armenia [AM]","[852352] Semiconductor media; smart cards,  whether or not recorded, excluding products of Chapter 37","88 000","88 000",""
"","","[854290] Parts of electronic integrated circuits","38 370","38 370",""
"","Australia [AU]","[847330] Machinery; parts and accessories (other than covers, carrying cases and the like) of the machines of heading no. 8471","582 213","565 651","16 562"
"","","[852351] Semiconductor media; solid-state non-volatile storage devices, whether or not recorded, excluding products of Chapter 37","112 846","48 577","64 269"
"","","[852352] Semiconductor media; smart cards,  whether or not recorded, excluding products of Chapter 37","47 498","31 267","16 232"
"","","[854231] Electronic integrated circuits; processors and controllers, whether or not combined with memories, converters, logic circuits, amplifiers, clock and timing circuits, or other circuits","116 216","112 380","3 835"
"","","[854232] Electronic integrated circuits; memories","11 895","11 524","371"
"","","[854233] Electronic integrated circuits; amplifiers","89 202","87 373","1 830"
"","","[854239] Electronic integrated circuits; n.e.c. in heading no. 8542","8 592 556","6 441 994","2 150 562"
"","","[854290] Parts of electronic integrated circuits","2 523 259","1 400 117","1 123 142"
"","Austria [AT]","[847330] Machinery; parts and accessories (other than covers, carrying cases and the like) of the machines of heading no. 8471","1 472 117","560 539","911 578"
"","","[852351] Semiconductor media; solid-state non-volatile storage devices, whether or not recorded, excluding products of Chapter 37","87 513","","87 513"
"","","[852352] Semiconductor media; smart cards,  whether or not recorded, excluding products of Chapter 37","8 214","","8 214"
"","","[854231] Electronic integrated circuits; processors and controllers, whether or not combined with memories, converters, logic circuits, amplifiers, clock and timing circuits, or other circuits","2 680 861","53 116","2 627 745"
"","","[854232] Electronic integrated circuits; memories","6 751","5 958","793"
"","","[854233] Electronic integrated circuits; amplifiers","42 364","38 454","3 910"
"","","[854239] Electronic integrated circuits; n.e.c. in heading no. 8542","82 003 333","914 942","81 088 391"
"","","[854290] Parts of electronic integrated circuits","27 544 994","445 489","27 099 505"
"","Bahrain [BH]","[847330] Machinery; parts and accessories (other than covers, carrying cases and the like) of the machines of heading no. 8471","250","250",""
"","","[852351] Semiconductor media; solid-state non-volatile storage devices, whether or not recorded, excluding products of Chapter 37","7 003","","7 003"
"","","[854231] Electronic integrated circuits; processors and controllers, whether or not combined with memories, converters, logic circuits, amplifiers, clock and timing circuits, or other circuits","6 054","6 054",""
"","","[854239] Electronic integrated circuits; n.e.c. in heading no. 8542","2 386","2 386",""
"","","[854290] Parts of electronic integrated circuits","82 828","82 828",""
"","Bangladesh [BD]","[847330] Machinery; parts and accessories (other than covers, carrying cases and the like) of the machines of heading no. 8471","28 358","28 356","2"
"","","[852351] Semiconductor media; solid-state non-volatile storage devices, whether or not recorded, excluding products of Chapter 37","919","919",""
"","","[852352] Semiconductor media; smart cards,  whether or not recorded, excluding products of Chapter 37","104 201","103 887","313"
"","","[854239] Electronic integrated circuits; n.e.c. in heading no. 8542","319","","319"
"","","[854290] Parts of electronic integrated circuits","105 105","105 105",""
"","Belgium [BE]","[847330] Machinery; parts and accessories (other than covers, carrying cases and the like) of the machines of heading no. 8471","378 800","361 518","17 282"
"","","[852351] Semiconductor media; solid-state non-volatile storage devices, whether or not recorded, excluding products of Chapter 37","10 958","435","10 523"
"","","[852352] Semiconductor media; smart cards,  whether or not recorded, excluding products of Chapter 37","758","5","754"
"","","[854231] Electronic integrated circuits; processors and controllers, whether or not combined with memories, converters, logic circuits, amplifiers, clock and timing circuits, or other circuits","41 856","13 659","28 198"
"","","[854232] Electronic integrated circuits; memories","916","80","836"
"","","[854233] Electronic integrated circuits; amplifiers","411","411",""
"","","[854239] Electronic integrated circuits; n.e.c. in heading no. 8542","23 085 546","20 785 400","2 300 146"
"","","[854290] Parts of electronic integrated circuits","13 641 490","3 479 728","10 161 762"
"","Bermuda [BM]","[852352] Semiconductor media; smart cards,  whether or not recorded, excluding products of Chapter 37","12","","12"
"","Bolivia [BO]","[854290] Parts of electronic integrated circuits","17 532","17 532",""
"","Bosnia and Herzegovina [BA]","[854290] Parts of electronic integrated circuits","9 267","9 267",""
"","Brazil [BR]","[847330] Machinery; parts and accessories (other than covers, carrying cases and the like) of the machines of heading no. 8471","419 708","413 137","6 572"
"","","[852351] Semiconductor media; solid-state non-volatile storage devices, whether or not recorded, excluding products of Chapter 37","986","621","365"
"","","[852352] Semiconductor media; smart cards,  whether or not recorded, excluding products of Chapter 37","78","","78"
"","","[854231] Electronic integrated circuits; processors and controllers, whether or not combined with memories, converters, logic circuits, amplifiers, clock and timing circuits, or other circuits","10 091 868","10 091 450","418"
"","","[854232] Electronic integrated circuits; memories","15 175","15 175",""
"","","[854233] Electronic integrated circuits; amplifiers","30 956","30 956",""
"","","[854239] Electronic integrated circuits; n.e.c. in heading no. 8542","4 694 477","4 659 836","34 641"
"","","[854290] Parts of electronic integrated circuits","194 859","194 614","245"
"","Brunei Darussalam [BN]","[852351] Semiconductor media; solid-state non-volatile storage devices, whether or not recorded, excluding products of Chapter 37","6 616","6 616",""
"","","[852352] Semiconductor media; smart cards,  whether or not recorded, excluding products of Chapter 37","27 865","27 828","37"
"","","[854290] Parts of electronic integrated circuits","16 771","16 771",""
"","Bulgaria [BG]","[847330] Machinery; parts and accessories (other than covers, carrying cases and the like) of the machines of heading no. 8471","2 073","","2 073"
"","","[852351] Semiconductor media; solid-state non-volatile storage devices, whether or not recorded, excluding products of Chapter 37","270","","270"
"","","[852352] Semiconductor media; smart cards,  whether or not recorded, excluding products of Chapter 37","169","","169"
"","","[854231] Electronic integrated circuits; processors and controllers, whether or not combined with memories, converters, logic circuits, amplifiers, clock and timing circuits, or other circuits","84 020","81 566","2 455"
"","","[854232] Electronic integrated circuits; memories","3","3",""
"","","[854239] Electronic integrated circuits; n.e.c. in heading no. 8542","15 576 776","15 394 499","182 277"
"","","[854290] Parts of electronic integrated circuits","9 155","9 155",""
"","Cambodia [KH]","[847330] Machinery; parts and accessories (other than covers, carrying cases and the like) of the machines of heading no. 8471","128 636","128 359","277"
"","","[852351] Semiconductor media; solid-state non-volatile storage devices, whether or not recorded, excluding products of Chapter 37","79 078","78 900","178"
"","","[852352] Semiconductor media; smart cards,  whether or not recorded, excluding products of Chapter 37","657 472","656 767","705"
"","","[854231] Electronic integrated circuits; processors and controllers, whether or not combined with memories, converters, logic circuits, amplifiers, clock and timing circuits, or other circuits","5 366 645","5 364 665","1 980"
"","","[854232] Electronic integrated circuits; memories","35 074","35 074",""
"","","[854233] Electronic integrated circuits; amplifiers","7 166","7 076","90"
"","","[854239] Electronic integrated circuits; n.e.c. in heading no. 8542","44 620 757","43 393 725","1 227 032"
"","","[854290] Parts of electronic integrated circuits","65 096","65 059","36"
"","Cameroon [CM]","[854239] Electronic integrated circuits; n.e.c. in heading no. 8542","4 930","","4 930"
"","Canada [CA]","[847330] Machinery; parts and accessories (other than covers, carrying cases and the like) of the machines of heading no. 8471","2 619 037","2 526 649","92 388"
"","","[852351] Semiconductor media; solid-state non-volatile storage devices, whether or not recorded, excluding products of Chapter 37","60 274","185","60 089"
"","","[852352] Semiconductor media; smart cards,  whether or not recorded, excluding products of Chapter 37","411 965","399 280","12 685"
"","","[854231] Electronic integrated circuits; processors and controllers, whether or not combined with memories, converters, logic circuits, amplifiers, clock and timing circuits, or other circuits","251 424 657","3 395 403","248 029 254"
"","","[854232] Electronic integrated circuits; memories","3 721","1 024","2 697"
"","","[854233] Electronic integrated circuits; amplifiers","24 462","23 842","621"
"","","[854239] Electronic integrated circuits; n.e.c. in heading no. 8542","26 133 617","16 034 348","10 099 269"
"","","[854290] Parts of electronic integrated circuits","11 913 393","579 383","11 334 010"
"","Cayman Islands [KY]","[852352] Semiconductor media; smart cards,  whether or not recorded, excluding products of Chapter 37","13","","13"
"","","[854233] Electronic integrated circuits; amplifiers","39","","39"
"","Chile [CL]","[852352] Semiconductor media; smart cards,  whether or not recorded, excluding products of Chapter 37","51","","51"
"","","[854239] Electronic integrated circuits; n.e.c. in heading no. 8542","355","355",""
"","","[854290] Parts of electronic integrated circuits","1 112","1 112",""
"","China (People's Republic of) [CN]","[847330] Machinery; parts and accessories (other than covers, carrying cases and the like) of the machines of heading no. 8471","2 405 421 201","952 684 176","1 452 737 026"
"","","[852351] Semiconductor media; solid-state non-volatile storage devices, whether or not recorded, excluding products of Chapter 37","261 229 429","21 508 196","239 721 233"
"","","[852352] Semiconductor media; smart cards,  whether or not recorded, excluding products of Chapter 37","8 449 890","794 139","7 655 751"
"","","[854231] Electronic integrated circuits; processors and controllers, whether or not combined with memories, converters, logic circuits, amplifiers, clock and timing circuits, or other circuits","2 412 515 263","509 048 857","1 903 466 406"
"","","[854232] Electronic integrated circuits; memories","464 546 565","27 748 521","436 798 044"
"","","[854233] Electronic integrated circuits; amplifiers","140 681 451","8 334 255","132 347 196"
"","","[854239] Electronic integrated circuits; n.e.c. in heading no. 8542","1 432 097 510","321 471 785","1 110 625 725"
"","","[854290] Parts of electronic integrated circuits","363 290 644","142 785 118","220 505 526"
"","Colombia [CO]","[854239] Electronic integrated circuits; n.e.c. in heading no. 8542","43 477","42 040","1 436"
"","","[854290] Parts of electronic integrated circuits","10 225","10 225",""
"","Congo (Dem. Rep. of) [CD]","[852352] Semiconductor media; smart cards,  whether or not recorded, excluding products of Chapter 37","13","","13"
"","Cook Islands [CK]","[852352] Semiconductor media; smart cards,  whether or not recorded, excluding products of Chapter 37","12","","12"
"","","[854290] Parts of electronic integrated circuits","106","106",""
"","Costa Rica [CR]","[847330] Machinery; parts and accessories (other than covers, carrying cases and the like) of the machines of heading no. 8471","5 219 898","5 216 667","3 232"
"","","[852351] Semiconductor media; solid-state non-volatile storage devices, whether or not recorded, excluding products of Chapter 37","32 487","","32 487"
"","","[852352] Semiconductor media; smart cards,  whether or not recorded, excluding products of Chapter 37","31","","31"
"","","[854231] Electronic integrated circuits; processors and controllers, whether or not combined with memories, converters, logic circuits, amplifiers, clock and timing circuits, or other circuits","1 348 606","2 450","1 346 156"
"","","[854239] Electronic integrated circuits; n.e.c. in heading no. 8542","647 697","50 167","597 530"
"","","[854290] Parts of electronic integrated circuits","15 064","955","14 109"
"","Côte d'Ivoire [CI]","[847330] Machinery; parts and accessories (other than covers, carrying cases and the like) of the machines of heading no. 8471","1 472","1 472",""
"","","[852352] Semiconductor media; smart cards,  whether or not recorded, excluding products of Chapter 37","21","","21"
"","","[854290] Parts of electronic integrated circuits","4 786","4 786",""
"","Countries and territories not specified [QU]","[854290] Parts of electronic integrated circuits","41","41",""
"","Croatia [HR]","[847330] Machinery; parts and accessories (other than covers, carrying cases and the like) of the machines of heading no. 8471","22","22",""
"","","[852351] Semiconductor media; solid-state non-volatile storage devices, whether or not recorded, excluding products of Chapter 37","54","","54"
"","","[852352] Semiconductor media; smart cards,  whether or not recorded, excluding products of Chapter 37","7","7",""
"","","[854239] Electronic integrated circuits; n.e.c. in heading no. 8542","32 371","16 514","15 856"
"","","[854290] Parts of electronic integrated circuits","7 472","7 472",""
"","Cyprus [CY]","[852351] Semiconductor media; solid-state non-volatile storage devices, whether or not recorded, excluding products of Chapter 37","13","","13"
"","","[852352] Semiconductor media; smart cards,  whether or not recorded, excluding products of Chapter 37","31","","31"
"","","[854290] Parts of electronic integrated circuits","210","210",""
"","Czech Republic [CZ]","[847330] Machinery; parts and accessories (other than covers, carrying cases and the like) of the machines of heading no. 8471","65 549 551","65 464 873","84 678"
"","","[852351] Semiconductor media; solid-state non-volatile storage devices, whether or not recorded, excluding products of Chapter 37","3 608 254","3 562 744","45 510"
"","","[852352] Semiconductor media; smart cards,  whether or not recorded, excluding products of Chapter 37","1 865","771","1 093"
"","","[854231] Electronic integrated circuits; processors and controllers, whether or not combined with memories, converters, logic circuits, amplifiers, clock and timing circuits, or other circuits","19 203 747","19 092 976","110 771"
"","","[854232] Electronic integrated circuits; memories","49 593","49 593",""
"","","[854239] Electronic integrated circuits; n.e.c. in heading no. 8542","980 285","960 174","20 112"
"","","[854290] Parts of electronic integrated circuits","3 757 809","653 896","3 103 913"
"","Denmark [DK]","[847330] Machinery; parts and accessories (other than covers, carrying cases and the like) of the machines of heading no. 8471","231 144","36 053","195 091"
"","","[852351] Semiconductor media; solid-state non-volatile storage devices, whether or not recorded, excluding products of Chapter 37","59 998","22","59 975"
"","","[852352] Semiconductor media; smart cards,  whether or not recorded, excluding products of Chapter 37","17 489","14 072","3 418"
"","","[854231] Electronic integrated circuits; processors and controllers, whether or not combined with memories, converters, logic circuits, amplifiers, clock and timing circuits, or other circuits","280 332","83 712","196 620"
"","","[854232] Electronic integrated circuits; memories","29 866","27","29 838"
"","","[854233] Electronic integrated circuits; amplifiers","32 665","","32 665"
"","","[854239] Electronic integrated circuits; n.e.c. in heading no. 8542","6 927 687","1 596 183","5 331 504"
"","","[854290] Parts of electronic integrated circuits","1 760 881","1 757 561","3 320"
"","Dominican Republic [DO]","[852352] Semiconductor media; smart cards,  whether or not recorded, excluding products of Chapter 37","291","","291"
"","","[854239] Electronic integrated circuits; n.e.c. in heading no. 8542","18 414","18 414",""
"","Ecuador [EC]","[847330] Machinery; parts and accessories (other than covers, carrying cases and the like) of the machines of heading no. 8471","160","","160"
"","","[854239] Electronic integrated circuits; n.e.c. in heading no. 8542","148 445","148 445",""
"","","[854290] Parts of electronic integrated circuits","9 788","9 788",""
"","Egypt [EG]","[847330] Machinery; parts and accessories (other than covers, carrying cases and the like) of the machines of heading no. 8471","7","","7"
"","","[854231] Electronic integrated circuits; processors and controllers, whether or not combined with memories, converters, logic circuits, amplifiers, clock and timing circuits, or other circuits","122 263","122 263",""
"","","[854232] Electronic integrated circuits; memories","2 850","2 850",""
"","","[854239] Electronic integrated circuits; n.e.c. in heading no. 8542","2 045 701","2 028 251","17 450"
"","","[854290] Parts of electronic integrated circuits","5 101","5 101",""
"","El Salvador [SV]","[854231] Electronic integrated circuits; processors and controllers, whether or not combined with memories, converters, logic circuits, amplifiers, clock and timing circuits, or other circuits","10 195","","10 195"
"","","[854239] Electronic integrated circuits; n.e.c. in heading no. 8542","694","","694"
"","Estonia [EE]","[847330] Machinery; parts and accessories (other than covers, carrying cases and the like) of the machines of heading no. 8471","2 397","","2 397"
"","","[852351] Semiconductor media; solid-state non-volatile storage devices, whether or not recorded, excluding products of Chapter 37","5 464","","5 464"
"","","[852352] Semiconductor media; smart cards,  whether or not recorded, excluding products of Chapter 37","18","","18"
"","","[854231] Electronic integrated circuits; processors and controllers, whether or not combined with memories, converters, logic circuits, amplifiers, clock and timing circuits, or other circuits","5 654","","5 654"
"","","[854239] Electronic integrated circuits; n.e.c. in heading no. 8542","49","49",""
"","","[854290] Parts of electronic integrated circuits","107","107",""
"","Ethiopia [ET]","[852352] Semiconductor media; smart cards,  whether or not recorded, excluding products of Chapter 37","7","","7"
"","Eurasian Economic Union [EAEU]","[847330] Machinery; parts and accessories (other than covers, carrying cases and the like) of the machines of heading no. 8471","9 741 882","9 741 882",""
"","","[852351] Semiconductor media; solid-state non-volatile storage devices, whether or not recorded, excluding products of Chapter 37","9 394 600","9 394 600",""
"","","[852352] Semiconductor media; smart cards,  whether or not recorded, excluding products of Chapter 37","353 691","353 651","40"
"","","[854231] Electronic integrated circuits; processors and controllers, whether or not combined with memories, converters, logic circuits, amplifiers, clock and timing circuits, or other circuits","236 609","236 609",""
"","","[854232] Electronic integrated circuits; memories","1 860","1 860",""
"","","[854239] Electronic integrated circuits; n.e.c. in heading no. 8542","122 943","118 306","4 637"
"","","[854290] Parts of electronic integrated circuits","63 976","63 976",""
"","Fiji [FJ]","[852351] Semiconductor media; solid-state non-volatile storage devices, whether or not recorded, excluding products of Chapter 37","1","1",""
"","Finland [FI]","[847330] Machinery; parts and accessories (other than covers, carrying cases and the like) of the machines of heading no. 8471","20 944","19 593","1 351"
"","","[852351] Semiconductor media; solid-state non-volatile storage devices, whether or not recorded, excluding products of Chapter 37","514","","514"
"","","[852352] Semiconductor media; smart cards,  whether or not recorded, excluding products of Chapter 37","69 355","68 179","1 176"
"","","[854231] Electronic integrated circuits; processors and controllers, whether or not combined with memories, converters, logic circuits, amplifiers, clock and timing circuits, or other circuits","122 371","86 670","35 701"
"","","[854232] Electronic integrated circuits; memories","3 449","","3 449"
"","","[854233] Electronic integrated circuits; amplifiers","329","","329"
"","","[854239] Electronic integrated circuits; n.e.c. in heading no. 8542","5 311 903","4 978 621","333 282"
"","","[854290] Parts of electronic integrated circuits","4 969 805","39 871","4 929 934"
"","Former Yugoslav Republic of Macedonia [MK]","[854231] Electronic integrated circuits; processors and controllers, whether or not combined with memories, converters, logic circuits, amplifiers, clock and timing circuits, or other circuits","85 220","85 220",""
"","","[854239] Electronic integrated circuits; n.e.c. in heading no. 8542","2 866 276","2 866 256","19"
"","France [FR]","[847330] Machinery; parts and accessories (other than covers, carrying cases and the like) of the machines of heading no. 8471","706 354","669 775","36 580"
"","","[852351] Semiconductor media; solid-state non-volatile storage devices, whether or not recorded, excluding products of Chapter 37","726 582","27 745","698 837"
"","","[852352] Semiconductor media; smart cards,  whether or not recorded, excluding products of Chapter 37","426 687","365 770","60 917"
"","","[854231] Electronic integrated circuits; processors and controllers, whether or not combined with memories, converters, logic circuits, amplifiers, clock and timing circuits, or other circuits","13 750 946","4 832 321","8 918 625"
"","","[854232] Electronic integrated circuits; memories","3 219 529","1 192 737","2 026 792"
"","","[854233] Electronic integrated circuits; amplifiers","940","940",""
"","","[854239] Electronic integrated circuits; n.e.c. in heading no. 8542","40 368 463","13 831 001","26 537 463"
"","","[854290] Parts of electronic integrated circuits","61 317 228","1 721 272","59 595 956"
"","French Polynesia [PF]","[854232] Electronic integrated circuits; memories","462","","462"
"","","[854239] Electronic integrated circuits; n.e.c. in heading no. 8542","2","2",""
"","","[854290] Parts of electronic integrated circuits","18 768","18 768",""
"","Georgia [GE]","[852352] Semiconductor media; smart cards,  whether or not recorded, excluding products of Chapter 37","445","","445"
"","Germany [DE]","[847330] Machinery; parts and accessories (other than covers, carrying cases and the like) of the machines of heading no. 8471","49 269 421","49 012 583","256 839"
"","","[852351] Semiconductor media; solid-state non-volatile storage devices, whether or not recorded, excluding products of Chapter 37","10 503 557","1 101 821","9 401 736"
"","","[852352] Semiconductor media; smart cards,  whether or not recorded, excluding products of Chapter 37","6 229 639","5 872 545","357 094"
"","","[854231] Electronic integrated circuits; processors and controllers, whether or not combined with memories, converters, logic circuits, amplifiers, clock and timing circuits, or other circuits","75 311 972","34 301 655","41 010 317"
"","","[854232] Electronic integrated circuits; memories","8 263 492","810 961","7 452 530"
"","","[854233] Electronic integrated circuits; amplifiers","3 372 805","3 233 123","139 682"
"","","[854239] Electronic integrated circuits; n.e.c. in heading no. 8542","540 155 734","463 516 380","76 639 354"
"","","[854290] Parts of electronic integrated circuits","215 034 471","22 466 557","192 567 914"
"","Ghana [GH]","[847330] Machinery; parts and accessories (other than covers, carrying cases and the like) of the machines of heading no. 8471","203 306","203 217","89"
"","","[852352] Semiconductor media; smart cards,  whether or not recorded, excluding products of Chapter 37","100","","100"
"","","[854239] Electronic integrated circuits; n.e.c. in heading no. 8542","1","1",""
"","Greece [GR]","[847330] Machinery; parts and accessories (other than covers, carrying cases and the like) of the machines of heading no. 8471","230","","230"
"","","[852352] Semiconductor media; smart cards,  whether or not recorded, excluding products of Chapter 37","34","","34"
"","","[854231] Electronic integrated circuits; processors and controllers, whether or not combined with memories, converters, logic circuits, amplifiers, clock and timing circuits, or other circuits","15 260 291","529 594","14 730 697"
"","","[854239] Electronic integrated circuits; n.e.c. in heading no. 8542","1 281","1 281",""
"","","[854290] Parts of electronic integrated circuits","89 329","89 329",""
"","Guadeloupe [GP]","[847330] Machinery; parts and accessories (other than covers, carrying cases and the like) of the machines of heading no. 8471","704","704",""
"","Guam [GU]","[847330] Machinery; parts and accessories (other than covers, carrying cases and the like) of the machines of heading no. 8471","413","413",""
"","","[852352] Semiconductor media; smart cards,  whether or not recorded, excluding products of Chapter 37","14","3","10"
"","Guatemala [GT]","[847330] Machinery; parts and accessories (other than covers, carrying cases and the like) of the machines of heading no. 8471","375","375",""
"","GUERNSEY  [GG]","[854239] Electronic integrated circuits; n.e.c. in heading no. 8542","8 661","8 661",""
"","Honduras [HN]","[854231] Electronic integrated circuits; processors and controllers, whether or not combined with memories, converters, logic circuits, amplifiers, clock and timing circuits, or other circuits","78 486","78 486",""
"","","[854290] Parts of electronic integrated circuits","2 305","2 305",""
"","Hong Kong [HK]","[847330] Machinery; parts and accessories (other than covers, carrying cases and the like) of the machines of heading no. 8471","91 487 777","90 542 760","945 017"
"","","[852351] Semiconductor media; solid-state non-volatile storage devices, whether or not recorded, excluding products of Chapter 37","11 935 141","11 369 748","565 393"
"","","[852352] Semiconductor media; smart cards,  whether or not recorded, excluding products of Chapter 37","660 724","449 454","211 270"
"","","[854231] Electronic integrated circuits; processors and controllers, whether or not combined with memories, converters, logic circuits, amplifiers, clock and timing circuits, or other circuits","301 490 832","294 831 712","6 659 121"
"","","[854232] Electronic integrated circuits; memories","22 350 375","21 473 831","876 543"
"","","[854233] Electronic integrated circuits; amplifiers","19 126 443","19 063 607","62 836"
"","","[854239] Electronic integrated circuits; n.e.c. in heading no. 8542","2 465 969 193","2 444 066 806","21 902 386"
"","","[854290] Parts of electronic integrated circuits","72 743 329","72 524 673","218 656"
"","Hungary [HU]","[847330] Machinery; parts and accessories (other than covers, carrying cases and the like) of the machines of heading no. 8471","33 129 590","33 107 381","22 209"
"","","[852351] Semiconductor media; solid-state non-volatile storage devices, whether or not recorded, excluding products of Chapter 37","34 478","27 134","7 344"
"","","[852352] Semiconductor media; smart cards,  whether or not recorded, excluding products of Chapter 37","218","1","217"
"","","[854231] Electronic integrated circuits; processors and controllers, whether or not combined with memories, converters, logic circuits, amplifiers, clock and timing circuits, or other circuits","903 373","799 947","103 426"
"","","[854232] Electronic integrated circuits; memories","248 551","248 551",""
"","","[854233] Electronic integrated circuits; amplifiers","26 622","26 622",""
"","","[854239] Electronic integrated circuits; n.e.c. in heading no. 8542","8 478 456","8 393 163","85 293"
"","","[854290] Parts of electronic integrated circuits","55 391","55 371","21"
"","Iceland [IS]","[847330] Machinery; parts and accessories (other than covers, carrying cases and the like) of the machines of heading no. 8471","59 462","46 335","13 127"
"","","[854239] Electronic integrated circuits; n.e.c. in heading no. 8542","5 092","117","4 975"
"","","[854290] Parts of electronic integrated circuits","42 889","23 406","19 483"
"","India [IN]","[847330] Machinery; parts and accessories (other than covers, carrying cases and the like) of the machines of heading no. 8471","8 525 946","8 237 195","288 751"
"","","[852351] Semiconductor media; solid-state non-volatile storage devices, whether or not recorded, excluding products of Chapter 37","943 459","921 887","21 573"
"","","[852352] Semiconductor media; smart cards,  whether or not recorded, excluding products of Chapter 37","11 894 592","9 216 201","2 678 391"
"","","[854231] Electronic integrated circuits; processors and controllers, whether or not combined with memories, converters, logic circuits, amplifiers, clock and timing circuits, or other circuits","3 363 325","2 995 149","368 176"
"","","[854232] Electronic integrated circuits; memories","66 259","65 586","672"
"","","[854233] Electronic integrated circuits; amplifiers","232 220","227 795","4 425"
"","","[854239] Electronic integrated circuits; n.e.c. in heading no. 8542","33 626 279","32 091 613","1 534 666"
"","","[854290] Parts of electronic integrated circuits","1 305 748","1 126 191","179 557"
"","Indonesia [ID]","[847330] Machinery; parts and accessories (other than covers, carrying cases and the like) of the machines of heading no. 8471","5 055 613","4 857 821","197 793"
"","","[852351] Semiconductor media; solid-state non-volatile storage devices, whether or not recorded, excluding products of Chapter 37","407 930","197 500","210 430"
"","","[852352] Semiconductor media; smart cards,  whether or not recorded, excluding products of Chapter 37","6 093","16","6 077"
"","","[854231] Electronic integrated circuits; processors and controllers, whether or not combined with memories, converters, logic circuits, amplifiers, clock and timing circuits, or other circuits","6 139 865","3 670 093","2 469 772"
"","","[854232] Electronic integrated circuits; memories","5 296 677","5 213 661","83 017"
"","","[854233] Electronic integrated circuits; amplifiers","5 858","5 858",""
"","","[854239] Electronic integrated circuits; n.e.c. in heading no. 8542","12 012 484","7 578 415","4 434 069"
"","","[854290] Parts of electronic integrated circuits","10 267 372","10 157 889","109 483"
"","Invalid country code [ZZ]","[852351] Semiconductor media; solid-state non-volatile storage devices, whether or not recorded, excluding products of Chapter 37","228","","228"
"","Iran, Islamic Republic of [IR]","[854231] Electronic integrated circuits; processors and controllers, whether or not combined with memories, converters, logic circuits, amplifiers, clock and timing circuits, or other circuits","603 780","","603 780"
"","Iraq [IQ]","[854290] Parts of electronic integrated circuits","11 740","11 740",""
"","Ireland [IE]","[847330] Machinery; parts and accessories (other than covers, carrying cases and the like) of the machines of heading no. 8471","140 181 446","139 816 952","364 494"
"","","[852351] Semiconductor media; solid-state non-volatile storage devices, whether or not recorded, excluding products of Chapter 37","638 535","3 358","635 177"
"","","[852352] Semiconductor media; smart cards,  whether or not recorded, excluding products of Chapter 37","2 649","","2 649"
"","","[854231] Electronic integrated circuits; processors and controllers, whether or not combined with memories, converters, logic circuits, amplifiers, clock and timing circuits, or other circuits","11 771 356","43 868","11 727 488"
"","","[854232] Electronic integrated circuits; memories","722 182","722 182",""
"","","[854233] Electronic integrated circuits; amplifiers","4 862","","4 862"
"","","[854239] Electronic integrated circuits; n.e.c. in heading no. 8542","5 627 559","792 266","4 835 293"
"","","[854290] Parts of electronic integrated circuits","4 353 036","52 736","4 300 301"
"","Israel [IL]","[847330] Machinery; parts and accessories (other than covers, carrying cases and the like) of the machines of heading no. 8471","352 303","165 537","186 766"
"","","[852351] Semiconductor media; solid-state non-volatile storage devices, whether or not recorded, excluding products of Chapter 37","47 652","3 622","44 031"
"","","[852352] Semiconductor media; smart cards,  whether or not recorded, excluding products of Chapter 37","67 131","2 361","64 770"
"","","[854231] Electronic integrated circuits; processors and controllers, whether or not combined with memories, converters, logic circuits, amplifiers, clock and timing circuits, or other circuits","37 224 818","429 107","36 795 711"
"","","[854232] Electronic integrated circuits; memories","21 194","36","21 158"
"","","[854233] Electronic integrated circuits; amplifiers","152 480","152 480",""
"","","[854239] Electronic integrated circuits; n.e.c. in heading no. 8542","13 776 494","10 530 028","3 246 466"
"","","[854290] Parts of electronic integrated circuits","7 123 217","98 400","7 024 818"
"","Italy [IT]","[847330] Machinery; parts and accessories (other than covers, carrying cases and the like) of the machines of heading no. 8471","285 350","211 841","73 510"
"","","[852351] Semiconductor media; solid-state non-volatile storage devices, whether or not recorded, excluding products of Chapter 37","102 276","35 440","66 836"
"","","[852352] Semiconductor media; smart cards,  whether or not recorded, excluding products of Chapter 37","106 768","91 295","15 473"
"","","[854231] Electronic integrated circuits; processors and controllers, whether or not combined with memories, converters, logic circuits, amplifiers, clock and timing circuits, or other circuits","1 287 482","24 745","1 262 737"
"","","[854232] Electronic integrated circuits; memories","536 934","502 390","34 544"
"","","[854233] Electronic integrated circuits; amplifiers","8 548","200","8 348"
"","","[854239] Electronic integrated circuits; n.e.c. in heading no. 8542","7 053 079","1 479 276","5 573 803"
"","","[854290] Parts of electronic integrated circuits","104 154 945","600 532","103 554 413"
"","Jamaica [JM]","[854239] Electronic integrated circuits; n.e.c. in heading no. 8542","710","710",""
"","Japan [JP]","[847330] Machinery; parts and accessories (other than covers, carrying cases and the like) of the machines of heading no. 8471","248 493 962","15 980 408","232 513 555"
"","","[852351] Semiconductor media; solid-state non-volatile storage devices, whether or not recorded, excluding products of Chapter 37","12 434 142","461 243","11 972 899"
"","","[852352] Semiconductor media; smart cards,  whether or not recorded, excluding products of Chapter 37","66 018","33 298","32 720"
"","","[854231] Electronic integrated circuits; processors and controllers, whether or not combined with memories, converters, logic circuits, amplifiers, clock and timing circuits, or other circuits","560 181 870","330 421 102","229 760 768"
"","","[854232] Electronic integrated circuits; memories","36 533 918","887 673","35 646 245"
"","","[854233] Electronic integrated circuits; amplifiers","21 919 661","2 086 433","19 833 228"
"","","[854239] Electronic integrated circuits; n.e.c. in heading no. 8542","1 125 059 661","304 464 713","820 594 948"
"","","[854290] Parts of electronic integrated circuits","1 069 706 941","35 692 380","1 034 014 561"
"","Jordan [JO]","[852351] Semiconductor media; solid-state non-volatile storage devices, whether or not recorded, excluding products of Chapter 37","97","","97"
"","","[852352] Semiconductor media; smart cards,  whether or not recorded, excluding products of Chapter 37","19","","19"
"","","[854231] Electronic integrated circuits; processors and controllers, whether or not combined with memories, converters, logic circuits, amplifiers, clock and timing circuits, or other circuits","410","","410"
"","","[854290] Parts of electronic integrated circuits","36 788","36 788",""
"","Kazakhstan [KZ]","[847330] Machinery; parts and accessories (other than covers, carrying cases and the like) of the machines of heading no. 8471","877","877",""
"","","[852352] Semiconductor media; smart cards,  whether or not recorded, excluding products of Chapter 37","265 676","265 651","25"
"","","[854290] Parts of electronic integrated circuits","6 783","6 783",""
"","Kenya [KE]","[852351] Semiconductor media; solid-state non-volatile storage devices, whether or not recorded, excluding products of Chapter 37","5","5",""
"","","[852352] Semiconductor media; smart cards,  whether or not recorded, excluding products of Chapter 37","89","75","14"
"","","[854231] Electronic integrated circuits; processors and controllers, whether or not combined with memories, converters, logic circuits, amplifiers, clock and timing circuits, or other circuits","203","","203"
"","","[854239] Electronic integrated circuits; n.e.c. in heading no. 8542","150","150",""
"","","[854290] Parts of electronic integrated circuits","8 214","8 214",""
"","Korea, Democratic People's Republic of [KP]","[854231] Electronic integrated circuits; processors and controllers, whether or not combined with memories, converters, logic circuits, amplifiers, clock and timing circuits, or other circuits","30","","30"
"","","[854239] Electronic integrated circuits; n.e.c. in heading no. 8542","145 568","","145 568"
"","","[854290] Parts of electronic integrated circuits","938","","938"
"","Korea, Republic of [KR]","[847330] Machinery; parts and accessories (other than covers, carrying cases and the like) of the machines of heading no. 8471","63 701 270","3 846 792","59 854 478"
"","","[852351] Semiconductor media; solid-state non-volatile storage devices, whether or not recorded, excluding products of Chapter 37","20 500 334","7 526 985","12 973 349"
"","","[852352] Semiconductor media; smart cards,  whether or not recorded, excluding products of Chapter 37","521 765","33 444","488 321"
"","","[854231] Electronic integrated circuits; processors and controllers, whether or not combined with memories, converters, logic circuits, amplifiers, clock and timing circuits, or other circuits","801 421 235","43 338 534","758 082 701"
"","","[854232] Electronic integrated circuits; memories","390 849 870","1 765 742","389 084 128"
"","","[854233] Electronic integrated circuits; amplifiers","27 018 849","467 488","26 551 361"
"","","[854239] Electronic integrated circuits; n.e.c. in heading no. 8542","1 199 170 866","190 680 636","1 008 490 230"
"","","[854290] Parts of electronic integrated circuits","162 628 563","23 962 932","138 665 631"
"","Kuwait [KW]","[847330] Machinery; parts and accessories (other than covers, carrying cases and the like) of the machines of heading no. 8471","118","118",""
"","","[852351] Semiconductor media; solid-state non-volatile storage devices, whether or not recorded, excluding products of Chapter 37","10","10",""
"","","[852352] Semiconductor media; smart cards,  whether or not recorded, excluding products of Chapter 37","69","","69"
"","","[854233] Electronic integrated circuits; amplifiers","520","520",""
"","","[854239] Electronic integrated circuits; n.e.c. in heading no. 8542","4 693","4 693",""
"","","[854290] Parts of electronic integrated circuits","27 576","27 576",""
"","Kyrgyzstan [KG]","[852352] Semiconductor media; smart cards,  whether or not recorded, excluding products of Chapter 37","15","","15"
"","","[854239] Electronic integrated circuits; n.e.c. in heading no. 8542","478","","478"
"","","[854290] Parts of electronic integrated circuits","18 823","18 823",""
"","Lao PDR [LA]","[847330] Machinery; parts and accessories (other than covers, carrying cases and the like) of the machines of heading no. 8471","485 403","483 755","1 648"
"","","[852351] Semiconductor media; solid-state non-volatile storage devices, whether or not recorded, excluding products of Chapter 37","78 079","78 079",""
"","","[852352] Semiconductor media; smart cards,  whether or not recorded, excluding products of Chapter 37","77 757","77 737","20"
"","","[854231] Electronic integrated circuits; processors and controllers, whether or not combined with memories, converters, logic circuits, amplifiers, clock and timing circuits, or other circuits","25 144 663","23 148 732","1 995 931"
"","","[854232] Electronic integrated circuits; memories","103","","103"
"","","[854239] Electronic integrated circuits; n.e.c. in heading no. 8542","15 238","15 238",""
"","","[854290] Parts of electronic integrated circuits","15 079","15 079",""
"","Latvia [LV]","[847330] Machinery; parts and accessories (other than covers, carrying cases and the like) of the machines of heading no. 8471","61","","61"
"","","[852351] Semiconductor media; solid-state non-volatile storage devices, whether or not recorded, excluding products of Chapter 37","9 551","8 311","1 240"
"","","[852352] Semiconductor media; smart cards,  whether or not recorded, excluding products of Chapter 37","12","","12"
"","","[854231] Electronic integrated circuits; processors and controllers, whether or not combined with memories, converters, logic circuits, amplifiers, clock and timing circuits, or other circuits","5","","5"
"","","[854239] Electronic integrated circuits; n.e.c. in heading no. 8542","28","","28"
"","","[854290] Parts of electronic integrated circuits","5 755","5 755",""
"","Lebanon [LB]","[847330] Machinery; parts and accessories (other than covers, carrying cases and the like) of the machines of heading no. 8471","42","42",""
"","","[854239] Electronic integrated circuits; n.e.c. in heading no. 8542","3 251","3 251",""
"","Liberia [LR]","[852352] Semiconductor media; smart cards,  whether or not recorded, excluding products of Chapter 37","18","","18"
"","Libyan Arab Jamahiriya [LY]","[847330] Machinery; parts and accessories (other than covers, carrying cases and the like) of the machines of heading no. 8471","916","916",""
"","Liechtenstein [LI]","[854290] Parts of electronic integrated circuits","5 972","","5 972"
"","Lithuania [LT]","[847330] Machinery; parts and accessories (other than covers, carrying cases and the like) of the machines of heading no. 8471","360","","360"
"","","[852351] Semiconductor media; solid-state non-volatile storage devices, whether or not recorded, excluding products of Chapter 37","25","","25"
"","","[852352] Semiconductor media; smart cards,  whether or not recorded, excluding products of Chapter 37","764","","764"
"","","[854231] Electronic integrated circuits; processors and controllers, whether or not combined with memories, converters, logic circuits, amplifiers, clock and timing circuits, or other circuits","26 117","19 991","6 126"
"","","[854233] Electronic integrated circuits; amplifiers","1 485","1 485",""
"","","[854239] Electronic integrated circuits; n.e.c. in heading no. 8542","35 572","35 319","253"
"","","[854290] Parts of electronic integrated circuits","27 388","27 388",""
"","Luxembourg [LU]","[847330] Machinery; parts and accessories (other than covers, carrying cases and the like) of the machines of heading no. 8471","2 503","2 503",""
"","","[852351] Semiconductor media; solid-state non-volatile storage devices, whether or not recorded, excluding products of Chapter 37","105","","105"
"","","[852352] Semiconductor media; smart cards,  whether or not recorded, excluding products of Chapter 37","2 700","","2 700"
"","","[854239] Electronic integrated circuits; n.e.c. in heading no. 8542","1 249","140","1 109"
"","","[854290] Parts of electronic integrated circuits","26 204","26 204",""
"","Macao [MO]","[847330] Machinery; parts and accessories (other than covers, carrying cases and the like) of the machines of heading no. 8471","442","442",""
"","","[852351] Semiconductor media; solid-state non-volatile storage devices, whether or not recorded, excluding products of Chapter 37","424","","424"
"","","[852352] Semiconductor media; smart cards,  whether or not recorded, excluding products of Chapter 37","27","27",""
"","","[854231] Electronic integrated circuits; processors and controllers, whether or not combined with memories, converters, logic circuits, amplifiers, clock and timing circuits, or other circuits","854","","854"
"","","[854233] Electronic integrated circuits; amplifiers","15 677","15 677",""
"","","[854239] Electronic integrated circuits; n.e.c. in heading no. 8542","1 092 246","1 091 155","1 091"
"","","[854290] Parts of electronic integrated circuits","48 339","48 339",""
"","Madagascar [MG]","[852352] Semiconductor media; smart cards,  whether or not recorded, excluding products of Chapter 37","12","","12"
"","Malawi [MW]","[852352] Semiconductor media; smart cards,  whether or not recorded, excluding products of Chapter 37","6","","6"
"","","[854239] Electronic integrated circuits; n.e.c. in heading no. 8542","12 121","","12 121"
"","Malaysia [MY]","[847330] Machinery; parts and accessories (other than covers, carrying cases and the like) of the machines of heading no. 8471","493 121 829","118 576 211","374 545 618"
"","","[852351] Semiconductor media; solid-state non-volatile storage devices, whether or not recorded, excluding products of Chapter 37","248 299 684","99 394 593","148 905 091"
"","","[852352] Semiconductor media; smart cards,  whether or not recorded, excluding products of Chapter 37","2 150 388","1 781 324","369 064"
"","","[854231] Electronic integrated circuits; processors and controllers, whether or not combined with memories, converters, logic circuits, amplifiers, clock and timing circuits, or other circuits","1 813 610 908","43 952 808","1 769 658 100"
"","","[854232] Electronic integrated circuits; memories","386 197 355","22 737 191","363 460 164"
"","","[854233] Electronic integrated circuits; amplifiers","68 624 782","11 305 374","57 319 408"
"","","[854239] Electronic integrated circuits; n.e.c. in heading no. 8542","1 158 007 665","576 792 513","581 215 153"
"","","[854290] Parts of electronic integrated circuits","474 345 274","378 647 148","95 698 126"
"","Maldives [MV]","[847330] Machinery; parts and accessories (other than covers, carrying cases and the like) of the machines of heading no. 8471","380","355","25"
"","","[852351] Semiconductor media; solid-state non-volatile storage devices, whether or not recorded, excluding products of Chapter 37","3 149","3 149",""
"","","[852352] Semiconductor media; smart cards,  whether or not recorded, excluding products of Chapter 37","86 053","86 053",""
"","","[854231] Electronic integrated circuits; processors and controllers, whether or not combined with memories, converters, logic circuits, amplifiers, clock and timing circuits, or other circuits","2","2",""
"","","[854239] Electronic integrated circuits; n.e.c. in heading no. 8542","16 839","16 839",""
"","","[854290] Parts of electronic integrated circuits","17 828","17 828",""
"","Mali [ML]","[854231] Electronic integrated circuits; processors and controllers, whether or not combined with memories, converters, logic circuits, amplifiers, clock and timing circuits, or other circuits","443 632","","443 632"
"","","[854239] Electronic integrated circuits; n.e.c. in heading no. 8542","7 986","6 885","1 101"
"","Malta [MT]","[847330] Machinery; parts and accessories (other than covers, carrying cases and the like) of the machines of heading no. 8471","6","6",""
"","","[852351] Semiconductor media; solid-state non-volatile storage devices, whether or not recorded, excluding products of Chapter 37","33 314","","33 314"
"","","[852352] Semiconductor media; smart cards,  whether or not recorded, excluding products of Chapter 37","13","","13"
"","","[854231] Electronic integrated circuits; processors and controllers, whether or not combined with memories, converters, logic circuits, amplifiers, clock and timing circuits, or other circuits","7 238 163","","7 238 163"
"","","[854232] Electronic integrated circuits; memories","48 652","","48 652"
"","","[854233] Electronic integrated circuits; amplifiers","21 543","","21 543"
"","","[854239] Electronic integrated circuits; n.e.c. in heading no. 8542","22 967 715","2 467","22 965 249"
"","","[854290] Parts of electronic integrated circuits","74 066","71 949","2 116"
"","Mauritius [MU]","[852352] Semiconductor media; smart cards,  whether or not recorded, excluding products of Chapter 37","72","","72"
"","","[854231] Electronic integrated circuits; processors and controllers, whether or not combined with memories, converters, logic circuits, amplifiers, clock and timing circuits, or other circuits","11 834","8 342","3 492"
"","","[854290] Parts of electronic integrated circuits","1 352","1 352",""
"","Mexico [MX]","[847330] Machinery; parts and accessories (other than covers, carrying cases and the like) of the machines of heading no. 8471","266 739 833","266 243 324","496 508"
"","","[852351] Semiconductor media; solid-state non-volatile storage devices, whether or not recorded, excluding products of Chapter 37","14 523 873","14 097 550","426 324"
"","","[852352] Semiconductor media; smart cards,  whether or not recorded, excluding products of Chapter 37","191 225","140 095","51 130"
"","","[854231] Electronic integrated circuits; processors and controllers, whether or not combined with memories, converters, logic circuits, amplifiers, clock and timing circuits, or other circuits","158 683 426","153 380 767","5 302 660"
"","","[854232] Electronic integrated circuits; memories","35 672","30 450","5 222"
"","","[854233] Electronic integrated circuits; amplifiers","1 141 759","866 269","275 490"
"","","[854239] Electronic integrated circuits; n.e.c. in heading no. 8542","114 032 564","95 778 029","18 254 535"
"","","[854290] Parts of electronic integrated circuits","35 584 664","34 835 767","748 898"
"","Monaco [MC]","[854290] Parts of electronic integrated circuits","1 629","1 629",""
"","Mongolia [MN]","[847330] Machinery; parts and accessories (other than covers, carrying cases and the like) of the machines of heading no. 8471","33","","33"
"","","[852352] Semiconductor media; smart cards,  whether or not recorded, excluding products of Chapter 37","1","1",""
"","","[854290] Parts of electronic integrated circuits","329","329",""
"","MONTENEGRO [ME]","[854231] Electronic integrated circuits; processors and controllers, whether or not combined with memories, converters, logic circuits, amplifiers, clock and timing circuits, or other circuits","1 151","","1 151"
"","","[854290] Parts of electronic integrated circuits","3 204","3 204",""
"","Morocco [MA]","[847330] Machinery; parts and accessories (other than covers, carrying cases and the like) of the machines of heading no. 8471","68 343","68 343",""
"","","[852351] Semiconductor media; solid-state non-volatile storage devices, whether or not recorded, excluding products of Chapter 37","6","","6"
"","","[852352] Semiconductor media; smart cards,  whether or not recorded, excluding products of Chapter 37","594 498","594 490","8"
"","","[854231] Electronic integrated circuits; processors and controllers, whether or not combined with memories, converters, logic circuits, amplifiers, clock and timing circuits, or other circuits","1 230 087","44 330","1 185 757"
"","","[854232] Electronic integrated circuits; memories","6 325","","6 325"
"","","[854233] Electronic integrated circuits; amplifiers","6 024","","6 024"
"","","[854239] Electronic integrated circuits; n.e.c. in heading no. 8542","5 040 248","590 536","4 449 712"
"","","[854290] Parts of electronic integrated circuits","134 909","37 177","97 732"
"","Myanmar [MM]","[847330] Machinery; parts and accessories (other than covers, carrying cases and the like) of the machines of heading no. 8471","802 031","801 784","248"
"","","[852351] Semiconductor media; solid-state non-volatile storage devices, whether or not recorded, excluding products of Chapter 37","289 417","288 661","756"
"","","[852352] Semiconductor media; smart cards,  whether or not recorded, excluding products of Chapter 37","505 398","505 314","84"
"","","[854231] Electronic integrated circuits; processors and controllers, whether or not combined with memories, converters, logic circuits, amplifiers, clock and timing circuits, or other circuits","180 675","180 675",""
"","","[854232] Electronic integrated circuits; memories","14 417","14 417",""
"","","[854233] Electronic integrated circuits; amplifiers","780","780",""
"","","[854239] Electronic integrated circuits; n.e.c. in heading no. 8542","20 647","7 999","12 649"
"","","[854290] Parts of electronic integrated circuits","5 489","5 489",""
"","Namibia [NA]","[854232] Electronic integrated circuits; memories","4 046","","4 046"
"","","[854239] Electronic integrated circuits; n.e.c. in heading no. 8542","22 589","","22 589"
"","Nepal [NP]","[847330] Machinery; parts and accessories (other than covers, carrying cases and the like) of the machines of heading no. 8471","194","194",""
"","","[852352] Semiconductor media; smart cards,  whether or not recorded, excluding products of Chapter 37","114 257","114 257",""
"","Netherlands [NL]","[847330] Machinery; parts and accessories (other than covers, carrying cases and the like) of the machines of heading no. 8471","154 046 339","153 904 257","142 082"
"","","[852351] Semiconductor media; solid-state non-volatile storage devices, whether or not recorded, excluding products of Chapter 37","3 255 463","578 158","2 677 305"
"","","[852352] Semiconductor media; smart cards,  whether or not recorded, excluding products of Chapter 37","11 957","9 921","2 036"
"","","[854231] Electronic integrated circuits; processors and controllers, whether or not combined with memories, converters, logic circuits, amplifiers, clock and timing circuits, or other circuits","30 837 789","30 694 594","143 195"
"","","[854232] Electronic integrated circuits; memories","967 650","967 650",""
"","","[854233] Electronic integrated circuits; amplifiers","11 566 136","11 559 990","6 146"
"","","[854239] Electronic integrated circuits; n.e.c. in heading no. 8542","240 551 802","237 007 980","3 543 822"
"","","[854290] Parts of electronic integrated circuits","212 289 096","7 344 627","204 944 468"
"","New Caledonia [NC]","[854232] Electronic integrated circuits; memories","21","","21"
"","New Zealand [NZ]","[847330] Machinery; parts and accessories (other than covers, carrying cases and the like) of the machines of heading no. 8471","64 350","63 890","460"
"","","[852351] Semiconductor media; solid-state non-volatile storage devices, whether or not recorded, excluding products of Chapter 37","5 139","807","4 332"
"","","[852352] Semiconductor media; smart cards,  whether or not recorded, excluding products of Chapter 37","534 710","533 834","876"
"","","[854231] Electronic integrated circuits; processors and controllers, whether or not combined with memories, converters, logic circuits, amplifiers, clock and timing circuits, or other circuits","247","202","45"
"","","[854233] Electronic integrated circuits; amplifiers","62","62",""
"","","[854239] Electronic integrated circuits; n.e.c. in heading no. 8542","7 996 802","7 980 569","16 233"
"","","[854290] Parts of electronic integrated circuits","134 128","133 456","672"
"","Nigeria [NG]","[854290] Parts of electronic integrated circuits","3","3",""
"","Northern Mariana Islands [MP]","[854239] Electronic integrated circuits; n.e.c. in heading no. 8542","11 944","","11 944"
"","Norway [NO]","[847330] Machinery; parts and accessories (other than covers, carrying cases and the like) of the machines of heading no. 8471","19 617","3 418","16 199"
"","","[852351] Semiconductor media; solid-state non-volatile storage devices, whether or not recorded, excluding products of Chapter 37","159 308","","159 308"
"","","[852352] Semiconductor media; smart cards,  whether or not recorded, excluding products of Chapter 37","5 968","","5 968"
"","","[854232] Electronic integrated circuits; memories","213","213",""
"","","[854239] Electronic integrated circuits; n.e.c. in heading no. 8542","179 745","179 737","8"
"","","[854290] Parts of electronic integrated circuits","78 161","78 161",""
"","Oman [OM]","[847330] Machinery; parts and accessories (other than covers, carrying cases and the like) of the machines of heading no. 8471","257","257",""
"","","[852351] Semiconductor media; solid-state non-volatile storage devices, whether or not recorded, excluding products of Chapter 37","18","18",""
"","","[854233] Electronic integrated circuits; amplifiers","2 500","2 500",""
"","","[854239] Electronic integrated circuits; n.e.c. in heading no. 8542","8 338","8 338",""
"","","[854290] Parts of electronic integrated circuits","16 717","16 717",""
"","Pakistan [PK]","[847330] Machinery; parts and accessories (other than covers, carrying cases and the like) of the machines of heading no. 8471","3 764","3 764",""
"","","[852351] Semiconductor media; solid-state non-volatile storage devices, whether or not recorded, excluding products of Chapter 37","14 677","14 673","4"
"","","[852352] Semiconductor media; smart cards,  whether or not recorded, excluding products of Chapter 37","376 718","376 715","3"
"","","[854239] Electronic integrated circuits; n.e.c. in heading no. 8542","2 445","2 445",""
"","","[854290] Parts of electronic integrated circuits","10 554","10 554",""
"","Panama [PA]","[847330] Machinery; parts and accessories (other than covers, carrying cases and the like) of the machines of heading no. 8471","9 658 554","9 658 554",""
"","","[852352] Semiconductor media; smart cards,  whether or not recorded, excluding products of Chapter 37","73","","73"
"","","[854231] Electronic integrated circuits; processors and controllers, whether or not combined with memories, converters, logic circuits, amplifiers, clock and timing circuits, or other circuits","477","477",""
"","","[854290] Parts of electronic integrated circuits","6 102","6 102",""
"","Papua New Guinea [PG]","[854231] Electronic integrated circuits; processors and controllers, whether or not combined with memories, converters, logic circuits, amplifiers, clock and timing circuits, or other circuits","1 087","13","1 073"
"","","[854239] Electronic integrated circuits; n.e.c. in heading no. 8542","740","","740"
"","Paraguay [PY]","[847330] Machinery; parts and accessories (other than covers, carrying cases and the like) of the machines of heading no. 8471","48","","48"
"","Peru [PE]","[852352] Semiconductor media; smart cards,  whether or not recorded, excluding products of Chapter 37","293","293",""
"","","[854231] Electronic integrated circuits; processors and controllers, whether or not combined with memories, converters, logic circuits, amplifiers, clock and timing circuits, or other circuits","2 495","2 495",""
"","","[854239] Electronic integrated circuits; n.e.c. in heading no. 8542","969","969",""
"","","[854290] Parts of electronic integrated circuits","11 539","11 539",""
"","Philippines [PH]","[847330] Machinery; parts and accessories (other than covers, carrying cases and the like) of the machines of heading no. 8471","1 110 416 213","129 002 654","981 413 560"
"","","[852351] Semiconductor media; solid-state non-volatile storage devices, whether or not recorded, excluding products of Chapter 37","2 205 084","31 595","2 173 489"
"","","[852352] Semiconductor media; smart cards,  whether or not recorded, excluding products of Chapter 37","4 607 595","4 605 877","1 717"
"","","[854231] Electronic integrated circuits; processors and controllers, whether or not combined with memories, converters, logic circuits, amplifiers, clock and timing circuits, or other circuits","318 122 984","2 666 024","315 456 959"
"","","[854232] Electronic integrated circuits; memories","9 350 093","5 432 778","3 917 315"
"","","[854233] Electronic integrated circuits; amplifiers","2 174 976","22 098","2 152 878"
"","","[854239] Electronic integrated circuits; n.e.c. in heading no. 8542","933 041 649","612 135 332","320 906 318"
"","","[854290] Parts of electronic integrated circuits","44 622 399","28 567 312","16 055 087"
"","Poland [PL]","[847330] Machinery; parts and accessories (other than covers, carrying cases and the like) of the machines of heading no. 8471","41 391 286","41 381 628","9 658"
"","","[852351] Semiconductor media; solid-state non-volatile storage devices, whether or not recorded, excluding products of Chapter 37","16 736","8 777","7 959"
"","","[852352] Semiconductor media; smart cards,  whether or not recorded, excluding products of Chapter 37","316 639","245 300","71 339"
"","","[854231] Electronic integrated circuits; processors and controllers, whether or not combined with memories, converters, logic circuits, amplifiers, clock and timing circuits, or other circuits","278 025","60 255","217 770"
"","","[854232] Electronic integrated circuits; memories","6","","6"
"","","[854233] Electronic integrated circuits; amplifiers","1 154","1 154",""
"","","[854239] Electronic integrated circuits; n.e.c. in heading no. 8542","7 208 320","6 962 209","246 110"
"","","[854290] Parts of electronic integrated circuits","52 283","52 283",""
"","Portugal [PT]","[847330] Machinery; parts and accessories (other than covers, carrying cases and the like) of the machines of heading no. 8471","129 407","128 740","667"
"","","[852351] Semiconductor media; solid-state non-volatile storage devices, whether or not recorded, excluding products of Chapter 37","11 421","","11 421"
"","","[852352] Semiconductor media; smart cards,  whether or not recorded, excluding products of Chapter 37","8 145","8 136","9"
"","","[854231] Electronic integrated circuits; processors and controllers, whether or not combined with memories, converters, logic circuits, amplifiers, clock and timing circuits, or other circuits","65 550","24 279","41 271"
"","","[854232] Electronic integrated circuits; memories","752 429","752 429",""
"","","[854239] Electronic integrated circuits; n.e.c. in heading no. 8542","2 935 809","2 571 012","364 797"
"","","[854290] Parts of electronic integrated circuits","56 031","39 266","16 766"
"","Puerto Rico [PR]","[847330] Machinery; parts and accessories (other than covers, carrying cases and the like) of the machines of heading no. 8471","18 112","","18 112"
"","","[852351] Semiconductor media; solid-state non-volatile storage devices, whether or not recorded, excluding products of Chapter 37","57","","57"
"","","[854231] Electronic integrated circuits; processors and controllers, whether or not combined with memories, converters, logic circuits, amplifiers, clock and timing circuits, or other circuits","8 612","","8 612"
"","","[854239] Electronic integrated circuits; n.e.c. in heading no. 8542","277 466","277 457","9"
"","Qatar [QA]","[847330] Machinery; parts and accessories (other than covers, carrying cases and the like) of the machines of heading no. 8471","1 008","1 008",""
"","","[852351] Semiconductor media; solid-state non-volatile storage devices, whether or not recorded, excluding products of Chapter 37","38","","38"
"","","[852352] Semiconductor media; smart cards,  whether or not recorded, excluding products of Chapter 37","224","","224"
"","","[854231] Electronic integrated circuits; processors and controllers, whether or not combined with memories, converters, logic circuits, amplifiers, clock and timing circuits, or other circuits","169","","169"
"","","[854239] Electronic integrated circuits; n.e.c. in heading no. 8542","3","3",""
"","","[854290] Parts of electronic integrated circuits","6 184","6 184",""
"","Reunion [RE]","[854290] Parts of electronic integrated circuits","1 739","1 739",""
"","Romania [RO]","[847330] Machinery; parts and accessories (other than covers, carrying cases and the like) of the machines of heading no. 8471","478 065","426 113","51 952"
"","","[852351] Semiconductor media; solid-state non-volatile storage devices, whether or not recorded, excluding products of Chapter 37","3 751","","3 751"
"","","[852352] Semiconductor media; smart cards,  whether or not recorded, excluding products of Chapter 37","128 978","128 945","33"
"","","[854231] Electronic integrated circuits; processors and controllers, whether or not combined with memories, converters, logic circuits, amplifiers, clock and timing circuits, or other circuits","1 031 037","974 330","56 707"
"","","[854233] Electronic integrated circuits; amplifiers","83 678","83 678",""
"","","[854239] Electronic integrated circuits; n.e.c. in heading no. 8542","3 780 057","3 755 517","24 540"
"","","[854290] Parts of electronic integrated circuits","35 783","35 772","11"
"","Russian Federation [RU]","[847330] Machinery; parts and accessories (other than covers, carrying cases and the like) of the machines of heading no. 8471","9 741 006","9 741 006",""
"","","[852351] Semiconductor media; solid-state non-volatile storage devices, whether or not recorded, excluding products of Chapter 37","9 394 600","9 394 600",""
"","","[854231] Electronic integrated circuits; processors and controllers, whether or not combined with memories, converters, logic circuits, amplifiers, clock and timing circuits, or other circuits","236 609","236 609",""
"","","[854232] Electronic integrated circuits; memories","1 860","1 860",""
"","","[854239] Electronic integrated circuits; n.e.c. in heading no. 8542","122 465","118 306","4 159"
"","Rwanda [RW]","[847330] Machinery; parts and accessories (other than covers, carrying cases and the like) of the machines of heading no. 8471","1 356","","1 356"
"","","[854239] Electronic integrated circuits; n.e.c. in heading no. 8542","599","","599"
"","Samoa [WS]","[854239] Electronic integrated circuits; n.e.c. in heading no. 8542","1 756","","1 756"
"","Sao Tomé and Principe [ST]","[854290] Parts of electronic integrated circuits","11 158","","11 158"
"","Saudi Arabia [SA]","[847330] Machinery; parts and accessories (other than covers, carrying cases and the like) of the machines of heading no. 8471","1 589","1 589",""
"","","[852351] Semiconductor media; solid-state non-volatile storage devices, whether or not recorded, excluding products of Chapter 37","58","55","3"
"","","[852352] Semiconductor media; smart cards,  whether or not recorded, excluding products of Chapter 37","25","","25"
"","","[854233] Electronic integrated circuits; amplifiers","1","1",""
"","","[854239] Electronic integrated circuits; n.e.c. in heading no. 8542","9 912","9 912",""
"","","[854290] Parts of electronic integrated circuits","150 377","150 377",""
"","Senegal [SN]","[852352] Semiconductor media; smart cards,  whether or not recorded, excluding products of Chapter 37","91 936","91 850","86"
"","","[854231] Electronic integrated circuits; processors and controllers, whether or not combined with memories, converters, logic circuits, amplifiers, clock and timing circuits, or other circuits","1 165","","1 165"
"","SERBIA [RS]","[847330] Machinery; parts and accessories (other than covers, carrying cases and the like) of the machines of heading no. 8471","1 023","","1 023"
"","","[852352] Semiconductor media; smart cards,  whether or not recorded, excluding products of Chapter 37","804","","804"
"","","[854231] Electronic integrated circuits; processors and controllers, whether or not combined with memories, converters, logic circuits, amplifiers, clock and timing circuits, or other circuits","19 278","13 245","6 033"
"","","[854239] Electronic integrated circuits; n.e.c. in heading no. 8542","1 847 702","1 847 306","396"
"","","[854290] Parts of electronic integrated circuits","1 265","1 265",""
"","Seychelles [SC]","[847330] Machinery; parts and accessories (other than covers, carrying cases and the like) of the machines of heading no. 8471","173","173",""
"","","[852352] Semiconductor media; smart cards,  whether or not recorded, excluding products of Chapter 37","7","","7"
"","Sierra Leone [SL]","[847330] Machinery; parts and accessories (other than covers, carrying cases and the like) of the machines of heading no. 8471","309","309",""
"","","[852352] Semiconductor media; smart cards,  whether or not recorded, excluding products of Chapter 37","14","","14"
"","","[854239] Electronic integrated circuits; n.e.c. in heading no. 8542","780","780",""
"","Singapore [SG]","[847330] Machinery; parts and accessories (other than covers, carrying cases and the like) of the machines of heading no. 8471","140 498 493","126 451 119","14 047 374"
"","","[852351] Semiconductor media; solid-state non-volatile storage devices, whether or not recorded, excluding products of Chapter 37","42 047 494","355 971","41 691 524"
"","","[852352] Semiconductor media; smart cards,  whether or not recorded, excluding products of Chapter 37","1 459 222","782 463","676 758"
"","","[854231] Electronic integrated circuits; processors and controllers, whether or not combined with memories, converters, logic circuits, amplifiers, clock and timing circuits, or other circuits","233 839 151","127 379 797","106 459 353"
"","","[854232] Electronic integrated circuits; memories","302 681 157","281 021 750","21 659 407"
"","","[854233] Electronic integrated circuits; amplifiers","2 180 241","1 905 282","274 959"
"","","[854239] Electronic integrated circuits; n.e.c. in heading no. 8542","659 432 437","501 303 963","158 128 473"
"","","[854290] Parts of electronic integrated circuits","392 740 844","62 212 246","330 528 599"
"","Slovakia [SK]","[847330] Machinery; parts and accessories (other than covers, carrying cases and the like) of the machines of heading no. 8471","86 127","80 687","5 440"
"","","[852351] Semiconductor media; solid-state non-volatile storage devices, whether or not recorded, excluding products of Chapter 37","718","","718"
"","","[852352] Semiconductor media; smart cards,  whether or not recorded, excluding products of Chapter 37","282","","282"
"","","[854231] Electronic integrated circuits; processors and controllers, whether or not combined with memories, converters, logic circuits, amplifiers, clock and timing circuits, or other circuits","1 151","889","262"
"","","[854232] Electronic integrated circuits; memories","5 483","5 397","86"
"","","[854233] Electronic integrated circuits; amplifiers","8","","8"
"","","[854239] Electronic integrated circuits; n.e.c. in heading no. 8542","3 956 000","3 726 941","229 059"
"","","[854290] Parts of electronic integrated circuits","76 117","69 289","6 827"
"","Slovenia [SI]","[847330] Machinery; parts and accessories (other than covers, carrying cases and the like) of the machines of heading no. 8471","19 724","","19 724"
"","","[852351] Semiconductor media; solid-state non-volatile storage devices, whether or not recorded, excluding products of Chapter 37","19","","19"
"","","[852352] Semiconductor media; smart cards,  whether or not recorded, excluding products of Chapter 37","96","","96"
"","","[854231] Electronic integrated circuits; processors and controllers, whether or not combined with memories, converters, logic circuits, amplifiers, clock and timing circuits, or other circuits","966 380","966 380",""
"","","[854232] Electronic integrated circuits; memories","5","5",""
"","","[854233] Electronic integrated circuits; amplifiers","341","","341"
"","","[854239] Electronic integrated circuits; n.e.c. in heading no. 8542","134 966","42 035","92 930"
"","","[854290] Parts of electronic integrated circuits","16 800","11 159","5 641"
"","South Africa [ZA]","[847330] Machinery; parts and accessories (other than covers, carrying cases and the like) of the machines of heading no. 8471","234 485","234 485",""
"","","[852351] Semiconductor media; solid-state non-volatile storage devices, whether or not recorded, excluding products of Chapter 37","1 457","1 161","297"
"","","[852352] Semiconductor media; smart cards,  whether or not recorded, excluding products of Chapter 37","367","30","337"
"","","[854231] Electronic integrated circuits; processors and controllers, whether or not combined with memories, converters, logic circuits, amplifiers, clock and timing circuits, or other circuits","311 694","311 694",""
"","","[854233] Electronic integrated circuits; amplifiers","197 831","197 831",""
"","","[854239] Electronic integrated circuits; n.e.c. in heading no. 8542","747 416","746 487","929"
"","","[854290] Parts of electronic integrated circuits","59 784","59 784",""
"","South Sudan [SS]","[852352] Semiconductor media; smart cards,  whether or not recorded, excluding products of Chapter 37","2","","2"
"","Spain [ES]","[847330] Machinery; parts and accessories (other than covers, carrying cases and the like) of the machines of heading no. 8471","990 555","989 569","985"
"","","[852351] Semiconductor media; solid-state non-volatile storage devices, whether or not recorded, excluding products of Chapter 37","17 349","","17 349"
"","","[852352] Semiconductor media; smart cards,  whether or not recorded, excluding products of Chapter 37","85 739","77 766","7 973"
"","","[854231] Electronic integrated circuits; processors and controllers, whether or not combined with memories, converters, logic circuits, amplifiers, clock and timing circuits, or other circuits","137 985","65 728","72 257"
"","","[854232] Electronic integrated circuits; memories","10 557","","10 557"
"","","[854233] Electronic integrated circuits; amplifiers","437","437",""
"","","[854239] Electronic integrated circuits; n.e.c. in heading no. 8542","5 260 168","5 255 524","4 644"
"","","[854290] Parts of electronic integrated circuits","252 473","252 473",""
"","Sri Lanka [LK]","[847330] Machinery; parts and accessories (other than covers, carrying cases and the like) of the machines of heading no. 8471","3 882","3 882",""
"","","[852351] Semiconductor media; solid-state non-volatile storage devices, whether or not recorded, excluding products of Chapter 37","187","187",""
"","","[852352] Semiconductor media; smart cards,  whether or not recorded, excluding products of Chapter 37","107 896","107 885","11"
"","","[854231] Electronic integrated circuits; processors and controllers, whether or not combined with memories, converters, logic circuits, amplifiers, clock and timing circuits, or other circuits","3 155","3 155",""
"","","[854239] Electronic integrated circuits; n.e.c. in heading no. 8542","59 449","59 248","201"
"","","[854290] Parts of electronic integrated circuits","60 836","60 836",""
"","Suriname [SR]","[854231] Electronic integrated circuits; processors and controllers, whether or not combined with memories, converters, logic circuits, amplifiers, clock and timing circuits, or other circuits","3 048","","3 048"
"","","[854290] Parts of electronic integrated circuits","12 907","12 907",""
"","Swaziland [SZ]","[854239] Electronic integrated circuits; n.e.c. in heading no. 8542","4 558","","4 558"
"","Sweden [SE]","[847330] Machinery; parts and accessories (other than covers, carrying cases and the like) of the machines of heading no. 8471","81 388","73 660","7 728"
"","","[852351] Semiconductor media; solid-state non-volatile storage devices, whether or not recorded, excluding products of Chapter 37","212 220","3 515","208 704"
"","","[852352] Semiconductor media; smart cards,  whether or not recorded, excluding products of Chapter 37","817","","817"
"","","[854231] Electronic integrated circuits; processors and controllers, whether or not combined with memories, converters, logic circuits, amplifiers, clock and timing circuits, or other circuits","112 672","516","112 155"
"","","[854232] Electronic integrated circuits; memories","1 124 751","","1 124 751"
"","","[854233] Electronic integrated circuits; amplifiers","5 435","5 435",""
"","","[854239] Electronic integrated circuits; n.e.c. in heading no. 8542","2 420 902","2 209 454","211 448"
"","","[854290] Parts of electronic integrated circuits","118 155","118 061","93"
"","Switzerland [CH]","[847330] Machinery; parts and accessories (other than covers, carrying cases and the like) of the machines of heading no. 8471","2 652 028","2 330 047","321 981"
"","","[852351] Semiconductor media; solid-state non-volatile storage devices, whether or not recorded, excluding products of Chapter 37","62 885","6 848","56 037"
"","","[852352] Semiconductor media; smart cards,  whether or not recorded, excluding products of Chapter 37","6 711","","6 711"
"","","[854231] Electronic integrated circuits; processors and controllers, whether or not combined with memories, converters, logic circuits, amplifiers, clock and timing circuits, or other circuits","13 482 385","3 087 763","10 394 622"
"","","[854232] Electronic integrated circuits; memories","400 517","179 086","221 430"
"","","[854233] Electronic integrated circuits; amplifiers","128 018","110 618","17 400"
"","","[854239] Electronic integrated circuits; n.e.c. in heading no. 8542","22 993 622","10 010 517","12 983 104"
"","","[854290] Parts of electronic integrated circuits","6 693 188","1 994 137","4 699 050"
"","Taiwan [TW]","[847330] Machinery; parts and accessories (other than covers, carrying cases and the like) of the machines of heading no. 8471","469 306 814","51 083 339","418 223 475"
"","","[852351] Semiconductor media; solid-state non-volatile storage devices, whether or not recorded, excluding products of Chapter 37","120 646 101","31 824 248","88 821 854"
"","","[852352] Semiconductor media; smart cards,  whether or not recorded, excluding products of Chapter 37","145 118","15 713","129 405"
"","","[854231] Electronic integrated circuits; processors and controllers, whether or not combined with memories, converters, logic circuits, amplifiers, clock and timing circuits, or other circuits","12 072 142 079","552 557 905","11 519 584 175"
"","","[854232] Electronic integrated circuits; memories","363 773 413","116 978 070","246 795 343"
"","","[854233] Electronic integrated circuits; amplifiers","89 487 145","8 677 472","80 809 673"
"","","[854239] Electronic integrated circuits; n.e.c. in heading no. 8542","3 935 489 139","522 083 709","3 413 405 430"
"","","[854290] Parts of electronic integrated circuits","1 376 852 116","123 027 963","1 253 824 153"
"","Tanzania, United Republic of [TZ]","[847330] Machinery; parts and accessories (other than covers, carrying cases and the like) of the machines of heading no. 8471","2 133","2 133",""
"","","[852351] Semiconductor media; solid-state non-volatile storage devices, whether or not recorded, excluding products of Chapter 37","9","9",""
"","","[852352] Semiconductor media; smart cards,  whether or not recorded, excluding products of Chapter 37","52 519","52 492","27"
"","","[854231] Electronic integrated circuits; processors and controllers, whether or not combined with memories, converters, logic circuits, amplifiers, clock and timing circuits, or other circuits","859 053","859 053",""
"","","[854290] Parts of electronic integrated circuits","10 405","10 405",""
"","Thailand [TH]","[847330] Machinery; parts and accessories (other than covers, carrying cases and the like) of the machines of heading no. 8471","62 532 571","","62 532 571"
"","","[852351] Semiconductor media; solid-state non-volatile storage devices, whether or not recorded, excluding products of Chapter 37","10 916 746","","10 916 746"
"","","[852352] Semiconductor media; smart cards,  whether or not recorded, excluding products of Chapter 37","29 583","","29 583"
"","","[854231] Electronic integrated circuits; processors and controllers, whether or not combined with memories, converters, logic circuits, amplifiers, clock and timing circuits, or other circuits","363 797 122","","363 797 122"
"","","[854232] Electronic integrated circuits; memories","8 689 423","","8 689 423"
"","","[854233] Electronic integrated circuits; amplifiers","19 747 437","","19 747 437"
"","","[854239] Electronic integrated circuits; n.e.c. in heading no. 8542","768 171 472","","768 171 472"
"","","[854290] Parts of electronic integrated circuits","17 401 951","","17 401 951"
"","Trinidad and Tobago [TT]","[852352] Semiconductor media; smart cards,  whether or not recorded, excluding products of Chapter 37","67","","67"
"","Tunisia [TN]","[854231] Electronic integrated circuits; processors and controllers, whether or not combined with memories, converters, logic circuits, amplifiers, clock and timing circuits, or other circuits","118 193","110 026","8 168"
"","","[854239] Electronic integrated circuits; n.e.c. in heading no. 8542","903 544","903 490","54"
"","Turkey [TR]","[847330] Machinery; parts and accessories (other than covers, carrying cases and the like) of the machines of heading no. 8471","3 235 889","3 235 458","430"
"","","[852351] Semiconductor media; solid-state non-volatile storage devices, whether or not recorded, excluding products of Chapter 37","591 607","591 560","47"
"","","[852352] Semiconductor media; smart cards,  whether or not recorded, excluding products of Chapter 37","168","","168"
"","","[854231] Electronic integrated circuits; processors and controllers, whether or not combined with memories, converters, logic circuits, amplifiers, clock and timing circuits, or other circuits","4 907 974","4 906 367","1 607"
"","","[854232] Electronic integrated circuits; memories","36 381","9 062","27 319"
"","","[854239] Electronic integrated circuits; n.e.c. in heading no. 8542","436 496","374 869","61 627"
"","","[854290] Parts of electronic integrated circuits","60 682","60 682",""
"","Turks and Caicos Islands [TC]","[854232] Electronic integrated circuits; memories","140","","140"
"","Tuvalu [TV]","[854233] Electronic integrated circuits; amplifiers","350","","350"
"","","[854239] Electronic integrated circuits; n.e.c. in heading no. 8542","172 367","","172 367"
"","Uganda [UG]","[847330] Machinery; parts and accessories (other than covers, carrying cases and the like) of the machines of heading no. 8471","469","","469"
"","Ukraine [UA]","[852351] Semiconductor media; solid-state non-volatile storage devices, whether or not recorded, excluding products of Chapter 37","7","","7"
"","","[852352] Semiconductor media; smart cards,  whether or not recorded, excluding products of Chapter 37","78","","78"
"","","[854231] Electronic integrated circuits; processors and controllers, whether or not combined with memories, converters, logic circuits, amplifiers, clock and timing circuits, or other circuits","1 665","","1 665"
"","","[854232] Electronic integrated circuits; memories","163","163",""
"","","[854239] Electronic integrated circuits; n.e.c. in heading no. 8542","33 137","19 488","13 649"
"","","[854290] Parts of electronic integrated circuits","12 106","12 106",""
"","United Arab Emirates [AE]","[847330] Machinery; parts and accessories (other than covers, carrying cases and the like) of the machines of heading no. 8471","1 133 510","1 132 409","1 101"
"","","[852351] Semiconductor media; solid-state non-volatile storage devices, whether or not recorded, excluding products of Chapter 37","35 702","35 364","337"
"","","[852352] Semiconductor media; smart cards,  whether or not recorded, excluding products of Chapter 37","3 560","658","2 902"
"","","[854231] Electronic integrated circuits; processors and controllers, whether or not combined with memories, converters, logic circuits, amplifiers, clock and timing circuits, or other circuits","6 202 385","6 200 295","2 090"
"","","[854233] Electronic integrated circuits; amplifiers","97","97",""
"","","[854239] Electronic integrated circuits; n.e.c. in heading no. 8542","1 292 003","1 200 081","91 921"
"","","[854290] Parts of electronic integrated circuits","608 870","608 870",""
"","United Kingdom [GB]","[847330] Machinery; parts and accessories (other than covers, carrying cases and the like) of the machines of heading no. 8471","38 345 915","37 589 148","756 767"
"","","[852351] Semiconductor media; solid-state non-volatile storage devices, whether or not recorded, excluding products of Chapter 37","168 921","74 484","94 436"
"","","[852352] Semiconductor media; smart cards,  whether or not recorded, excluding products of Chapter 37","344 409","282 244","62 165"
"","","[854231] Electronic integrated circuits; processors and controllers, whether or not combined with memories, converters, logic circuits, amplifiers, clock and timing circuits, or other circuits","1 419 827","634 778","785 049"
"","","[854232] Electronic integrated circuits; memories","257 584","10 645","246 939"
"","","[854233] Electronic integrated circuits; amplifiers","636 290","634 702","1 589"
"","","[854239] Electronic integrated circuits; n.e.c. in heading no. 8542","314 652 032","42 611 050","272 040 982"
"","","[854290] Parts of electronic integrated circuits","5 225 271","4 777 738","447 533"
"","United States  Minor Outlying islands [UM]","[854239] Electronic integrated circuits; n.e.c. in heading no. 8542","792","","792"
"","United states [US]","[847330] Machinery; parts and accessories (other than covers, carrying cases and the like) of the machines of heading no. 8471","3 789 068 565","3 463 503 840","325 564 725"
"","","[852351] Semiconductor media; solid-state non-volatile storage devices, whether or not recorded, excluding products of Chapter 37","170 257 193","164 819 482","5 437 711"
"","","[852352] Semiconductor media; smart cards,  whether or not recorded, excluding products of Chapter 37","1 799 676","423 322","1 376 354"
"","","[854231] Electronic integrated circuits; processors and controllers, whether or not combined with memories, converters, logic circuits, amplifiers, clock and timing circuits, or other circuits","198 796 637","143 372 161","55 424 476"
"","","[854232] Electronic integrated circuits; memories","2 682 139","1 245 240","1 436 898"
"","","[854233] Electronic integrated circuits; amplifiers","11 371 036","5 845 753","5 525 283"
"","","[854239] Electronic integrated circuits; n.e.c. in heading no. 8542","831 550 580","458 711 974","372 838 606"
"","","[854290] Parts of electronic integrated circuits","571 956 163","18 496 762","553 459 402"
"","Uruguay [UY]","[854239] Electronic integrated circuits; n.e.c. in heading no. 8542","10 357","10 357",""
"","Uzbekistan [UZ]","[847330] Machinery; parts and accessories (other than covers, carrying cases and the like) of the machines of heading no. 8471","55","55",""
"","","[852352] Semiconductor media; smart cards,  whether or not recorded, excluding products of Chapter 37","10 641","10 606","35"
"","","[854231] Electronic integrated circuits; processors and controllers, whether or not combined with memories, converters, logic circuits, amplifiers, clock and timing circuits, or other circuits","16 233","8 405","7 828"
"","Viet Nam [VN]","[847330] Machinery; parts and accessories (other than covers, carrying cases and the like) of the machines of heading no. 8471","290 420 722","51 337 572","239 083 151"
"","","[852351] Semiconductor media; solid-state non-volatile storage devices, whether or not recorded, excluding products of Chapter 37","14 932 879","52 520","14 880 360"
"","","[852352] Semiconductor media; smart cards,  whether or not recorded, excluding products of Chapter 37","540 140","237 752","302 388"
"","","[854231] Electronic integrated circuits; processors and controllers, whether or not combined with memories, converters, logic circuits, amplifiers, clock and timing circuits, or other circuits","1 348 967 912","102 702 943","1 246 264 968"
"","","[854232] Electronic integrated circuits; memories","2 022 555","1 676 533","346 023"
"","","[854233] Electronic integrated circuits; amplifiers","7 392 007","7 392 007",""
"","","[854239] Electronic integrated circuits; n.e.c. in heading no. 8542","613 557 156","69 525 000","544 032 156"
"","","[854290] Parts of electronic integrated circuits","3 390 470","2 843 376","547 093"
"","Virgin Islands (US) [VI]","[854290] Parts of electronic integrated circuits","1 288","1 288",""
"","Yemen [YE]","[854239] Electronic integrated circuits; n.e.c. in heading no. 8542","142","","142"
"","Zambia [ZM]","[852352] Semiconductor media; smart cards,  whether or not recorded, excluding products of Chapter 37","42 674","42 674",""
"","Zimbabwe [ZW]","[847330] Machinery; parts and accessories (other than covers, carrying cases and the like) of the machines of heading no. 8471","200","200",""
"","","[852352] Semiconductor media; smart cards,  whether or not recorded, excluding products of Chapter 37","9 896","9 882","14"
"","","[854290] Parts of electronic integrated circuits","4 483","4 483",""
"Viet Nam","  European Union [EU-27]","[847330] Machinery; parts and accessories (other than covers, carrying cases and the like) of the machines of heading no. 8471","1 490 422 957","1 487 822 777","2 600 181"
"","","[852351] Semiconductor media; solid-state non-volatile storage devices, whether or not recorded, excluding products of Chapter 37","208 806 032","199 888 501","8 917 531"
"","","[852352] Semiconductor media; smart cards,  whether or not recorded, excluding products of Chapter 37","3 406 600","134 295","3 272 306"
"","","[854231] Electronic integrated circuits; processors and controllers, whether or not combined with memories, converters, logic circuits, amplifiers, clock and timing circuits, or other circuits","3 272 500 553","371 316 332","2 901 184 221"
"","","[854232] Electronic integrated circuits; memories","5 741 424","57 303","5 684 121"
"","","[854233] Electronic integrated circuits; amplifiers","10 377 447","53 076","10 324 371"
"","","[854239] Electronic integrated circuits; n.e.c. in heading no. 8542","255 834 189","47 272 954","208 561 235"
"","","[854290] Parts of electronic integrated circuits","15 089 405","926 769","14 162 636"
""," ASEAN [00]","[847330] Machinery; parts and accessories (other than covers, carrying cases and the like) of the machines of heading no. 8471","746 959 203","579 532 649","167 426 554"
"","","[852351] Semiconductor media; solid-state non-volatile storage devices, whether or not recorded, excluding products of Chapter 37","31 195 227","19 130 317","12 064 910"
"","","[852352] Semiconductor media; smart cards,  whether or not recorded, excluding products of Chapter 37","49 246 547","33 430 561","15 815 986"
"","","[854231] Electronic integrated circuits; processors and controllers, whether or not combined with memories, converters, logic circuits, amplifiers, clock and timing circuits, or other circuits","2 708 479 376","1 218 631 355","1 489 848 021"
"","","[854232] Electronic integrated circuits; memories","550 123 507","68 484 935","481 638 572"
"","","[854233] Electronic integrated circuits; amplifiers","36 304 228","578 873","35 725 356"
"","","[854239] Electronic integrated circuits; n.e.c. in heading no. 8542","3 067 093 045","391 211 602","2 675 881 443"
"","","[854290] Parts of electronic integrated circuits","103 803 671","354 942","103 448 729"
""," Extra-ASEAN [88]","[847330] Machinery; parts and accessories (other than covers, carrying cases and the like) of the machines of heading no. 8471","24 721 597 551","21 452 489 290","3 269 108 261"
"","","[852351] Semiconductor media; solid-state non-volatile storage devices, whether or not recorded, excluding products of Chapter 37","1 037 083 308","941 459 976","95 623 332"
"","","[852352] Semiconductor media; smart cards,  whether or not recorded, excluding products of Chapter 37","158 460 299","10 410 759","148 049 540"
"","","[854231] Electronic integrated circuits; processors and controllers, whether or not combined with memories, converters, logic circuits, amplifiers, clock and timing circuits, or other circuits","39 115 735 881","10 785 514 029","28 330 221 852"
"","","[854232] Electronic integrated circuits; memories","9 268 674 427","102 085 033","9 166 589 394"
"","","[854233] Electronic integrated circuits; amplifiers","924 756 200","19 150 731","905 605 469"
"","","[854239] Electronic integrated circuits; n.e.c. in heading no. 8542","47 780 498 691","1 748 584 694","46 031 913 997"
"","","[854290] Parts of electronic integrated circuits","789 126 868","262 168 553","526 958 315"
""," WORLD [99]","[847330] Machinery; parts and accessories (other than covers, carrying cases and the like) of the machines of heading no. 8471","25 468 556 754","22 032 021 940","3 436 534 815"
"","","[852351] Semiconductor media; solid-state non-volatile storage devices, whether or not recorded, excluding products of Chapter 37","1 068 278 535","960 590 292","107 688 242"
"","","[852352] Semiconductor media; smart cards,  whether or not recorded, excluding products of Chapter 37","207 706 846","43 841 320","163 865 526"
"","","[854231] Electronic integrated circuits; processors and controllers, whether or not combined with memories, converters, logic circuits, amplifiers, clock and timing circuits, or other circuits","41 824 215 257","12 004 145 384","29 820 069 873"
"","","[854232] Electronic integrated circuits; memories","9 818 797 934","170 569 968","9 648 227 966"
"","","[854233] Electronic integrated circuits; amplifiers","961 060 428","19 729 603","941 330 825"
"","","[854239] Electronic integrated circuits; n.e.c. in heading no. 8542","50 847 591 737","2 139 796 296","48 707 795 440"
"","","[854290] Parts of electronic integrated circuits","892 930 539","262 523 495","630 407 044"
"","Algeria [DZ]","[847330] Machinery; parts and accessories (other than covers, carrying cases and the like) of the machines of heading no. 8471","5 153","5 153",""
"","Angola [AO]","[847330] Machinery; parts and accessories (other than covers, carrying cases and the like) of the machines of heading no. 8471","5 220","5 220",""
"","Argentina [AR]","[847330] Machinery; parts and accessories (other than covers, carrying cases and the like) of the machines of heading no. 8471","5 007 773","5 007 773",""
"","","[854231] Electronic integrated circuits; processors and controllers, whether or not combined with memories, converters, logic circuits, amplifiers, clock and timing circuits, or other circuits","1 149","1 149",""
"","","[854233] Electronic integrated circuits; amplifiers","2 034","2 034",""
"","","[854239] Electronic integrated circuits; n.e.c. in heading no. 8542","32 179","32 179",""
"","Australia [AU]","[847330] Machinery; parts and accessories (other than covers, carrying cases and the like) of the machines of heading no. 8471","4 987 721","4 987 721",""
"","","[852351] Semiconductor media; solid-state non-volatile storage devices, whether or not recorded, excluding products of Chapter 37","17 533 514","17 341 166","192 348"
"","","[852352] Semiconductor media; smart cards,  whether or not recorded, excluding products of Chapter 37","51 626","6 969","44 657"
"","","[854231] Electronic integrated circuits; processors and controllers, whether or not combined with memories, converters, logic circuits, amplifiers, clock and timing circuits, or other circuits","773 712","716 083","57 629"
"","","[854233] Electronic integrated circuits; amplifiers","29 572","","29 572"
"","","[854239] Electronic integrated circuits; n.e.c. in heading no. 8542","426 856","141 675","285 182"
"","","[854290] Parts of electronic integrated circuits","42 230","42 230",""
"","Austria [AT]","[847330] Machinery; parts and accessories (other than covers, carrying cases and the like) of the machines of heading no. 8471","13 558 391","13 551 368","7 023"
"","","[852351] Semiconductor media; solid-state non-volatile storage devices, whether or not recorded, excluding products of Chapter 37","102 893 861","102 873 186","20 675"
"","","[854231] Electronic integrated circuits; processors and controllers, whether or not combined with memories, converters, logic circuits, amplifiers, clock and timing circuits, or other circuits","863 804","","863 804"
"","","[854232] Electronic integrated circuits; memories","30 200","","30 200"
"","","[854233] Electronic integrated circuits; amplifiers","65 174","","65 174"
"","","[854239] Electronic integrated circuits; n.e.c. in heading no. 8542","16 057 357","183 093","15 874 264"
"","","[854290] Parts of electronic integrated circuits","13 750","","13 750"
"","Azerbaijan [AZ]","[854239] Electronic integrated circuits; n.e.c. in heading no. 8542","1 050","1 050",""
"","Bangladesh [BD]","[847330] Machinery; parts and accessories (other than covers, carrying cases and the like) of the machines of heading no. 8471","105 955","105 955",""
"","","[852352] Semiconductor media; smart cards,  whether or not recorded, excluding products of Chapter 37","438 587","428 935","9 652"
"","","[854231] Electronic integrated circuits; processors and controllers, whether or not combined with memories, converters, logic circuits, amplifiers, clock and timing circuits, or other circuits","1 297","1 297",""
"","","[854239] Electronic integrated circuits; n.e.c. in heading no. 8542","5 728","5 728",""
"","","[854290] Parts of electronic integrated circuits","438 912","","438 912"
"","Belgium [BE]","[847330] Machinery; parts and accessories (other than covers, carrying cases and the like) of the machines of heading no. 8471","830 250","822 928","7 322"
"","","[852351] Semiconductor media; solid-state non-volatile storage devices, whether or not recorded, excluding products of Chapter 37","19 412","","19 412"
"","","[854231] Electronic integrated circuits; processors and controllers, whether or not combined with memories, converters, logic circuits, amplifiers, clock and timing circuits, or other circuits","68 474","","68 474"
"","","[854239] Electronic integrated circuits; n.e.c. in heading no. 8542","644 164","75 720","568 444"
"","","[854290] Parts of electronic integrated circuits","34 667","34 667",""
"","Brazil [BR]","[847330] Machinery; parts and accessories (other than covers, carrying cases and the like) of the machines of heading no. 8471","73 809 115","73 786 991","22 124"
"","","[852351] Semiconductor media; solid-state non-volatile storage devices, whether or not recorded, excluding products of Chapter 37","27 468","27 468",""
"","","[852352] Semiconductor media; smart cards,  whether or not recorded, excluding products of Chapter 37","28 289","28 289",""
"","","[854231] Electronic integrated circuits; processors and controllers, whether or not combined with memories, converters, logic circuits, amplifiers, clock and timing circuits, or other circuits","3 205 163","3 087 567","117 596"
"","","[854232] Electronic integrated circuits; memories","452 969","21 345","431 624"
"","","[854233] Electronic integrated circuits; amplifiers","653 664","641 800","11 864"
"","","[854239] Electronic integrated circuits; n.e.c. in heading no. 8542","10 626 839","10 205 379","421 460"
"","","[854290] Parts of electronic integrated circuits","11 919","11 919",""
"","Bulgaria [BG]","[847330] Machinery; parts and accessories (other than covers, carrying cases and the like) of the machines of heading no. 8471","71 224","11 983","59 241"
"","","[852351] Semiconductor media; solid-state non-volatile storage devices, whether or not recorded, excluding products of Chapter 37","43 028","43 028",""
"","","[854231] Electronic integrated circuits; processors and controllers, whether or not combined with memories, converters, logic circuits, amplifiers, clock and timing circuits, or other circuits","20 307","","20 307"
"","","[854239] Electronic integrated circuits; n.e.c. in heading no. 8542","5 786","","5 786"
"","Cambodia [KH]","[847330] Machinery; parts and accessories (other than covers, carrying cases and the like) of the machines of heading no. 8471","705 256","699 056","6 200"
"","","[852351] Semiconductor media; solid-state non-volatile storage devices, whether or not recorded, excluding products of Chapter 37","4 553","4 553",""
"","","[852352] Semiconductor media; smart cards,  whether or not recorded, excluding products of Chapter 37","20 525 720","20 452 831","72 889"
"","","[854231] Electronic integrated circuits; processors and controllers, whether or not combined with memories, converters, logic circuits, amplifiers, clock and timing circuits, or other circuits","421 290","421 290",""
"","","[854233] Electronic integrated circuits; amplifiers","3 800","3 800",""
"","","[854239] Electronic integrated circuits; n.e.c. in heading no. 8542","137 593","136 417","1 176"
"","","[854290] Parts of electronic integrated circuits","511","511",""
"","Canada [CA]","[847330] Machinery; parts and accessories (other than covers, carrying cases and the like) of the machines of heading no. 8471","19 842 793","19 650 356","192 437"
"","","[852351] Semiconductor media; solid-state non-volatile storage devices, whether or not recorded, excluding products of Chapter 37","12 878 474","12 863 723","14 750"
"","","[852352] Semiconductor media; smart cards,  whether or not recorded, excluding products of Chapter 37","4 056","4 056",""
"","","[854231] Electronic integrated circuits; processors and controllers, whether or not combined with memories, converters, logic circuits, amplifiers, clock and timing circuits, or other circuits","681 358","309 626","371 732"
"","","[854233] Electronic integrated circuits; amplifiers","15 679","","15 679"
"","","[854239] Electronic integrated circuits; n.e.c. in heading no. 8542","5 292 677","1 565 687","3 726 990"
"","","[854290] Parts of electronic integrated circuits","30 262","15 900","14 362"
"","Chile [CL]","[847330] Machinery; parts and accessories (other than covers, carrying cases and the like) of the machines of heading no. 8471","1 321 099","1 321 099",""
"","","[852352] Semiconductor media; smart cards,  whether or not recorded, excluding products of Chapter 37","5 390","","5 390"
"","","[854239] Electronic integrated circuits; n.e.c. in heading no. 8542","9 665","626","9 039"
"","China (People's Republic of) [CN]","[847330] Machinery; parts and accessories (other than covers, carrying cases and the like) of the machines of heading no. 8471","8 811 725 035","6 267 512 621","2 544 212 414"
"","","[852351] Semiconductor media; solid-state non-volatile storage devices, whether or not recorded, excluding products of Chapter 37","140 730 133","105 130 675","35 599 459"
"","","[852352] Semiconductor media; smart cards,  whether or not recorded, excluding products of Chapter 37","120 777 752","1 442 667","119 335 086"
"","","[854231] Electronic integrated circuits; processors and controllers, whether or not combined with memories, converters, logic circuits, amplifiers, clock and timing circuits, or other circuits","8 849 670 775","4 699 932 687","4 149 738 088"
"","","[854232] Electronic integrated circuits; memories","2 357 763 320","15 754 496","2 342 008 824"
"","","[854233] Electronic integrated circuits; amplifiers","402 280 539","1 892 137","400 388 401"
"","","[854239] Electronic integrated circuits; n.e.c. in heading no. 8542","16 422 256 117","601 331 652","15 820 924 466"
"","","[854290] Parts of electronic integrated circuits","232 956 222","43 408 662","189 547 560"
"","Colombia [CO]","[847330] Machinery; parts and accessories (other than covers, carrying cases and the like) of the machines of heading no. 8471","17 807","17 807",""
"","","[852351] Semiconductor media; solid-state non-volatile storage devices, whether or not recorded, excluding products of Chapter 37","1 502","1 502",""
"","","[854232] Electronic integrated circuits; memories","421 920","","421 920"
"","Costa Rica [CR]","[847330] Machinery; parts and accessories (other than covers, carrying cases and the like) of the machines of heading no. 8471","304 599","18 645","285 954"
"","","[854231] Electronic integrated circuits; processors and controllers, whether or not combined with memories, converters, logic circuits, amplifiers, clock and timing circuits, or other circuits","42 017 579","591 364","41 426 215"
"","","[854239] Electronic integrated circuits; n.e.c. in heading no. 8542","10 463 368","79 618","10 383 751"
"","","[854290] Parts of electronic integrated circuits","152 820","","152 820"
"","Croatia [HR]","[847330] Machinery; parts and accessories (other than covers, carrying cases and the like) of the machines of heading no. 8471","21 300","21 300",""
"","","[854239] Electronic integrated circuits; n.e.c. in heading no. 8542","1 749","","1 749"
"","Czech Republic [CZ]","[847330] Machinery; parts and accessories (other than covers, carrying cases and the like) of the machines of heading no. 8471","321 134 471","321 090 974","43 496"
"","","[852351] Semiconductor media; solid-state non-volatile storage devices, whether or not recorded, excluding products of Chapter 37","3 468 610","3 459 025","9 585"
"","","[852352] Semiconductor media; smart cards,  whether or not recorded, excluding products of Chapter 37","58 589","58 589",""
"","","[854231] Electronic integrated circuits; processors and controllers, whether or not combined with memories, converters, logic circuits, amplifiers, clock and timing circuits, or other circuits","479 202","461 590","17 612"
"","","[854232] Electronic integrated circuits; memories","64 389","36 108","28 281"
"","","[854233] Electronic integrated circuits; amplifiers","24 760","","24 760"
"","","[854239] Electronic integrated circuits; n.e.c. in heading no. 8542","242 984","58 809","184 175"
"","","[854290] Parts of electronic integrated circuits","3 582","","3 582"
"","Denmark [DK]","[847330] Machinery; parts and accessories (other than covers, carrying cases and the like) of the machines of heading no. 8471","290 532","289 366","1 166"
"","","[852351] Semiconductor media; solid-state non-volatile storage devices, whether or not recorded, excluding products of Chapter 37","2 549","","2 549"
"","","[854231] Electronic integrated circuits; processors and controllers, whether or not combined with memories, converters, logic circuits, amplifiers, clock and timing circuits, or other circuits","24 222","","24 222"
"","","[854233] Electronic integrated circuits; amplifiers","24 417","","24 417"
"","","[854239] Electronic integrated circuits; n.e.c. in heading no. 8542","1 340 752","2 000","1 338 752"
"","","[854290] Parts of electronic integrated circuits","2 033","2 033",""
"","Dominican Republic [DO]","[847330] Machinery; parts and accessories (other than covers, carrying cases and the like) of the machines of heading no. 8471","16 391","16 391",""
"","","[852351] Semiconductor media; solid-state non-volatile storage devices, whether or not recorded, excluding products of Chapter 37","3 822","3 822",""
"","","[852352] Semiconductor media; smart cards,  whether or not recorded, excluding products of Chapter 37","14 996","14 996",""
"","","[854239] Electronic integrated circuits; n.e.c. in heading no. 8542","2 151","2 151",""
"","Ecuador [EC]","[854233] Electronic integrated circuits; amplifiers","1 429","1 429",""
"","Egypt [EG]","[847330] Machinery; parts and accessories (other than covers, carrying cases and the like) of the machines of heading no. 8471","49 761","800","48 961"
"","","[852352] Semiconductor media; smart cards,  whether or not recorded, excluding products of Chapter 37","46 133","46 133",""
"","","[854231] Electronic integrated circuits; processors and controllers, whether or not combined with memories, converters, logic circuits, amplifiers, clock and timing circuits, or other circuits","34 431","4 106","30 324"
"","","[854232] Electronic integrated circuits; memories","386 491","13 865","372 626"
"","","[854233] Electronic integrated circuits; amplifiers","36 595","32 160","4 436"
"","","[854239] Electronic integrated circuits; n.e.c. in heading no. 8542","316 660","310 559","6 101"
"","Estonia [EE]","[847330] Machinery; parts and accessories (other than covers, carrying cases and the like) of the machines of heading no. 8471","548 200","507 850","40 350"
"","","[852351] Semiconductor media; solid-state non-volatile storage devices, whether or not recorded, excluding products of Chapter 37","2 309","","2 309"
"","","[854231] Electronic integrated circuits; processors and controllers, whether or not combined with memories, converters, logic circuits, amplifiers, clock and timing circuits, or other circuits","1 583","","1 583"
"","","[854232] Electronic integrated circuits; memories","958","","958"
"","","[854233] Electronic integrated circuits; amplifiers","1 143","1 143",""
"","","[854239] Electronic integrated circuits; n.e.c. in heading no. 8542","2 671","","2 671"
"","Eurasian Economic Union [EAEU]","[847330] Machinery; parts and accessories (other than covers, carrying cases and the like) of the machines of heading no. 8471","1 599 662","1 589 022","10 640"
"","","[852351] Semiconductor media; solid-state non-volatile storage devices, whether or not recorded, excluding products of Chapter 37","12 401","12 401",""
"","","[854231] Electronic integrated circuits; processors and controllers, whether or not combined with memories, converters, logic circuits, amplifiers, clock and timing circuits, or other circuits","697 196","","697 196"
"","","[854232] Electronic integrated circuits; memories","9 954","","9 954"
"","","[854233] Electronic integrated circuits; amplifiers","204 777","","204 777"
"","","[854239] Electronic integrated circuits; n.e.c. in heading no. 8542","940 654","372 381","568 273"
"","","[854290] Parts of electronic integrated circuits","1 260","1 260",""
"","Finland [FI]","[847330] Machinery; parts and accessories (other than covers, carrying cases and the like) of the machines of heading no. 8471","58 588","58 588",""
"","","[852351] Semiconductor media; solid-state non-volatile storage devices, whether or not recorded, excluding products of Chapter 37","792","","792"
"","","[854231] Electronic integrated circuits; processors and controllers, whether or not combined with memories, converters, logic circuits, amplifiers, clock and timing circuits, or other circuits","126 687","","126 687"
"","","[854239] Electronic integrated circuits; n.e.c. in heading no. 8542","6 616 976","6 514 799","102 177"
"","France [FR]","[847330] Machinery; parts and accessories (other than covers, carrying cases and the like) of the machines of heading no. 8471","10 984 568","10 889 608","94 959"
"","","[852351] Semiconductor media; solid-state non-volatile storage devices, whether or not recorded, excluding products of Chapter 37","2 196 724","2 148 756","47 968"
"","","[852352] Semiconductor media; smart cards,  whether or not recorded, excluding products of Chapter 37","1 727 567","3 902","1 723 664"
"","","[854231] Electronic integrated circuits; processors and controllers, whether or not combined with memories, converters, logic circuits, amplifiers, clock and timing circuits, or other circuits","35 757 026","118 709","35 638 317"
"","","[854232] Electronic integrated circuits; memories","1 815 303","1 474","1 813 828"
"","","[854233] Electronic integrated circuits; amplifiers","82 853","","82 853"
"","","[854239] Electronic integrated circuits; n.e.c. in heading no. 8542","39 607 802","7 536 976","32 070 826"
"","","[854290] Parts of electronic integrated circuits","674 547","17 057","657 490"
"","Germany [DE]","[847330] Machinery; parts and accessories (other than covers, carrying cases and the like) of the machines of heading no. 8471","79 190 461","78 508 996","681 465"
"","","[852351] Semiconductor media; solid-state non-volatile storage devices, whether or not recorded, excluding products of Chapter 37","12 081 614","4 345 891","7 735 723"
"","","[852352] Semiconductor media; smart cards,  whether or not recorded, excluding products of Chapter 37","485 911","562","485 349"
"","","[854231] Electronic integrated circuits; processors and controllers, whether or not combined with memories, converters, logic circuits, amplifiers, clock and timing circuits, or other circuits","32 094 947","456 669","31 638 278"
"","","[854232] Electronic integrated circuits; memories","3 229 831","","3 229 831"
"","","[854233] Electronic integrated circuits; amplifiers","10 052 138","4 942","10 047 196"
"","","[854239] Electronic integrated circuits; n.e.c. in heading no. 8542","114 873 803","6 698 158","108 175 646"
"","","[854290] Parts of electronic integrated circuits","11 932 925","","11 932 925"
"","Ghana [GH]","[852352] Semiconductor media; smart cards,  whether or not recorded, excluding products of Chapter 37","10 253","10 253",""
"","Greece [GR]","[847330] Machinery; parts and accessories (other than covers, carrying cases and the like) of the machines of heading no. 8471","2 611","2 611",""
"","","[854231] Electronic integrated circuits; processors and controllers, whether or not combined with memories, converters, logic circuits, amplifiers, clock and timing circuits, or other circuits","3 506","","3 506"
"","","[854239] Electronic integrated circuits; n.e.c. in heading no. 8542","1 276 434","1 478","1 274 956"
"","","[854290] Parts of electronic integrated circuits","2 093","","2 093"
"","Hong Kong [HK]","[847330] Machinery; parts and accessories (other than covers, carrying cases and the like) of the machines of heading no. 8471","4 016 578 990","4 015 118 098","1 460 892"
"","","[852351] Semiconductor media; solid-state non-volatile storage devices, whether or not recorded, excluding products of Chapter 37","112 846 109","112 738 524","107 586"
"","","[852352] Semiconductor media; smart cards,  whether or not recorded, excluding products of Chapter 37","10 130 578","105 703","10 024 875"
"","","[854231] Electronic integrated circuits; processors and controllers, whether or not combined with memories, converters, logic circuits, amplifiers, clock and timing circuits, or other circuits","4 008 294 276","3 967 347 775","40 946 501"
"","","[854232] Electronic integrated circuits; memories","11 628 451","11 377 980","250 471"
"","","[854233] Electronic integrated circuits; amplifiers","6 508 888","1 341 245","5 167 643"
"","","[854239] Electronic integrated circuits; n.e.c. in heading no. 8542","337 955 761","316 637 447","21 318 314"
"","","[854290] Parts of electronic integrated circuits","183 240 331","181 323 615","1 916 716"
"","Hungary [HU]","[847330] Machinery; parts and accessories (other than covers, carrying cases and the like) of the machines of heading no. 8471","38 948 512","38 805 483","143 028"
"","","[852351] Semiconductor media; solid-state non-volatile storage devices, whether or not recorded, excluding products of Chapter 37","54 358","54 358",""
"","","[852352] Semiconductor media; smart cards,  whether or not recorded, excluding products of Chapter 37","11 653","11 653",""
"","","[854231] Electronic integrated circuits; processors and controllers, whether or not combined with memories, converters, logic circuits, amplifiers, clock and timing circuits, or other circuits","293 834","289 840","3 994"
"","","[854232] Electronic integrated circuits; memories","2 725","","2 725"
"","","[854239] Electronic integrated circuits; n.e.c. in heading no. 8542","869 061","839 459","29 602"
"","","[854290] Parts of electronic integrated circuits","28 976","","28 976"
"","Iceland [IS]","[847330] Machinery; parts and accessories (other than covers, carrying cases and the like) of the machines of heading no. 8471","1 004","","1 004"
"","","[854231] Electronic integrated circuits; processors and controllers, whether or not combined with memories, converters, logic circuits, amplifiers, clock and timing circuits, or other circuits","4 987","","4 987"
"","","[854239] Electronic integrated circuits; n.e.c. in heading no. 8542","3 900","","3 900"
"","India [IN]","[847330] Machinery; parts and accessories (other than covers, carrying cases and the like) of the machines of heading no. 8471","71 025 868","70 444 114","581 754"
"","","[852351] Semiconductor media; solid-state non-volatile storage devices, whether or not recorded, excluding products of Chapter 37","7 145 487","7 145 487",""
"","","[852352] Semiconductor media; smart cards,  whether or not recorded, excluding products of Chapter 37","2 863 547","2 526 304","337 243"
"","","[854231] Electronic integrated circuits; processors and controllers, whether or not combined with memories, converters, logic circuits, amplifiers, clock and timing circuits, or other circuits","99 953 750","99 511 040","442 710"
"","","[854232] Electronic integrated circuits; memories","27 458 753","25 547 692","1 911 061"
"","","[854233] Electronic integrated circuits; amplifiers","5 518 297","5 271 239","247 058"
"","","[854239] Electronic integrated circuits; n.e.c. in heading no. 8542","59 150 786","56 790 543","2 360 242"
"","","[854290] Parts of electronic integrated circuits","19 483 556","19 333 100","150 456"
"","Indonesia [ID]","[847330] Machinery; parts and accessories (other than covers, carrying cases and the like) of the machines of heading no. 8471","33 182 442","33 160 121","22 321"
"","","[852351] Semiconductor media; solid-state non-volatile storage devices, whether or not recorded, excluding products of Chapter 37","5 551","5 551",""
"","","[852352] Semiconductor media; smart cards,  whether or not recorded, excluding products of Chapter 37","5 786 270","5 767 283","18 987"
"","","[854231] Electronic integrated circuits; processors and controllers, whether or not combined with memories, converters, logic circuits, amplifiers, clock and timing circuits, or other circuits","13 870 013","9 659 655","4 210 359"
"","","[854232] Electronic integrated circuits; memories","3 811 357","2 313 383","1 497 975"
"","","[854233] Electronic integrated circuits; amplifiers","607 985","344 714","263 271"
"","","[854239] Electronic integrated circuits; n.e.c. in heading no. 8542","41 804 371","23 053 027","18 751 343"
"","","[854290] Parts of electronic integrated circuits","285 084","194 198","90 886"
"","Ireland [IE]","[847330] Machinery; parts and accessories (other than covers, carrying cases and the like) of the machines of heading no. 8471","566 667 278","566 487 490","179 788"
"","","[852351] Semiconductor media; solid-state non-volatile storage devices, whether or not recorded, excluding products of Chapter 37","692 075","","692 075"
"","","[854231] Electronic integrated circuits; processors and controllers, whether or not combined with memories, converters, logic circuits, amplifiers, clock and timing circuits, or other circuits","2 807 959 206","18 047","2 807 941 158"
"","","[854232] Electronic integrated circuits; memories","76 400","","76 400"
"","","[854233] Electronic integrated circuits; amplifiers","9 866","","9 866"
"","","[854239] Electronic integrated circuits; n.e.c. in heading no. 8542","20 707 328","640","20 706 688"
"","Israel [IL]","[847330] Machinery; parts and accessories (other than covers, carrying cases and the like) of the machines of heading no. 8471","1 324 538","822 787","501 751"
"","","[852351] Semiconductor media; solid-state non-volatile storage devices, whether or not recorded, excluding products of Chapter 37","509 538","504 337","5 201"
"","","[852352] Semiconductor media; smart cards,  whether or not recorded, excluding products of Chapter 37","13 523","","13 523"
"","","[854231] Electronic integrated circuits; processors and controllers, whether or not combined with memories, converters, logic circuits, amplifiers, clock and timing circuits, or other circuits","2 567 946 398","5 447 478","2 562 498 920"
"","","[854232] Electronic integrated circuits; memories","3 325 357","969","3 324 388"
"","","[854233] Electronic integrated circuits; amplifiers","654","","654"
"","","[854239] Electronic integrated circuits; n.e.c. in heading no. 8542","5 090 007","1 322 328","3 767 679"
"","","[854290] Parts of electronic integrated circuits","264 940","","264 940"
"","Italy [IT]","[847330] Machinery; parts and accessories (other than covers, carrying cases and the like) of the machines of heading no. 8471","4 991 715","4 912 802","78 913"
"","","[852351] Semiconductor media; solid-state non-volatile storage devices, whether or not recorded, excluding products of Chapter 37","85 591","630","84 961"
"","","[852352] Semiconductor media; smart cards,  whether or not recorded, excluding products of Chapter 37","424 618","25 955","398 663"
"","","[854231] Electronic integrated circuits; processors and controllers, whether or not combined with memories, converters, logic circuits, amplifiers, clock and timing circuits, or other circuits","3 941 399","1 365 358","2 576 041"
"","","[854232] Electronic integrated circuits; memories","82 628","","82 628"
"","","[854233] Electronic integrated circuits; amplifiers","57 448","","57 448"
"","","[854239] Electronic integrated circuits; n.e.c. in heading no. 8542","23 738 912","9 724 098","14 014 814"
"","","[854290] Parts of electronic integrated circuits","912 478","873 011","39 466"
"","Japan [JP]","[847330] Machinery; parts and accessories (other than covers, carrying cases and the like) of the machines of heading no. 8471","58 957 083","53 617 210","5 339 872"
"","","[852351] Semiconductor media; solid-state non-volatile storage devices, whether or not recorded, excluding products of Chapter 37","13 719 189","12 348 208","1 370 981"
"","","[852352] Semiconductor media; smart cards,  whether or not recorded, excluding products of Chapter 37","532 900","238 100","294 800"
"","","[854231] Electronic integrated circuits; processors and controllers, whether or not combined with memories, converters, logic circuits, amplifiers, clock and timing circuits, or other circuits","2 541 738 591","169 124 888","2 372 613 703"
"","","[854232] Electronic integrated circuits; memories","211 067 313","4 849 803","206 217 510"
"","","[854233] Electronic integrated circuits; amplifiers","60 180 723","2 335 615","57 845 108"
"","","[854239] Electronic integrated circuits; n.e.c. in heading no. 8542","1 891 748 235","29 226 195","1 862 522 040"
"","","[854290] Parts of electronic integrated circuits","50 088 549","3 082 254","47 006 295"
"","Kazakhstan [KZ]","[847330] Machinery; parts and accessories (other than covers, carrying cases and the like) of the machines of heading no. 8471","33 567","33 567",""
"","","[854233] Electronic integrated circuits; amplifiers","5 400","","5 400"
"","Kenya [KE]","[847330] Machinery; parts and accessories (other than covers, carrying cases and the like) of the machines of heading no. 8471","14 783","14 783",""
"","","[852352] Semiconductor media; smart cards,  whether or not recorded, excluding products of Chapter 37","13 503","13 503",""
"","Korea, Republic of [KR]","[847330] Machinery; parts and accessories (other than covers, carrying cases and the like) of the machines of heading no. 8471","4 510 357 608","4 121 984 185","388 373 424"
"","","[852351] Semiconductor media; solid-state non-volatile storage devices, whether or not recorded, excluding products of Chapter 37","61 031 100","57 012 508","4 018 593"
"","","[852352] Semiconductor media; smart cards,  whether or not recorded, excluding products of Chapter 37","1 835 941","204 871","1 631 070"
"","","[854231] Electronic integrated circuits; processors and controllers, whether or not combined with memories, converters, logic circuits, amplifiers, clock and timing circuits, or other circuits","5 901 877 847","108 454 160","5 793 423 688"
"","","[854232] Electronic integrated circuits; memories","4 642 331 840","31 989 668","4 610 342 173"
"","","[854233] Electronic integrated circuits; amplifiers","196 424 085","6 208 824","190 215 261"
"","","[854239] Electronic integrated circuits; n.e.c. in heading no. 8542","14 141 501 497","402 662 934","13 738 838 562"
"","","[854290] Parts of electronic integrated circuits","131 685 186","10 039 074","121 646 113"
"","Kuwait [KW]","[847330] Machinery; parts and accessories (other than covers, carrying cases and the like) of the machines of heading no. 8471","22 430","22 430",""
"","Lao PDR [LA]","[847330] Machinery; parts and accessories (other than covers, carrying cases and the like) of the machines of heading no. 8471","13 400","13 400",""
"","","[852351] Semiconductor media; solid-state non-volatile storage devices, whether or not recorded, excluding products of Chapter 37","6 668","6 668",""
"","","[852352] Semiconductor media; smart cards,  whether or not recorded, excluding products of Chapter 37","18 271","18 271",""
"","","[854231] Electronic integrated circuits; processors and controllers, whether or not combined with memories, converters, logic circuits, amplifiers, clock and timing circuits, or other circuits","28 837","28 837",""
"","","[854233] Electronic integrated circuits; amplifiers","11 693","11 693",""
"","","[854239] Electronic integrated circuits; n.e.c. in heading no. 8542","18 525","18 525",""
"","Latvia [LV]","[847330] Machinery; parts and accessories (other than covers, carrying cases and the like) of the machines of heading no. 8471","6 473","6 473",""
"","","[852351] Semiconductor media; solid-state non-volatile storage devices, whether or not recorded, excluding products of Chapter 37","37 979","37 979",""
"","","[854231] Electronic integrated circuits; processors and controllers, whether or not combined with memories, converters, logic circuits, amplifiers, clock and timing circuits, or other circuits","40 211","40 211",""
"","","[854232] Electronic integrated circuits; memories","3 865","3 865",""
"","","[854233] Electronic integrated circuits; amplifiers","27 652","27 652",""
"","","[854239] Electronic integrated circuits; n.e.c. in heading no. 8542","28 024","28 024",""
"","Liechtenstein [LI]","[847330] Machinery; parts and accessories (other than covers, carrying cases and the like) of the machines of heading no. 8471","432 734","","432 734"
"","","[854231] Electronic integrated circuits; processors and controllers, whether or not combined with memories, converters, logic circuits, amplifiers, clock and timing circuits, or other circuits","4 886","","4 886"
"","","[854239] Electronic integrated circuits; n.e.c. in heading no. 8542","167 018","","167 018"
"","Lithuania [LT]","[854239] Electronic integrated circuits; n.e.c. in heading no. 8542","3 401","","3 401"
"","","[854290] Parts of electronic integrated circuits","594","","594"
"","Luxembourg [LU]","[852351] Semiconductor media; solid-state non-volatile storage devices, whether or not recorded, excluding products of Chapter 37","635","","635"
"","","[852352] Semiconductor media; smart cards,  whether or not recorded, excluding products of Chapter 37","3 989","","3 989"
"","Malaysia [MY]","[847330] Machinery; parts and accessories (other than covers, carrying cases and the like) of the machines of heading no. 8471","262 247 720","121 974 806","140 272 915"
"","","[852351] Semiconductor media; solid-state non-volatile storage devices, whether or not recorded, excluding products of Chapter 37","15 652 944","5 092 692","10 560 252"
"","","[852352] Semiconductor media; smart cards,  whether or not recorded, excluding products of Chapter 37","15 186 573","713 096","14 473 477"
"","","[854231] Electronic integrated circuits; processors and controllers, whether or not combined with memories, converters, logic circuits, amplifiers, clock and timing circuits, or other circuits","1 302 862 361","185 260 418","1 117 601 943"
"","","[854232] Electronic integrated circuits; memories","18 313 347","445 680","17 867 667"
"","","[854233] Electronic integrated circuits; amplifiers","25 940 282","5 781","25 934 501"
"","","[854239] Electronic integrated circuits; n.e.c. in heading no. 8542","1 596 418 708","50 949 106","1 545 469 601"
"","","[854290] Parts of electronic integrated circuits","9 062 584","54 438","9 008 146"
"","Malta [MT]","[854231] Electronic integrated circuits; processors and controllers, whether or not combined with memories, converters, logic circuits, amplifiers, clock and timing circuits, or other circuits","7 080 289","","7 080 289"
"","","[854232] Electronic integrated circuits; memories","138 423","","138 423"
"","","[854239] Electronic integrated circuits; n.e.c. in heading no. 8542","8 709 146","753","8 708 393"
"","","[854290] Parts of electronic integrated circuits","1 354 872","","1 354 872"
"","Mexico [MX]","[847330] Machinery; parts and accessories (other than covers, carrying cases and the like) of the machines of heading no. 8471","415 725 378","411 416 427","4 308 951"
"","","[852351] Semiconductor media; solid-state non-volatile storage devices, whether or not recorded, excluding products of Chapter 37","5 658 588","5 388 779","269 809"
"","","[852352] Semiconductor media; smart cards,  whether or not recorded, excluding products of Chapter 37","4 922 774","1 257","4 921 517"
"","","[854231] Electronic integrated circuits; processors and controllers, whether or not combined with memories, converters, logic circuits, amplifiers, clock and timing circuits, or other circuits","193 086 293","34 502 059","158 584 234"
"","","[854232] Electronic integrated circuits; memories","17 744 162","325 367","17 418 795"
"","","[854233] Electronic integrated circuits; amplifiers","134 619 961","22 476","134 597 485"
"","","[854239] Electronic integrated circuits; n.e.c. in heading no. 8542","318 022 205","90 951 994","227 070 211"
"","","[854290] Parts of electronic integrated circuits","690 976","","690 976"
"","Morocco [MA]","[847330] Machinery; parts and accessories (other than covers, carrying cases and the like) of the machines of heading no. 8471","2 610","2 610",""
"","","[854231] Electronic integrated circuits; processors and controllers, whether or not combined with memories, converters, logic circuits, amplifiers, clock and timing circuits, or other circuits","464 907","","464 907"
"","","[854233] Electronic integrated circuits; amplifiers","1 435 224","","1 435 224"
"","","[854239] Electronic integrated circuits; n.e.c. in heading no. 8542","1 176 878","","1 176 878"
"","","[854290] Parts of electronic integrated circuits","29 534","","29 534"
"","Mozambique [MZ]","[847330] Machinery; parts and accessories (other than covers, carrying cases and the like) of the machines of heading no. 8471","34 900","34 900",""
"","Myanmar [MM]","[847330] Machinery; parts and accessories (other than covers, carrying cases and the like) of the machines of heading no. 8471","111 972","36 320","75 652"
"","","[852352] Semiconductor media; smart cards,  whether or not recorded, excluding products of Chapter 37","475 647","475 647",""
"","","[854231] Electronic integrated circuits; processors and controllers, whether or not combined with memories, converters, logic circuits, amplifiers, clock and timing circuits, or other circuits","7 797","","7 797"
"","","[854239] Electronic integrated circuits; n.e.c. in heading no. 8542","1 461 106","3 004","1 458 102"
"","","[854290] Parts of electronic integrated circuits","1 922","","1 922"
"","Netherlands [NL]","[847330] Machinery; parts and accessories (other than covers, carrying cases and the like) of the machines of heading no. 8471","233 617 650","233 602 768","14 883"
"","","[852351] Semiconductor media; solid-state non-volatile storage devices, whether or not recorded, excluding products of Chapter 37","86 365 407","86 363 648","1 759"
"","","[852352] Semiconductor media; smart cards,  whether or not recorded, excluding products of Chapter 37","34 324","33 096","1 228"
"","","[854231] Electronic integrated circuits; processors and controllers, whether or not combined with memories, converters, logic circuits, amplifiers, clock and timing circuits, or other circuits","369 082 963","368 255 870","827 093"
"","","[854232] Electronic integrated circuits; memories","15 856","15 856",""
"","","[854233] Electronic integrated circuits; amplifiers","12 472","5 939","6 533"
"","","[854239] Electronic integrated circuits; n.e.c. in heading no. 8542","1 650 414","933 943","716 471"
"","","[854290] Parts of electronic integrated circuits","9 694","","9 694"
"","New Zealand [NZ]","[847330] Machinery; parts and accessories (other than covers, carrying cases and the like) of the machines of heading no. 8471","661 612","655 495","6 117"
"","","[852351] Semiconductor media; solid-state non-volatile storage devices, whether or not recorded, excluding products of Chapter 37","2 310 671","2 272 173","38 498"
"","","[852352] Semiconductor media; smart cards,  whether or not recorded, excluding products of Chapter 37","2 504","","2 504"
"","","[854231] Electronic integrated circuits; processors and controllers, whether or not combined with memories, converters, logic circuits, amplifiers, clock and timing circuits, or other circuits","61 024","22 451","38 573"
"","","[854239] Electronic integrated circuits; n.e.c. in heading no. 8542","543 016","9 652","533 364"
"","Nigeria [NG]","[847330] Machinery; parts and accessories (other than covers, carrying cases and the like) of the machines of heading no. 8471","38 989","38 989",""
"","","[854239] Electronic integrated circuits; n.e.c. in heading no. 8542","1 014","1 014",""
"","Norway [NO]","[847330] Machinery; parts and accessories (other than covers, carrying cases and the like) of the machines of heading no. 8471","477 135","443 399","33 736"
"","","[852351] Semiconductor media; solid-state non-volatile storage devices, whether or not recorded, excluding products of Chapter 37","3 625","","3 625"
"","","[854231] Electronic integrated circuits; processors and controllers, whether or not combined with memories, converters, logic circuits, amplifiers, clock and timing circuits, or other circuits","39 290","855","38 435"
"","","[854233] Electronic integrated circuits; amplifiers","2 372","","2 372"
"","","[854239] Electronic integrated circuits; n.e.c. in heading no. 8542","162 759","565","162 195"
"","","[854290] Parts of electronic integrated circuits","56 907","","56 907"
"","Pakistan [PK]","[852352] Semiconductor media; smart cards,  whether or not recorded, excluding products of Chapter 37","141 279","141 279",""
"","Panama [PA]","[847330] Machinery; parts and accessories (other than covers, carrying cases and the like) of the machines of heading no. 8471","1 283 334","1 283 334",""
"","","[854239] Electronic integrated circuits; n.e.c. in heading no. 8542","27 193","27 193",""
"","Paraguay [PY]","[854239] Electronic integrated circuits; n.e.c. in heading no. 8542","15 158","15 158",""
"","Peru [PE]","[847330] Machinery; parts and accessories (other than covers, carrying cases and the like) of the machines of heading no. 8471","8 080","8 080",""
"","","[852351] Semiconductor media; solid-state non-volatile storage devices, whether or not recorded, excluding products of Chapter 37","1 669","1 669",""
"","","[852352] Semiconductor media; smart cards,  whether or not recorded, excluding products of Chapter 37","8 794","8 794",""
"","Philippines [PH]","[847330] Machinery; parts and accessories (other than covers, carrying cases and the like) of the machines of heading no. 8471","19 904 598","926 414","18 978 184"
"","","[852351] Semiconductor media; solid-state non-volatile storage devices, whether or not recorded, excluding products of Chapter 37","1 156 670","11 191","1 145 480"
"","","[852352] Semiconductor media; smart cards,  whether or not recorded, excluding products of Chapter 37","809 886","758 046","51 840"
"","","[854231] Electronic integrated circuits; processors and controllers, whether or not combined with memories, converters, logic circuits, amplifiers, clock and timing circuits, or other circuits","147 162 340","1 049 232","146 113 108"
"","","[854232] Electronic integrated circuits; memories","13 726 465","6 882 204","6 844 261"
"","","[854233] Electronic integrated circuits; amplifiers","3 873 176","","3 873 176"
"","","[854239] Electronic integrated circuits; n.e.c. in heading no. 8542","513 237 323","21 552 674","491 684 648"
"","","[854290] Parts of electronic integrated circuits","21 683 504","9 389","21 674 115"
"","Poland [PL]","[847330] Machinery; parts and accessories (other than covers, carrying cases and the like) of the machines of heading no. 8471","210 437 500","210 435 438","2 062"
"","","[852351] Semiconductor media; solid-state non-volatile storage devices, whether or not recorded, excluding products of Chapter 37","85 756","56 143","29 613"
"","","[852352] Semiconductor media; smart cards,  whether or not recorded, excluding products of Chapter 37","232 673","","232 673"
"","","[854231] Electronic integrated circuits; processors and controllers, whether or not combined with memories, converters, logic circuits, amplifiers, clock and timing circuits, or other circuits","22 652","13 820","8 833"
"","","[854232] Electronic integrated circuits; memories","3 100","","3 100"
"","","[854233] Electronic integrated circuits; amplifiers","2 053","","2 053"
"","","[854239] Electronic integrated circuits; n.e.c. in heading no. 8542","10 239 546","9 940 990","298 556"
"","Portugal [PT]","[852352] Semiconductor media; smart cards,  whether or not recorded, excluding products of Chapter 37","538","538",""
"","","[854231] Electronic integrated circuits; processors and controllers, whether or not combined with memories, converters, logic circuits, amplifiers, clock and timing circuits, or other circuits","5 055 347","","5 055 347"
"","","[854232] Electronic integrated circuits; memories","9 840","","9 840"
"","","[854239] Electronic integrated circuits; n.e.c. in heading no. 8542","2 214 178","547","2 213 631"
"","","[854290] Parts of electronic integrated circuits","67 797","","67 797"
"","Puerto Rico [PR]","[847330] Machinery; parts and accessories (other than covers, carrying cases and the like) of the machines of heading no. 8471","5 444","","5 444"
"","","[854231] Electronic integrated circuits; processors and controllers, whether or not combined with memories, converters, logic circuits, amplifiers, clock and timing circuits, or other circuits","2 126","","2 126"
"","","[854239] Electronic integrated circuits; n.e.c. in heading no. 8542","10 989","9 654","1 335"
"","Qatar [QA]","[847330] Machinery; parts and accessories (other than covers, carrying cases and the like) of the machines of heading no. 8471","552","552",""
"","","[854239] Electronic integrated circuits; n.e.c. in heading no. 8542","3 464","3 464",""
"","Romania [RO]","[847330] Machinery; parts and accessories (other than covers, carrying cases and the like) of the machines of heading no. 8471","45 872","23 822","22 051"
"","","[852351] Semiconductor media; solid-state non-volatile storage devices, whether or not recorded, excluding products of Chapter 37","89 363","84 139","5 224"
"","","[854231] Electronic integrated circuits; processors and controllers, whether or not combined with memories, converters, logic circuits, amplifiers, clock and timing circuits, or other circuits","53 182","","53 182"
"","","[854233] Electronic integrated circuits; amplifiers","1 608","","1 608"
"","","[854239] Electronic integrated circuits; n.e.c. in heading no. 8542","1 345 411","1 189 412","155 999"
"","Russian Federation [RU]","[847330] Machinery; parts and accessories (other than covers, carrying cases and the like) of the machines of heading no. 8471","1 566 095","1 555 455","10 640"
"","","[852351] Semiconductor media; solid-state non-volatile storage devices, whether or not recorded, excluding products of Chapter 37","12 401","12 401",""
"","","[854231] Electronic integrated circuits; processors and controllers, whether or not combined with memories, converters, logic circuits, amplifiers, clock and timing circuits, or other circuits","697 196","","697 196"
"","","[854232] Electronic integrated circuits; memories","9 954","","9 954"
"","","[854233] Electronic integrated circuits; amplifiers","199 377","","199 377"
"","","[854239] Electronic integrated circuits; n.e.c. in heading no. 8542","940 654","372 381","568 273"
"","","[854290] Parts of electronic integrated circuits","1 260","1 260",""
"","Saudi Arabia [SA]","[847330] Machinery; parts and accessories (other than covers, carrying cases and the like) of the machines of heading no. 8471","1 543 351","1 543 351",""
"","","[854239] Electronic integrated circuits; n.e.c. in heading no. 8542","17 757","17 757",""
"","Senegal [SN]","[854239] Electronic integrated circuits; n.e.c. in heading no. 8542","47 475","","47 475"
"","Singapore [SG]","[847330] Machinery; parts and accessories (other than covers, carrying cases and the like) of the machines of heading no. 8471","349 790 356","348 441 460","1 348 895"
"","","[852351] Semiconductor media; solid-state non-volatile storage devices, whether or not recorded, excluding products of Chapter 37","12 330 115","12 254 738","75 377"
"","","[852352] Semiconductor media; smart cards,  whether or not recorded, excluding products of Chapter 37","472 863","59 336","413 527"
"","","[854231] Electronic integrated circuits; processors and controllers, whether or not combined with memories, converters, logic circuits, amplifiers, clock and timing circuits, or other circuits","333 800 405","253 203 504","80 596 900"
"","","[854232] Electronic integrated circuits; memories","457 130 491","15 018 019","442 112 472"
"","","[854233] Electronic integrated circuits; amplifiers","1 529 695","212 885","1 316 810"
"","","[854239] Electronic integrated circuits; n.e.c. in heading no. 8542","493 721 897","257 653 439","236 068 458"
"","","[854290] Parts of electronic integrated circuits","14 930 449","96 406","14 834 042"
"","Slovakia [SK]","[847330] Machinery; parts and accessories (other than covers, carrying cases and the like) of the machines of heading no. 8471","2 043 641","1 848 825","194 816"
"","","[852351] Semiconductor media; solid-state non-volatile storage devices, whether or not recorded, excluding products of Chapter 37","5 569","","5 569"
"","","[852352] Semiconductor media; smart cards,  whether or not recorded, excluding products of Chapter 37","24 032","","24 032"
"","","[854231] Electronic integrated circuits; processors and controllers, whether or not combined with memories, converters, logic circuits, amplifiers, clock and timing circuits, or other circuits","2 957","693","2 264"
"","","[854232] Electronic integrated circuits; memories","10 541","","10 541"
"","","[854239] Electronic integrated circuits; n.e.c. in heading no. 8542","2 015 308","221 072","1 794 237"
"","","[854290] Parts of electronic integrated circuits","51 398","","51 398"
"","Slovenia [SI]","[847330] Machinery; parts and accessories (other than covers, carrying cases and the like) of the machines of heading no. 8471","3 341 598","2 333 157","1 008 441"
"","","[852352] Semiconductor media; smart cards,  whether or not recorded, excluding products of Chapter 37","7 778","","7 778"
"","","[854231] Electronic integrated circuits; processors and controllers, whether or not combined with memories, converters, logic circuits, amplifiers, clock and timing circuits, or other circuits","11 911","571","11 340"
"","","[854233] Electronic integrated circuits; amplifiers","1 907","","1 907"
"","","[854239] Electronic integrated circuits; n.e.c. in heading no. 8542","3 172 935","3 142 463","30 472"
"","South Africa [ZA]","[847330] Machinery; parts and accessories (other than covers, carrying cases and the like) of the machines of heading no. 8471","649 958","649 958",""
"","","[852351] Semiconductor media; solid-state non-volatile storage devices, whether or not recorded, excluding products of Chapter 37","1 181 339","1 181 339",""
"","","[852352] Semiconductor media; smart cards,  whether or not recorded, excluding products of Chapter 37","41 347","38 312","3 035"
"","","[854231] Electronic integrated circuits; processors and controllers, whether or not combined with memories, converters, logic circuits, amplifiers, clock and timing circuits, or other circuits","994","994",""
"","","[854239] Electronic integrated circuits; n.e.c. in heading no. 8542","175 911","49 917","125 994"
"","Spain [ES]","[847330] Machinery; parts and accessories (other than covers, carrying cases and the like) of the machines of heading no. 8471","1 251 805","1 233 903","17 902"
"","","[852351] Semiconductor media; solid-state non-volatile storage devices, whether or not recorded, excluding products of Chapter 37","113 150","","113 150"
"","","[852352] Semiconductor media; smart cards,  whether or not recorded, excluding products of Chapter 37","31 405","","31 405"
"","","[854231] Electronic integrated circuits; processors and controllers, whether or not combined with memories, converters, logic circuits, amplifiers, clock and timing circuits, or other circuits","9 403 466","277 796","9 125 670"
"","","[854232] Electronic integrated circuits; memories","126 973","","126 973"
"","","[854239] Electronic integrated circuits; n.e.c. in heading no. 8542","340 027","91 993","248 034"
"","Sri Lanka [LK]","[852351] Semiconductor media; solid-state non-volatile storage devices, whether or not recorded, excluding products of Chapter 37","533","533",""
"","","[852352] Semiconductor media; smart cards,  whether or not recorded, excluding products of Chapter 37","103 614","103 614",""
"","","[854239] Electronic integrated circuits; n.e.c. in heading no. 8542","714","","714"
"","Sweden [SE]","[847330] Machinery; parts and accessories (other than covers, carrying cases and the like) of the machines of heading no. 8471","2 380 317","2 377 041","3 276"
"","","[852351] Semiconductor media; solid-state non-volatile storage devices, whether or not recorded, excluding products of Chapter 37","567 250","421 717","145 533"
"","","[852352] Semiconductor media; smart cards,  whether or not recorded, excluding products of Chapter 37","363 524","","363 524"
"","","[854231] Electronic integrated circuits; processors and controllers, whether or not combined with memories, converters, logic circuits, amplifiers, clock and timing circuits, or other circuits","113 380","17 159","96 221"
"","","[854232] Electronic integrated circuits; memories","130 391","","130 391"
"","","[854233] Electronic integrated circuits; amplifiers","13 956","13 401","556"
"","","[854239] Electronic integrated circuits; n.e.c. in heading no. 8542","130 019","88 527","41 493"
"","Switzerland [CH]","[847330] Machinery; parts and accessories (other than covers, carrying cases and the like) of the machines of heading no. 8471","3 319 190","267 942","3 051 248"
"","","[852351] Semiconductor media; solid-state non-volatile storage devices, whether or not recorded, excluding products of Chapter 37","30 105","1 600","28 505"
"","","[852352] Semiconductor media; smart cards,  whether or not recorded, excluding products of Chapter 37","328 588","579","328 008"
"","","[854231] Electronic integrated circuits; processors and controllers, whether or not combined with memories, converters, logic circuits, amplifiers, clock and timing circuits, or other circuits","97 385 232","16 287 651","81 097 581"
"","","[854232] Electronic integrated circuits; memories","30 570","","30 570"
"","","[854233] Electronic integrated circuits; amplifiers","4 197","","4 197"
"","","[854239] Electronic integrated circuits; n.e.c. in heading no. 8542","15 298 826","891 439","14 407 387"
"","","[854290] Parts of electronic integrated circuits","1 310 542","561","1 309 981"
"","Taiwan [TW]","[847330] Machinery; parts and accessories (other than covers, carrying cases and the like) of the machines of heading no. 8471","834 200 335","529 234 005","304 966 330"
"","","[852351] Semiconductor media; solid-state non-volatile storage devices, whether or not recorded, excluding products of Chapter 37","65 915 421","24 966 011","40 949 411"
"","","[852352] Semiconductor media; smart cards,  whether or not recorded, excluding products of Chapter 37","5 154 200","21 331","5 132 868"
"","","[854231] Electronic integrated circuits; processors and controllers, whether or not combined with memories, converters, logic circuits, amplifiers, clock and timing circuits, or other circuits","6 147 487 291","479 481 392","5 668 005 899"
"","","[854232] Electronic integrated circuits; memories","1 978 680 547","11 188 457","1 967 492 089"
"","","[854233] Electronic integrated circuits; amplifiers","80 937 774","650 452","80 287 322"
"","","[854239] Electronic integrated circuits; n.e.c. in heading no. 8542","13 565 534 386","77 616 339","13 487 918 047"
"","","[854290] Parts of electronic integrated circuits","140 393 460","19 233","140 374 226"
"","Tanzania, United Republic of [TZ]","[847330] Machinery; parts and accessories (other than covers, carrying cases and the like) of the machines of heading no. 8471","11 489","11 489",""
"","","[854231] Electronic integrated circuits; processors and controllers, whether or not combined with memories, converters, logic circuits, amplifiers, clock and timing circuits, or other circuits","1 916","","1 916"
"","","[854239] Electronic integrated circuits; n.e.c. in heading no. 8542","71 000","","71 000"
"","Thailand [TH]","[847330] Machinery; parts and accessories (other than covers, carrying cases and the like) of the machines of heading no. 8471","81 003 459","74 281 072","6 722 387"
"","","[852351] Semiconductor media; solid-state non-volatile storage devices, whether or not recorded, excluding products of Chapter 37","2 038 726","1 754 925","283 801"
"","","[852352] Semiconductor media; smart cards,  whether or not recorded, excluding products of Chapter 37","5 971 317","5 186 051","785 266"
"","","[854231] Electronic integrated circuits; processors and controllers, whether or not combined with memories, converters, logic circuits, amplifiers, clock and timing circuits, or other circuits","910 326 335","769 008 420","141 317 915"
"","","[854232] Electronic integrated circuits; memories","57 141 847","43 825 649","13 316 198"
"","","[854233] Electronic integrated circuits; amplifiers","4 337 597","","4 337 597"
"","","[854239] Electronic integrated circuits; n.e.c. in heading no. 8542","420 293 524","37 845 410","382 448 115"
"","","[854290] Parts of electronic integrated circuits","57 839 618","","57 839 618"
"","Tunisia [TN]","[852351] Semiconductor media; solid-state non-volatile storage devices, whether or not recorded, excluding products of Chapter 37","19 475","19 475",""
"","","[854231] Electronic integrated circuits; processors and controllers, whether or not combined with memories, converters, logic circuits, amplifiers, clock and timing circuits, or other circuits","166 187","25 626","140 562"
"","","[854239] Electronic integrated circuits; n.e.c. in heading no. 8542","6 302 778","3 771 535","2 531 243"
"","Turkey [TR]","[847330] Machinery; parts and accessories (other than covers, carrying cases and the like) of the machines of heading no. 8471","3 426 490","3 426 490",""
"","","[852351] Semiconductor media; solid-state non-volatile storage devices, whether or not recorded, excluding products of Chapter 37","2 829 576","2 829 576",""
"","","[852352] Semiconductor media; smart cards,  whether or not recorded, excluding products of Chapter 37","161 304","98 544","62 761"
"","","[854231] Electronic integrated circuits; processors and controllers, whether or not combined with memories, converters, logic circuits, amplifiers, clock and timing circuits, or other circuits","25 262","24 578","684"
"","","[854233] Electronic integrated circuits; amplifiers","665","","665"
"","","[854239] Electronic integrated circuits; n.e.c. in heading no. 8542","87 516","56 231","31 285"
"","Uganda [UG]","[854239] Electronic integrated circuits; n.e.c. in heading no. 8542","658","658",""
"","Ukraine [UA]","[847330] Machinery; parts and accessories (other than covers, carrying cases and the like) of the machines of heading no. 8471","56 469","56 469",""
"","","[852351] Semiconductor media; solid-state non-volatile storage devices, whether or not recorded, excluding products of Chapter 37","64 587","64 587",""
"","","[854239] Electronic integrated circuits; n.e.c. in heading no. 8542","142 485","","142 485"
"","United Arab Emirates [AE]","[847330] Machinery; parts and accessories (other than covers, carrying cases and the like) of the machines of heading no. 8471","25 369 879","24 827 759","542 120"
"","","[852351] Semiconductor media; solid-state non-volatile storage devices, whether or not recorded, excluding products of Chapter 37","10 231","10 231",""
"","","[852352] Semiconductor media; smart cards,  whether or not recorded, excluding products of Chapter 37","1 331 606","8 671","1 322 935"
"","","[854231] Electronic integrated circuits; processors and controllers, whether or not combined with memories, converters, logic circuits, amplifiers, clock and timing circuits, or other circuits","29 835","","29 835"
"","","[854239] Electronic integrated circuits; n.e.c. in heading no. 8542","134 917","60 936","73 981"
"","","[854290] Parts of electronic integrated circuits","899","899",""
"","United Kingdom [GB]","[847330] Machinery; parts and accessories (other than covers, carrying cases and the like) of the machines of heading no. 8471","25 261 851","24 492 657","769 194"
"","","[852351] Semiconductor media; solid-state non-volatile storage devices, whether or not recorded, excluding products of Chapter 37","1 037 471","1 004 398","33 073"
"","","[852352] Semiconductor media; smart cards,  whether or not recorded, excluding products of Chapter 37","15 598","","15 598"
"","","[854231] Electronic integrated circuits; processors and controllers, whether or not combined with memories, converters, logic circuits, amplifiers, clock and timing circuits, or other circuits","3 675 817","3 367 618","308 199"
"","","[854232] Electronic integrated circuits; memories","79 133","75 293","3 840"
"","","[854233] Electronic integrated circuits; amplifiers","633 320","509 674","123 646"
"","","[854239] Electronic integrated circuits; n.e.c. in heading no. 8542","8 089 390","6 853 498","1 235 892"
"","","[854290] Parts of electronic integrated circuits","719 637","","719 637"
"","United states [US]","[847330] Machinery; parts and accessories (other than covers, carrying cases and the like) of the machines of heading no. 8471","4 340 246 493","4 328 885 512","11 360 981"
"","","[852351] Semiconductor media; solid-state non-volatile storage devices, whether or not recorded, excluding products of Chapter 37","382 775 249","378 701 286","4 073 963"
"","","[852352] Semiconductor media; smart cards,  whether or not recorded, excluding products of Chapter 37","6 075 017","4 783 303","1 291 714"
"","","[854231] Electronic integrated circuits; processors and controllers, whether or not combined with memories, converters, logic circuits, amplifiers, clock and timing circuits, or other circuits","5 383 905 757","825 955 253","4 557 950 504"
"","","[854232] Electronic integrated circuits; memories","11 552 222","882 795","10 669 426"
"","","[854233] Electronic integrated circuits; amplifiers","24 888 306","188 570","24 699 736"
"","","[854239] Electronic integrated circuits; n.e.c. in heading no. 8542","722 801 050","100 281 547","622 519 503"
"","","[854290] Parts of electronic integrated circuits","12 439 319","3 963 077","8 476 243"
"","Uruguay [UY]","[847330] Machinery; parts and accessories (other than covers, carrying cases and the like) of the machines of heading no. 8471","1 337 931","1 337 931",""
"","","[854239] Electronic integrated circuits; n.e.c. in heading no. 8542","5 060","5 060",""
"","Uzbekistan [UZ]","[854239] Electronic integrated circuits; n.e.c. in heading no. 8542","756","","756"